[{
  "NameContact": "Черный Сергей Григорьевич",
  "Position": ["доцент кафедры"],
  "TaughtSubjects": ["Вычислительные системы и сетевые технологии"],
  "AcademicDegree": null,
  "TeachingExperience": "несколько лет",
  "Telephone": null,
  "Email": null,
  "TgLink": null,
  "ScheduleLink":null,
  "Information": "Черный Сергей Григорьевич окончил специалитет по направлению подготовки \"Программное обеспечение автоматизированных систем\" и магистратуру по направлению \"Электроэнергетика и электротехника\". Является автором более 100 публикаций в отечественных и международных сборниках, 4 учебных пособий и 3 монографий, среди направлений исследований можно выделить БпЛА, морские роботизированные комплексы, гетерогенные системы. С.Г. Черный также является рецензентом журналов издательств IEEE, MDPI, Elsevier, Springer и членом редакционной комиссии журнала Journal of Marine Science and Engineering (Q1/Q2)."
  
}]