[
  {
    "DayOfWeek": "Понедельник",
    "StartTime": "2024-03-04T08:30:00",
    "EndTime": "2024-03-04T10:00:00",
    "WeekType": "Нижняя неделя",
    "Classroom": "У 101",
    "Group": "2105",
    "Subject": "История России",
    "InstructorName": "Добряк Инна Владимировна",
    "InstructorLink": "https://www.smtu.ru/ru/viewperson/100346/"
  },
  {
    "DayOfWeek": "Понедельник",
    "StartTime": "2024-03-04T10:10:00",
    "EndTime": "2024-03-04T11:40:00",
    "WeekType": "Обе недели",
    "Classroom": "У 107",
    "Group": "2105",
    "Subject": "Высшая математика",
    "InstructorName": "Русина Лариса Германовна",
    "InstructorLink": "https://www.smtu.ru/ru/viewperson/123501/"
  },
  {
    "DayOfWeek": "Понедельник",
    "StartTime": "2024-03-04T11:50:00",
    "EndTime": "2024-03-04T13:20:00",
    "WeekType": "Обе недели",
    "Classroom": "У 440",
    "Group": "2105",
    "Subject": "Высшая математика",
    "InstructorName": "Русина Лариса Германовна",
    "InstructorLink": "https://www.smtu.ru/ru/viewperson/123501/"
  },
  {
    "DayOfWeek": "Понедельник",
    "StartTime": "2024-03-04T14:00:00",
    "EndTime": "2024-03-04T15:30:00",
    "WeekType": "Обе недели",
    "Classroom": "У 215",
    "Group": "2105",
    "Subject": "Инженерная графика",
    "InstructorName": "Чехович Сергей Владиславович",
    "InstructorLink": "https://www.smtu.ru/ru/viewperson/101320/"
  },
  {
    "DayOfWeek": "Вторник",
    "StartTime": "2024-03-04T10:10:00",
    "EndTime": "2024-03-04T11:40:00",
    "WeekType": "Нижняя неделя",
    "Classroom": "У 115",
    "Group": "2105",
    "Subject": "Теоретическая механика",
    "InstructorName": "Бабанин Николай Викторович",
    "InstructorLink": ""
  },
  {
    "DayOfWeek": "Вторник",
    "StartTime": "2024-03-04T11:50:00",
    "EndTime": "2024-03-04T13:20:00",
    "WeekType": "Обе недели",
    "Classroom": "У 440",
    "Group": "2105",
    "Subject": "Высшая математика",
    "InstructorName": "Русина Лариса Германовна",
    "InstructorLink": "https://www.smtu.ru/ru/viewperson/123501/"
  },
  {
    "DayOfWeek": "Вторник",
    "StartTime": "2024-03-04T14:00:00",
    "EndTime": "2024-03-04T15:30:00",
    "WeekType": "Верхняя неделя",
    "Classroom": "У 211",
    "Group": "2105",
    "Subject": "Инженерная графика",
    "InstructorName": "Чехович Сергей Владиславович",
    "InstructorLink": "https://www.smtu.ru/ru/viewperson/101320/"
  },
  {
    "DayOfWeek": "Вторник",
    "StartTime": "2024-03-04T14:00:00",
    "EndTime": "2024-03-04T15:30:00",
    "WeekType": "Нижняя неделя",
    "Classroom": "У 514",
    "Group": "2105",
    "Subject": "Теоретическая механика",
    "InstructorName": "Гур-Мильнер Семен Исаакович",
    "InstructorLink": ""
  },
  {
    "DayOfWeek": "Вторник",
    "StartTime": "2024-03-04T15:40:00",
    "EndTime": "2024-03-04T17:10:00",
    "WeekType": "Нижняя неделя",
    "Classroom": "У 514",
    "Group": "2105",
    "Subject": "Теоретическая механика",
    "InstructorName": "Гур-Мильнер Семен Исаакович",
    "InstructorLink": ""
  },
  {
    "DayOfWeek": "Среда",
    "StartTime": "2024-03-04T10:10:00",
    "EndTime": "2024-03-04T11:40:00",
    "WeekType": "Обе недели",
    "Classroom": "У каф.ФВ",
    "Group": "2105",
    "Subject": "Физическая культура и спорт (элективная)",
    "InstructorName": "",
    "InstructorLink": ""
  },
  {
    "DayOfWeek": "Среда",
    "StartTime": "2024-03-04T11:50:00",
    "EndTime": "2024-03-04T13:20:00",
    "WeekType": "Обе недели",
    "Classroom": "У 161",
    "Group": "2105",
    "Subject": "Физика",
    "InstructorName": "Молчановский Василий Максимович",
    "InstructorLink": ""
  },
  {
    "DayOfWeek": "Среда",
    "StartTime": "2024-03-04T14:00:00",
    "EndTime": "2024-03-04T15:30:00",
    "WeekType": "Верхняя неделя",
    "Classroom": "У 155",
    "Group": "2105",
    "Subject": "Физика",
    "InstructorName": "Молчановский Василий Максимович",
    "InstructorLink": ""
  },
  {
    "DayOfWeek": "Среда",
    "StartTime": "2024-03-04T14:00:00",
    "EndTime": "2024-03-04T15:30:00",
    "WeekType": "Нижняя неделя",
    "Classroom": "У 320",
    "Group": "2105",
    "Subject": "Физика",
    "InstructorName": "Молчановский Василий Максимович",
    "InstructorLink": ""
  },
  {
    "DayOfWeek": "Среда",
    "StartTime": "2024-03-04T14:00:00",
    "EndTime": "2024-03-04T15:30:00",
    "WeekType": "Нижняя неделя",
    "Classroom": "У 322",
    "Group": "2105",
    "Subject": "Физика",
    "InstructorName": "Молчановский Василий Максимович",
    "InstructorLink": ""
  },
  {
    "DayOfWeek": "Четверг",
    "StartTime": "2024-03-04T08:30:00",
    "EndTime": "2024-03-04T10:00:00",
    "WeekType": "Обе недели",
    "Classroom": "А 417-1",
    "Group": "2105",
    "Subject": "Информационные технологии",
    "InstructorName": "Прокофьева Ольга Евгеньевна",
    "InstructorLink": ""
  },
  {
    "DayOfWeek": "Четверг",
    "StartTime": "2024-03-04T10:10:00",
    "EndTime": "2024-03-04T11:40:00",
    "WeekType": "Обе недели",
    "Classroom": "А 417-1",
    "Group": "2105",
    "Subject": "Информационные технологии",
    "InstructorName": "Прокофьева Ольга Евгеньевна",
    "InstructorLink": ""
  },
  {
    "DayOfWeek": "Пятница",
    "StartTime": "2024-03-04T11:50:00",
    "EndTime": "2024-03-04T13:20:00",
    "WeekType": "Обе недели",
    "Classroom": "У 103",
    "Group": "2105",
    "Subject": "Высшая математика",
    "InstructorName": "Русина Лариса Германовна",
    "InstructorLink": "https://www.smtu.ru/ru/viewperson/123501/"
  },
  {
    "DayOfWeek": "Пятница",
    "StartTime": "2024-03-04T14:00:00",
    "EndTime": "2024-03-04T15:30:00",
    "WeekType": "Обе недели",
    "Classroom": "У 101",
    "Group": "2105",
    "Subject": "Культурология",
    "InstructorName": "Добряк Инна Владимировна",
    "InstructorLink": "https://www.smtu.ru/ru/viewperson/100346/"
  },
  {
    "DayOfWeek": "Пятница",
    "StartTime": "2024-03-04T15:40:00",
    "EndTime": "2024-03-04T17:10:00",
    "WeekType": "Обе недели",
    "Classroom": "У 115",
    "Group": "2105",
    "Subject": "История России",
    "InstructorName": "Чепель Александр Иванович",
    "InstructorLink": "https://www.smtu.ru/ru/viewperson/101302/"
  },
  {
    "DayOfWeek": "Пятница",
    "StartTime": "2024-03-04T17:20:00",
    "EndTime": "2024-03-04T18:50:00",
    "WeekType": "Верхняя неделя",
    "Classroom": "У 502",
    "Group": "2105",
    "Subject": "История России",
    "InstructorName": "Чепель Александр Иванович",
    "InstructorLink": "https://www.smtu.ru/ru/viewperson/101302/"
  },
  {
    "DayOfWeek": "Суббота",
    "StartTime": "2024-03-04T08:30:00",
    "EndTime": "2024-03-04T10:00:00",
    "WeekType": "Обе недели",
    "Classroom": "У 447",
    "Group": "2105",
    "Subject": "Иностранный язык",
    "InstructorName": "Трофимова Светлана Леонидовна",
    "InstructorLink": "https://www.smtu.ru/ru/viewperson/101204/"
  },
  {
    "DayOfWeek": "Суббота",
    "StartTime": "2024-03-04T10:10:00",
    "EndTime": "2024-03-04T11:40:00",
    "WeekType": "Обе недели",
    "Classroom": "У 447",
    "Group": "2105",
    "Subject": "Иностранный язык",
    "InstructorName": "Трофимова Светлана Леонидовна",
    "InstructorLink": "https://www.smtu.ru/ru/viewperson/101204/"
  },
  {
    "DayOfWeek": "Суббота",
    "StartTime": "2024-03-04T11:50:00",
    "EndTime": "2024-03-04T13:20:00",
    "WeekType": "Обе недели",
    "Classroom": "У каф.ФВ",
    "Group": "2105",
    "Subject": "Физическая культура и спорт (элективная)",
    "InstructorName": "",
    "InstructorLink": ""
  }
]