[
  {
    "DayOfWeek": "Понедельник",
    "StartTime": "2024-03-04T08:30:00",
    "EndTime": "2024-03-04T10:00:00",
    "WeekType": "Нижняя неделя",
    "Classroom": "У 101",
    "Group": "2126",
    "Subject": "История России",
    "InstructorName": "Добряк Инна Владимировна",
    "InstructorLink": "https://www.smtu.ru/ru/viewperson/100346/"
  },
  {
    "DayOfWeek": "Понедельник",
    "StartTime": "2024-03-04T10:10:00",
    "EndTime": "2024-03-04T11:40:00",
    "WeekType": "Обе недели",
    "Classroom": "У 107",
    "Group": "2126",
    "Subject": "Высшая математика",
    "InstructorName": "Русина Лариса Германовна",
    "InstructorLink": "https://www.smtu.ru/ru/viewperson/123501/"
  },
  {
    "DayOfWeek": "Понедельник",
    "StartTime": "2024-03-04T11:50:00",
    "EndTime": "2024-03-04T13:20:00",
    "WeekType": "Обе недели",
    "Classroom": "У 211",
    "Group": "2126",
    "Subject": "Инженерная графика",
    "InstructorName": "Беляева Людмила Ивановна",
    "InstructorLink": "https://www.smtu.ru/ru/viewperson/100096/"
  },
  {
    "DayOfWeek": "Вторник",
    "StartTime": "2024-03-04T08:30:00",
    "EndTime": "2024-03-04T10:00:00",
    "WeekType": "Нижняя неделя",
    "Classroom": "У 320",
    "Group": "2126",
    "Subject": "Физика",
    "InstructorName": "Бабаев Владимир Сергеевич",
    "InstructorLink": "https://www.smtu.ru/ru/viewperson/100059/"
  },
  {
    "DayOfWeek": "Вторник",
    "StartTime": "2024-03-04T08:30:00",
    "EndTime": "2024-03-04T10:00:00",
    "WeekType": "Нижняя неделя",
    "Classroom": "У 322",
    "Group": "2126",
    "Subject": "Физика",
    "InstructorName": "Бабаев Владимир Сергеевич",
    "InstructorLink": "https://www.smtu.ru/ru/viewperson/100059/"
  },
  {
    "DayOfWeek": "Вторник",
    "StartTime": "2024-03-04T10:10:00",
    "EndTime": "2024-03-04T11:40:00",
    "WeekType": "Нижняя неделя",
    "Classroom": "У 115",
    "Group": "2126",
    "Subject": "Теоретическая механика",
    "InstructorName": "Бабанин Николай Викторович",
    "InstructorLink": ""
  },
  {
    "DayOfWeek": "Вторник",
    "StartTime": "2024-03-04T11:50:00",
    "EndTime": "2024-03-04T13:20:00",
    "WeekType": "Обе недели",
    "Classroom": "У 443",
    "Group": "2126",
    "Subject": "Теоретическая механика",
    "InstructorName": "Бабанин Николай Викторович",
    "InstructorLink": ""
  },
  {
    "DayOfWeek": "Вторник",
    "StartTime": "2024-03-04T14:00:00",
    "EndTime": "2024-03-04T15:30:00",
    "WeekType": "Обе недели",
    "Classroom": "У 440",
    "Group": "2126",
    "Subject": "Высшая математика",
    "InstructorName": "Русина Лариса Германовна",
    "InstructorLink": "https://www.smtu.ru/ru/viewperson/123501/"
  },
  {
    "DayOfWeek": "Среда",
    "StartTime": "2024-03-04T10:10:00",
    "EndTime": "2024-03-04T11:40:00",
    "WeekType": "Верхняя неделя",
    "Classroom": "У 211",
    "Group": "2126",
    "Subject": "Инженерная графика",
    "InstructorName": "Беляева Людмила Ивановна",
    "InstructorLink": "https://www.smtu.ru/ru/viewperson/100096/"
  },
  {
    "DayOfWeek": "Среда",
    "StartTime": "2024-03-04T11:50:00",
    "EndTime": "2024-03-04T13:20:00",
    "WeekType": "Обе недели",
    "Classroom": "У каф.ФВ",
    "Group": "2126",
    "Subject": "Физическая культура и спорт (элективная)",
    "InstructorName": "",
    "InstructorLink": ""
  },
  {
    "DayOfWeek": "Среда",
    "StartTime": "2024-03-04T14:00:00",
    "EndTime": "2024-03-04T15:30:00",
    "WeekType": "Обе недели",
    "Classroom": "У 105",
    "Group": "2126",
    "Subject": "Физика",
    "InstructorName": "Бабаев Владимир Сергеевич",
    "InstructorLink": "https://www.smtu.ru/ru/viewperson/100059/"
  },
  {
    "DayOfWeek": "Среда",
    "StartTime": "2024-03-04T15:40:00",
    "EndTime": "2024-03-04T17:10:00",
    "WeekType": "Верхняя неделя",
    "Classroom": "У 502",
    "Group": "2126",
    "Subject": "История России",
    "InstructorName": "Чепель Александр Иванович",
    "InstructorLink": "https://www.smtu.ru/ru/viewperson/101302/"
  },
  {
    "DayOfWeek": "Среда",
    "StartTime": "2024-03-04T15:40:00",
    "EndTime": "2024-03-04T17:10:00",
    "WeekType": "Нижняя неделя",
    "Classroom": "У 326",
    "Group": "2126",
    "Subject": "Физика",
    "InstructorName": "Бабаев Владимир Сергеевич",
    "InstructorLink": "https://www.smtu.ru/ru/viewperson/100059/"
  },
  {
    "DayOfWeek": "Четверг",
    "StartTime": "2024-03-04T08:30:00",
    "EndTime": "2024-03-04T10:00:00",
    "WeekType": "Обе недели",
    "Classroom": "У 448",
    "Group": "2126",
    "Subject": "Иностранный язык",
    "InstructorName": "Наймушин Алексей Иванович",
    "InstructorLink": "https://www.smtu.ru/ru/viewperson/105189/"
  },
  {
    "DayOfWeek": "Четверг",
    "StartTime": "2024-03-04T10:10:00",
    "EndTime": "2024-03-04T11:40:00",
    "WeekType": "Обе недели",
    "Classroom": "У 448",
    "Group": "2126",
    "Subject": "Иностранный язык",
    "InstructorName": "Наймушин Алексей Иванович",
    "InstructorLink": "https://www.smtu.ru/ru/viewperson/105189/"
  },
  {
    "DayOfWeek": "Четверг",
    "StartTime": "2024-03-04T11:50:00",
    "EndTime": "2024-03-04T13:20:00",
    "WeekType": "Обе недели",
    "Classroom": "У каф.ФВ",
    "Group": "2126",
    "Subject": "Физическая культура и спорт (элективная)",
    "InstructorName": "",
    "InstructorLink": ""
  },
  {
    "DayOfWeek": "Пятница",
    "StartTime": "2024-03-04T10:10:00",
    "EndTime": "2024-03-04T11:40:00",
    "WeekType": "Обе недели",
    "Classroom": "У 155",
    "Group": "2126",
    "Subject": "Высшая математика",
    "InstructorName": "Русина Лариса Германовна",
    "InstructorLink": "https://www.smtu.ru/ru/viewperson/123501/"
  },
  {
    "DayOfWeek": "Пятница",
    "StartTime": "2024-03-04T11:50:00",
    "EndTime": "2024-03-04T13:20:00",
    "WeekType": "Обе недели",
    "Classroom": "У 103",
    "Group": "2126",
    "Subject": "Высшая математика",
    "InstructorName": "Русина Лариса Германовна",
    "InstructorLink": "https://www.smtu.ru/ru/viewperson/123501/"
  },
  {
    "DayOfWeek": "Пятница",
    "StartTime": "2024-03-04T14:00:00",
    "EndTime": "2024-03-04T15:30:00",
    "WeekType": "Обе недели",
    "Classroom": "У 101",
    "Group": "2126",
    "Subject": "Культурология",
    "InstructorName": "Добряк Инна Владимировна",
    "InstructorLink": "https://www.smtu.ru/ru/viewperson/100346/"
  },
  {
    "DayOfWeek": "Пятница",
    "StartTime": "2024-03-04T15:40:00",
    "EndTime": "2024-03-04T17:10:00",
    "WeekType": "Обе недели",
    "Classroom": "У 115",
    "Group": "2126",
    "Subject": "История России",
    "InstructorName": "Чепель Александр Иванович",
    "InstructorLink": "https://www.smtu.ru/ru/viewperson/101302/"
  },
  {
    "DayOfWeek": "Суббота",
    "StartTime": "2024-03-04T10:10:00",
    "EndTime": "2024-03-04T11:40:00",
    "WeekType": "Обе недели",
    "Classroom": "Б 301а",
    "Group": "2126",
    "Subject": "Информационные технологии",
    "InstructorName": "Гордеев Николай Николаевич",
    "InstructorLink": ""
  },
  {
    "DayOfWeek": "Суббота",
    "StartTime": "2024-03-04T11:50:00",
    "EndTime": "2024-03-04T13:20:00",
    "WeekType": "Обе недели",
    "Classroom": "Б 301а",
    "Group": "2126",
    "Subject": "Информационные технологии",
    "InstructorName": "Гордеев Николай Николаевич",
    "InstructorLink": ""
  }
]