[
  {
    "DayOfWeek": "Понедельник",
    "StartTime": "2024-03-04T10:10:00",
    "EndTime": "2024-03-04T11:40:00",
    "WeekType": "Верхняя неделя",
    "Classroom": "У 531",
    "Group": "2141",
    "Subject": "История России",
    "InstructorName": "Прудникова Татьяна Юрьевна",
    "InstructorLink": "https://www.smtu.ru/ru/viewperson/100952/"
  },
  {
    "DayOfWeek": "Понедельник",
    "StartTime": "2024-03-04T11:50:00",
    "EndTime": "2024-03-04T13:20:00",
    "WeekType": "Обе недели",
    "Classroom": "У 105",
    "Group": "2141",
    "Subject": "История России",
    "InstructorName": "Прудникова Татьяна Юрьевна",
    "InstructorLink": "https://www.smtu.ru/ru/viewperson/100952/"
  },
  {
    "DayOfWeek": "Понедельник",
    "StartTime": "2024-03-04T14:00:00",
    "EndTime": "2024-03-04T15:30:00",
    "WeekType": "Обе недели",
    "Classroom": "У 107",
    "Group": "2141",
    "Subject": "Высшая математика",
    "InstructorName": "Ионченкова Яна Юрьевна",
    "InstructorLink": ""
  },
  {
    "DayOfWeek": "Понедельник",
    "StartTime": "2024-03-04T15:40:00",
    "EndTime": "2024-03-04T17:10:00",
    "WeekType": "Нижняя неделя",
    "Classroom": "У 440",
    "Group": "2141",
    "Subject": "Высшая математика",
    "InstructorName": "Ионченкова Яна Юрьевна",
    "InstructorLink": ""
  },
  {
    "DayOfWeek": "Вторник",
    "StartTime": "2024-03-04T08:30:00",
    "EndTime": "2024-03-04T10:00:00",
    "WeekType": "Обе недели",
    "Classroom": "А 417-1",
    "Group": "2141",
    "Subject": "Информационные технологии",
    "InstructorName": "Прокофьева Ольга Евгеньевна",
    "InstructorLink": ""
  },
  {
    "DayOfWeek": "Вторник",
    "StartTime": "2024-03-04T10:10:00",
    "EndTime": "2024-03-04T11:40:00",
    "WeekType": "Обе недели",
    "Classroom": "А 417-1",
    "Group": "2141",
    "Subject": "Информационные технологии",
    "InstructorName": "Прокофьева Ольга Евгеньевна",
    "InstructorLink": ""
  },
  {
    "DayOfWeek": "Вторник",
    "StartTime": "2024-03-04T11:50:00",
    "EndTime": "2024-03-04T13:20:00",
    "WeekType": "Обе недели",
    "Classroom": "Б 326",
    "Group": "2141",
    "Subject": "Экология",
    "InstructorName": "Алексеева Татьяна Николаевна",
    "InstructorLink": "https://www.smtu.ru/ru/viewperson/100021/"
  },
  {
    "DayOfWeek": "Вторник",
    "StartTime": "2024-03-04T14:00:00",
    "EndTime": "2024-03-04T15:30:00",
    "WeekType": "Верхняя неделя",
    "Classroom": "Б 326",
    "Group": "2141",
    "Subject": "Экология",
    "InstructorName": "Алексеева Татьяна Николаевна",
    "InstructorLink": "https://www.smtu.ru/ru/viewperson/100021/"
  },
  {
    "DayOfWeek": "Среда",
    "StartTime": "2024-03-04T10:10:00",
    "EndTime": "2024-03-04T11:40:00",
    "WeekType": "Верхняя неделя",
    "Classroom": "У 215",
    "Group": "2141",
    "Subject": "Инженерная графика",
    "InstructorName": "Замукова Татьяна Владимировна",
    "InstructorLink": "https://www.smtu.ru/ru/viewperson/100411/"
  },
  {
    "DayOfWeek": "Среда",
    "StartTime": "2024-03-04T11:50:00",
    "EndTime": "2024-03-04T13:20:00",
    "WeekType": "Обе недели",
    "Classroom": "У 215",
    "Group": "2141",
    "Subject": "Инженерная графика",
    "InstructorName": "Замукова Татьяна Владимировна",
    "InstructorLink": "https://www.smtu.ru/ru/viewperson/100411/"
  },
  {
    "DayOfWeek": "Среда",
    "StartTime": "2024-03-04T14:00:00",
    "EndTime": "2024-03-04T15:30:00",
    "WeekType": "Обе недели",
    "Classroom": "У 447",
    "Group": "2141",
    "Subject": "Иностранный язык",
    "InstructorName": "Силина Екатерина Кузьминична",
    "InstructorLink": "https://www.smtu.ru/ru/viewperson/101075/"
  },
  {
    "DayOfWeek": "Среда",
    "StartTime": "2024-03-04T15:40:00",
    "EndTime": "2024-03-04T17:10:00",
    "WeekType": "Обе недели",
    "Classroom": "У каф.ФВ",
    "Group": "2141",
    "Subject": "Физическая культура и спорт (элективная)",
    "InstructorName": "",
    "InstructorLink": ""
  },
  {
    "DayOfWeek": "Четверг",
    "StartTime": "2024-03-04T10:10:00",
    "EndTime": "2024-03-04T11:40:00",
    "WeekType": "Нижняя неделя",
    "Classroom": "У 105",
    "Group": "2141",
    "Subject": "Высшая математика",
    "InstructorName": "Ионченкова Яна Юрьевна",
    "InstructorLink": ""
  },
  {
    "DayOfWeek": "Четверг",
    "StartTime": "2024-03-04T11:50:00",
    "EndTime": "2024-03-04T13:20:00",
    "WeekType": "Верхняя неделя",
    "Classroom": "У 304",
    "Group": "2141",
    "Subject": "Физика",
    "InstructorName": "Клюбин Владимир Владимирович",
    "InstructorLink": "https://www.smtu.ru/ru/viewperson/100526/"
  },
  {
    "DayOfWeek": "Четверг",
    "StartTime": "2024-03-04T11:50:00",
    "EndTime": "2024-03-04T13:20:00",
    "WeekType": "Нижняя неделя",
    "Classroom": "У 320",
    "Group": "2141",
    "Subject": "Физика",
    "InstructorName": "Клюбин Владимир Владимирович",
    "InstructorLink": "https://www.smtu.ru/ru/viewperson/100526/"
  },
  {
    "DayOfWeek": "Четверг",
    "StartTime": "2024-03-04T11:50:00",
    "EndTime": "2024-03-04T13:20:00",
    "WeekType": "Нижняя неделя",
    "Classroom": "У 322",
    "Group": "2141",
    "Subject": "Физика",
    "InstructorName": "Клюбин Владимир Владимирович",
    "InstructorLink": "https://www.smtu.ru/ru/viewperson/100526/"
  },
  {
    "DayOfWeek": "Четверг",
    "StartTime": "2024-03-04T14:00:00",
    "EndTime": "2024-03-04T15:30:00",
    "WeekType": "Обе недели",
    "Classroom": "У 105",
    "Group": "2141",
    "Subject": "Физика",
    "InstructorName": "Клюбин Владимир Владимирович",
    "InstructorLink": "https://www.smtu.ru/ru/viewperson/100526/"
  },
  {
    "DayOfWeek": "Четверг",
    "StartTime": "2024-03-04T15:40:00",
    "EndTime": "2024-03-04T17:10:00",
    "WeekType": "Обе недели",
    "Classroom": "У 452",
    "Group": "2141",
    "Subject": "Иностранный язык",
    "InstructorName": "Силина Екатерина Кузьминична",
    "InstructorLink": "https://www.smtu.ru/ru/viewperson/101075/"
  },
  {
    "DayOfWeek": "Пятница",
    "StartTime": "2024-03-04T10:10:00",
    "EndTime": "2024-03-04T11:40:00",
    "WeekType": "Обе недели",
    "Classroom": "У каф.ФВ",
    "Group": "2141",
    "Subject": "Физическая культура и спорт (элективная)",
    "InstructorName": "",
    "InstructorLink": ""
  },
  {
    "DayOfWeek": "Пятница",
    "StartTime": "2024-03-04T11:50:00",
    "EndTime": "2024-03-04T13:20:00",
    "WeekType": "Верхняя неделя",
    "Classroom": "У 167",
    "Group": "2141",
    "Subject": "Теоретическая механика",
    "InstructorName": "Гаврильева Татьяна Федоровна",
    "InstructorLink": "https://www.smtu.ru/ru/viewperson/122678/"
  },
  {
    "DayOfWeek": "Пятница",
    "StartTime": "2024-03-04T11:50:00",
    "EndTime": "2024-03-04T13:20:00",
    "WeekType": "Нижняя неделя",
    "Classroom": "У 101",
    "Group": "2141",
    "Subject": "История России",
    "InstructorName": "Добряк Инна Владимировна",
    "InstructorLink": "https://www.smtu.ru/ru/viewperson/100346/"
  },
  {
    "DayOfWeek": "Пятница",
    "StartTime": "2024-03-04T14:00:00",
    "EndTime": "2024-03-04T15:30:00",
    "WeekType": "Обе недели",
    "Classroom": "У 155",
    "Group": "2141",
    "Subject": "Теоретическая механика",
    "InstructorName": "Гаврильева Татьяна Федоровна",
    "InstructorLink": "https://www.smtu.ru/ru/viewperson/122678/"
  },
  {
    "DayOfWeek": "Пятница",
    "StartTime": "2024-03-04T15:40:00",
    "EndTime": "2024-03-04T17:10:00",
    "WeekType": "Обе недели",
    "Classroom": "У 451",
    "Group": "2141",
    "Subject": "Высшая математика",
    "InstructorName": "Ионченкова Яна Юрьевна",
    "InstructorLink": ""
  }
]