[
  {
    "DayOfWeek": "Вторник",
    "StartTime": "2024-03-04T14:00:00",
    "EndTime": "2024-03-04T15:30:00",
    "WeekType": "Верхняя неделя",
    "Classroom": "А 413",
    "Group": "2161",
    "Subject": "Мониторинг технического состояния объектов морской техники",
    "InstructorName": "Хруцкий Олег Валентинович",
    "InstructorLink": "https://www.smtu.ru/ru/viewperson/101286/"
  },
  {
    "DayOfWeek": "Вторник",
    "StartTime": "2024-03-04T14:00:00",
    "EndTime": "2024-03-04T15:30:00",
    "WeekType": "Нижняя неделя",
    "Classroom": "А 413",
    "Group": "2161",
    "Subject": "Мониторинг технического состояния объектов морской техники",
    "InstructorName": "Хруцкий Олег Валентинович",
    "InstructorLink": "https://www.smtu.ru/ru/viewperson/101286/"
  },
  {
    "DayOfWeek": "Вторник",
    "StartTime": "2024-03-04T15:40:00",
    "EndTime": "2024-03-04T17:10:00",
    "WeekType": "Верхняя неделя",
    "Classroom": "А 435",
    "Group": "2161",
    "Subject": "Цифровые системы управления",
    "InstructorName": "Поляков Константин Юрьевич",
    "InstructorLink": "https://www.smtu.ru/ru/viewperson/100927/"
  },
  {
    "DayOfWeek": "Вторник",
    "StartTime": "2024-03-04T15:40:00",
    "EndTime": "2024-03-04T17:10:00",
    "WeekType": "Нижняя неделя",
    "Classroom": "А 414",
    "Group": "2161",
    "Subject": "Мониторинг технического состояния объектов морской техники",
    "InstructorName": "Хруцкий Олег Валентинович",
    "InstructorLink": "https://www.smtu.ru/ru/viewperson/101286/"
  },
  {
    "DayOfWeek": "Вторник",
    "StartTime": "2024-03-04T17:20:00",
    "EndTime": "2024-03-04T18:50:00",
    "WeekType": "Обе недели",
    "Classroom": "А 517",
    "Group": "2161",
    "Subject": "Цифровые системы управления",
    "InstructorName": "Поляков Константин Юрьевич",
    "InstructorLink": "https://www.smtu.ru/ru/viewperson/100927/"
  },
  {
    "DayOfWeek": "Вторник",
    "StartTime": "2024-03-04T19:00:00",
    "EndTime": "2024-03-04T20:30:00",
    "WeekType": "Нижняя неделя",
    "Classroom": "А 517",
    "Group": "2161",
    "Subject": "Исследовательское проектирование морских интегрированных систем управления в защищенном исполнении",
    "InstructorName": "Алексеев Анатолий Владимирович",
    "InstructorLink": "https://www.smtu.ru/ru/viewperson/100015/"
  },
  {
    "DayOfWeek": "Среда",
    "StartTime": "2024-03-04T15:40:00",
    "EndTime": "2024-03-04T17:10:00",
    "WeekType": "Обе недели",
    "Classroom": "А 414",
    "Group": "2161",
    "Subject": "Информационные технологии в жизненном цикле морской техники",
    "InstructorName": "Алексеев Анатолий Владимирович",
    "InstructorLink": "https://www.smtu.ru/ru/viewperson/100015/"
  },
  {
    "DayOfWeek": "Среда",
    "StartTime": "2024-03-04T17:20:00",
    "EndTime": "2024-03-04T18:50:00",
    "WeekType": "Верхняя неделя",
    "Classroom": "А 407",
    "Group": "2161",
    "Subject": "Информационные технологии в жизненном цикле морской техники",
    "InstructorName": "Алексеев Анатолий Владимирович",
    "InstructorLink": "https://www.smtu.ru/ru/viewperson/100015/"
  },
  {
    "DayOfWeek": "Среда",
    "StartTime": "2024-03-04T17:20:00",
    "EndTime": "2024-03-04T18:50:00",
    "WeekType": "Нижняя неделя",
    "Classroom": "А 414",
    "Group": "2161",
    "Subject": "Исследовательское проектирование морских интегрированных систем управления в защищенном исполнении",
    "InstructorName": "Алексеев Анатолий Владимирович",
    "InstructorLink": "https://www.smtu.ru/ru/viewperson/100015/"
  },
  {
    "DayOfWeek": "Четверг",
    "StartTime": "2024-03-04T15:40:00",
    "EndTime": "2024-03-04T17:10:00",
    "WeekType": "Верхняя неделя",
    "Classroom": "У 409",
    "Group": "2161",
    "Subject": "Иностранный язык в профессиональной деятельности",
    "InstructorName": "Серова Людмила Павловна",
    "InstructorLink": "https://www.smtu.ru/ru/viewperson/101067/"
  },
  {
    "DayOfWeek": "Четверг",
    "StartTime": "2024-03-04T15:40:00",
    "EndTime": "2024-03-04T17:10:00",
    "WeekType": "Нижняя неделя",
    "Classroom": "У 103",
    "Group": "2161",
    "Subject": "Философские проблемы науки и техники",
    "InstructorName": "Назиров Анатолий Эзелевич",
    "InstructorLink": "https://www.smtu.ru/ru/viewperson/100796/"
  },
  {
    "DayOfWeek": "Четверг",
    "StartTime": "2024-03-04T17:20:00",
    "EndTime": "2024-03-04T18:50:00",
    "WeekType": "Верхняя неделя",
    "Classroom": "У 154",
    "Group": "2161",
    "Subject": "Философские проблемы науки и техники",
    "InstructorName": "Назиров Анатолий Эзелевич",
    "InstructorLink": "https://www.smtu.ru/ru/viewperson/100796/"
  },
  {
    "DayOfWeek": "Пятница",
    "StartTime": "2024-03-04T14:00:00",
    "EndTime": "2024-03-04T15:30:00",
    "WeekType": "Нижняя неделя",
    "Classroom": "А 413",
    "Group": "2161",
    "Subject": "Системы искусственного интеллекта. Дополнительные главы",
    "InstructorName": "Пшеничная Клавдия Викторовна",
    "InstructorLink": ""
  },
  {
    "DayOfWeek": "Пятница",
    "StartTime": "2024-03-04T15:40:00",
    "EndTime": "2024-03-04T17:10:00",
    "WeekType": "Верхняя неделя",
    "Classroom": "А 517",
    "Group": "2161",
    "Subject": "Моделирование и исследование непрерывных автоматизированных систем",
    "InstructorName": "Богданов Дмитрий Сергеевич",
    "InstructorLink": "https://www.smtu.ru/ru/viewperson/115856/"
  },
  {
    "DayOfWeek": "Пятница",
    "StartTime": "2024-03-04T15:40:00",
    "EndTime": "2024-03-04T17:10:00",
    "WeekType": "Нижняя неделя",
    "Classroom": "А 413",
    "Group": "2161",
    "Subject": "Системы искусственного интеллекта. Дополнительные главы",
    "InstructorName": "Пшеничная Клавдия Викторовна",
    "InstructorLink": ""
  },
  {
    "DayOfWeek": "Пятница",
    "StartTime": "2024-03-04T17:20:00",
    "EndTime": "2024-03-04T18:50:00",
    "WeekType": "Верхняя неделя",
    "Classroom": "А 517",
    "Group": "2161",
    "Subject": "Моделирование и исследование непрерывных автоматизированных систем",
    "InstructorName": "Богданов Дмитрий Сергеевич",
    "InstructorLink": "https://www.smtu.ru/ru/viewperson/115856/"
  },
  {
    "DayOfWeek": "Пятница",
    "StartTime": "2024-03-04T19:00:00",
    "EndTime": "2024-03-04T20:30:00",
    "WeekType": "Верхняя неделя",
    "Classroom": "А 517",
    "Group": "2161",
    "Subject": "Моделирование и исследование непрерывных автоматизированных систем",
    "InstructorName": "Богданов Дмитрий Сергеевич",
    "InstructorLink": "https://www.smtu.ru/ru/viewperson/115856/"
  }
]