[
  {
    "DayOfWeek": "Понедельник",
    "StartTime": "2024-03-04T15:40:00",
    "EndTime": "2024-03-04T17:10:00",
    "WeekType": "Обе недели",
    "Classroom": "А 319",
    "Group": "2162",
    "Subject": "Методы анализа и моделирования электроэнергетических цепей и систем",
    "InstructorName": "Герман-Галкин Сергей Германович",
    "InstructorLink": "https://www.smtu.ru/ru/viewperson/123127/"
  },
  {
    "DayOfWeek": "Понедельник",
    "StartTime": "2024-03-04T17:20:00",
    "EndTime": "2024-03-04T18:50:00",
    "WeekType": "Верхняя неделя",
    "Classroom": "А 319",
    "Group": "2162",
    "Subject": "Методы анализа и моделирования электроэнергетических цепей и систем",
    "InstructorName": "Герман-Галкин Сергей Германович",
    "InstructorLink": "https://www.smtu.ru/ru/viewperson/123127/"
  },
  {
    "DayOfWeek": "Понедельник",
    "StartTime": "2024-03-04T17:20:00",
    "EndTime": "2024-03-04T18:50:00",
    "WeekType": "Нижняя неделя",
    "Classroom": "А 319",
    "Group": "2162",
    "Subject": "Прикладная электротехника",
    "InstructorName": "Дмитриев Борис Федорович",
    "InstructorLink": "https://www.smtu.ru/ru/viewperson/100337/"
  },
  {
    "DayOfWeek": "Понедельник",
    "StartTime": "2024-03-04T19:00:00",
    "EndTime": "2024-03-04T20:30:00",
    "WeekType": "Нижняя неделя",
    "Classroom": "А 319",
    "Group": "2162",
    "Subject": "Прикладная электротехника",
    "InstructorName": "Дмитриев Борис Федорович",
    "InstructorLink": "https://www.smtu.ru/ru/viewperson/100337/"
  },
  {
    "DayOfWeek": "Среда",
    "StartTime": "2024-03-04T15:40:00",
    "EndTime": "2024-03-04T17:10:00",
    "WeekType": "Обе недели",
    "Classroom": "А 414",
    "Group": "2162",
    "Subject": "Информационные технологии в жизненном цикле морской техники",
    "InstructorName": "Алексеев Анатолий Владимирович",
    "InstructorLink": "https://www.smtu.ru/ru/viewperson/100015/"
  },
  {
    "DayOfWeek": "Среда",
    "StartTime": "2024-03-04T17:20:00",
    "EndTime": "2024-03-04T18:50:00",
    "WeekType": "Верхняя неделя",
    "Classroom": "А 407",
    "Group": "2162",
    "Subject": "Информационные технологии в жизненном цикле морской техники",
    "InstructorName": "Алексеев Анатолий Владимирович",
    "InstructorLink": "https://www.smtu.ru/ru/viewperson/100015/"
  },
  {
    "DayOfWeek": "Среда",
    "StartTime": "2024-03-04T17:20:00",
    "EndTime": "2024-03-04T18:50:00",
    "WeekType": "Нижняя неделя",
    "Classroom": "А 319",
    "Group": "2162",
    "Subject": "Управление качеством продукции",
    "InstructorName": "Воршевский Петр Александрович",
    "InstructorLink": "https://www.smtu.ru/ru/viewperson/100240/"
  },
  {
    "DayOfWeek": "Среда",
    "StartTime": "2024-03-04T19:00:00",
    "EndTime": "2024-03-04T20:30:00",
    "WeekType": "Нижняя неделя",
    "Classroom": "А 318",
    "Group": "2162",
    "Subject": "Управление качеством продукции",
    "InstructorName": "Воршевский Петр Александрович",
    "InstructorLink": "https://www.smtu.ru/ru/viewperson/100240/"
  },
  {
    "DayOfWeek": "Четверг",
    "StartTime": "2024-03-04T15:40:00",
    "EndTime": "2024-03-04T17:10:00",
    "WeekType": "Верхняя неделя",
    "Classroom": "У 408",
    "Group": "2162",
    "Subject": "Иностранный язык в профессиональной деятельности",
    "InstructorName": "Ковалев Андрей Петрович",
    "InstructorLink": "https://www.smtu.ru/ru/viewperson/122808/"
  },
  {
    "DayOfWeek": "Четверг",
    "StartTime": "2024-03-04T15:40:00",
    "EndTime": "2024-03-04T17:10:00",
    "WeekType": "Нижняя неделя",
    "Classroom": "У 103",
    "Group": "2162",
    "Subject": "Философские проблемы науки и техники",
    "InstructorName": "Назиров Анатолий Эзелевич",
    "InstructorLink": "https://www.smtu.ru/ru/viewperson/100796/"
  },
  {
    "DayOfWeek": "Четверг",
    "StartTime": "2024-03-04T17:20:00",
    "EndTime": "2024-03-04T18:50:00",
    "WeekType": "Верхняя неделя",
    "Classroom": "У 154",
    "Group": "2162",
    "Subject": "Философские проблемы науки и техники",
    "InstructorName": "Назиров Анатолий Эзелевич",
    "InstructorLink": "https://www.smtu.ru/ru/viewperson/100796/"
  },
  {
    "DayOfWeek": "Пятница",
    "StartTime": "2024-03-04T15:40:00",
    "EndTime": "2024-03-04T17:10:00",
    "WeekType": "Обе недели",
    "Classroom": "А 319",
    "Group": "2162",
    "Subject": "Системы управления электрическими машинами",
    "InstructorName": "Саввин Вячеслав Иванович",
    "InstructorLink": ""
  },
  {
    "DayOfWeek": "Пятница",
    "StartTime": "2024-03-04T17:20:00",
    "EndTime": "2024-03-04T18:50:00",
    "WeekType": "Верхняя неделя",
    "Classroom": "А 319",
    "Group": "2162",
    "Subject": "Системы управления электрическими машинами",
    "InstructorName": "Саввин Вячеслав Иванович",
    "InstructorLink": ""
  },
  {
    "DayOfWeek": "Пятница",
    "StartTime": "2024-03-04T17:20:00",
    "EndTime": "2024-03-04T18:50:00",
    "WeekType": "Нижняя неделя",
    "Classroom": "А 319",
    "Group": "2162",
    "Subject": "Проектирование преобразователей электроэнергии",
    "InstructorName": "Саввин Вячеслав Иванович",
    "InstructorLink": ""
  },
  {
    "DayOfWeek": "Пятница",
    "StartTime": "2024-03-04T19:00:00",
    "EndTime": "2024-03-04T20:30:00",
    "WeekType": "Обе недели",
    "Classroom": "А 319",
    "Group": "2162",
    "Subject": "Проектирование преобразователей электроэнергии",
    "InstructorName": "Саввин Вячеслав Иванович",
    "InstructorLink": ""
  }
]