[
  {
    "DayOfWeek": "Понедельник",
    "StartTime": "2024-03-04T15:40:00",
    "EndTime": "2024-03-04T17:10:00",
    "WeekType": "Обе недели",
    "Classroom": "А Акаф",
    "Group": "2163",
    "Subject": "Проектирование ядерных паропроизводящих агрегатов для объектов морской техники",
    "InstructorName": "Кудинович Игорь Владиславович",
    "InstructorLink": ""
  },
  {
    "DayOfWeek": "Понедельник",
    "StartTime": "2024-03-04T17:20:00",
    "EndTime": "2024-03-04T18:50:00",
    "WeekType": "Обе недели",
    "Classroom": "А Акаф",
    "Group": "2163",
    "Subject": "Проектирование ядерных паропроизводящих агрегатов для объектов морской техники",
    "InstructorName": "Кудинович Игорь Владиславович",
    "InstructorLink": ""
  },
  {
    "DayOfWeek": "Вторник",
    "StartTime": "2024-03-04T08:30:00",
    "EndTime": "2024-03-04T10:00:00",
    "WeekType": "Обе недели",
    "Classroom": "А ВУЦ",
    "Group": "2163",
    "Subject": "Военная подготовка (офицеры запаса)",
    "InstructorName": "",
    "InstructorLink": ""
  },
  {
    "DayOfWeek": "Вторник",
    "StartTime": "2024-03-04T10:10:00",
    "EndTime": "2024-03-04T11:40:00",
    "WeekType": "Обе недели",
    "Classroom": "А ВУЦ",
    "Group": "2163",
    "Subject": "Военная подготовка (офицеры запаса)",
    "InstructorName": "",
    "InstructorLink": ""
  },
  {
    "DayOfWeek": "Вторник",
    "StartTime": "2024-03-04T11:50:00",
    "EndTime": "2024-03-04T13:20:00",
    "WeekType": "Обе недели",
    "Classroom": "А ВУЦ",
    "Group": "2163",
    "Subject": "Военная подготовка (офицеры запаса)",
    "InstructorName": "",
    "InstructorLink": ""
  },
  {
    "DayOfWeek": "Среда",
    "StartTime": "2024-03-04T15:40:00",
    "EndTime": "2024-03-04T17:10:00",
    "WeekType": "Верхняя неделя",
    "Classroom": "А 417-3",
    "Group": "2163",
    "Subject": "Основы гидродинамики",
    "InstructorName": "Кожемякин Вячеслав Вячеславович",
    "InstructorLink": ""
  },
  {
    "DayOfWeek": "Среда",
    "StartTime": "2024-03-04T15:40:00",
    "EndTime": "2024-03-04T17:10:00",
    "WeekType": "Нижняя неделя",
    "Classroom": "А 308",
    "Group": "2163",
    "Subject": "Утилизационные парогенераторы",
    "InstructorName": "Проценко Геннадий Васильевич",
    "InstructorLink": ""
  },
  {
    "DayOfWeek": "Среда",
    "StartTime": "2024-03-04T17:20:00",
    "EndTime": "2024-03-04T18:50:00",
    "WeekType": "Верхняя неделя",
    "Classroom": "А 417-3",
    "Group": "2163",
    "Subject": "Основы гидродинамики",
    "InstructorName": "Кожемякин Вячеслав Вячеславович",
    "InstructorLink": ""
  },
  {
    "DayOfWeek": "Среда",
    "StartTime": "2024-03-04T17:20:00",
    "EndTime": "2024-03-04T18:50:00",
    "WeekType": "Нижняя неделя",
    "Classroom": "А 308",
    "Group": "2163",
    "Subject": "Утилизационные парогенераторы",
    "InstructorName": "Проценко Геннадий Васильевич",
    "InstructorLink": ""
  },
  {
    "DayOfWeek": "Среда",
    "StartTime": "2024-03-04T19:00:00",
    "EndTime": "2024-03-04T20:30:00",
    "WeekType": "Нижняя неделя",
    "Classroom": "Б 301б",
    "Group": "2163",
    "Subject": "Информационные технологии в жизненном цикле морской техники",
    "InstructorName": "Галиев Ильдар Ринатович",
    "InstructorLink": ""
  },
  {
    "DayOfWeek": "Четверг",
    "StartTime": "2024-03-04T15:40:00",
    "EndTime": "2024-03-04T17:10:00",
    "WeekType": "Верхняя неделя",
    "Classroom": "Б 101",
    "Group": "2163",
    "Subject": "Информационные технологии в жизненном цикле морской техники",
    "InstructorName": "Галиев Ильдар Ринатович",
    "InstructorLink": ""
  },
  {
    "DayOfWeek": "Четверг",
    "StartTime": "2024-03-04T15:40:00",
    "EndTime": "2024-03-04T17:10:00",
    "WeekType": "Нижняя неделя",
    "Classroom": "У 103",
    "Group": "2163",
    "Subject": "Философские проблемы науки и техники",
    "InstructorName": "Назиров Анатолий Эзелевич",
    "InstructorLink": "https://www.smtu.ru/ru/viewperson/100796/"
  },
  {
    "DayOfWeek": "Четверг",
    "StartTime": "2024-03-04T17:20:00",
    "EndTime": "2024-03-04T18:50:00",
    "WeekType": "Верхняя неделя",
    "Classroom": "Б 301б",
    "Group": "2163",
    "Subject": "Информационные технологии в жизненном цикле морской техники",
    "InstructorName": "Галиев Ильдар Ринатович",
    "InstructorLink": ""
  },
  {
    "DayOfWeek": "Четверг",
    "StartTime": "2024-03-04T17:20:00",
    "EndTime": "2024-03-04T18:50:00",
    "WeekType": "Нижняя неделя",
    "Classroom": "У 154",
    "Group": "2163",
    "Subject": "Философские проблемы науки и техники",
    "InstructorName": "Назиров Анатолий Эзелевич",
    "InstructorLink": "https://www.smtu.ru/ru/viewperson/100796/"
  },
  {
    "DayOfWeek": "Четверг",
    "StartTime": "2024-03-04T19:00:00",
    "EndTime": "2024-03-04T20:30:00",
    "WeekType": "Нижняя неделя",
    "Classroom": "У 446",
    "Group": "2163",
    "Subject": "Иностранный язык в профессиональной деятельности",
    "InstructorName": "Трофимова Светлана Леонидовна",
    "InstructorLink": "https://www.smtu.ru/ru/viewperson/101204/"
  }
]