[
  {
    "DayOfWeek": "Понедельник",
    "StartTime": "2024-03-04T14:00:00",
    "EndTime": "2024-03-04T15:30:00",
    "WeekType": "Обе недели",
    "Classroom": "А 340",
    "Group": "2166",
    "Subject": "Автоматизированное проектирование поршневых машин и установок",
    "InstructorName": "Гурьянов Михаил Александрович",
    "InstructorLink": ""
  },
  {
    "DayOfWeek": "Понедельник",
    "StartTime": "2024-03-04T15:40:00",
    "EndTime": "2024-03-04T17:10:00",
    "WeekType": "Верхняя неделя",
    "Classroom": "А 340",
    "Group": "2166",
    "Subject": "Обеспечение надежности энергетических установок",
    "InstructorName": "Минасян Минас Арменакович",
    "InstructorLink": "https://www.smtu.ru/ru/viewperson/100754/"
  },
  {
    "DayOfWeek": "Понедельник",
    "StartTime": "2024-03-04T15:40:00",
    "EndTime": "2024-03-04T17:10:00",
    "WeekType": "Нижняя неделя",
    "Classroom": "А 340",
    "Group": "2166",
    "Subject": "Консультация",
    "InstructorName": "Минасян Минас Арменакович",
    "InstructorLink": "https://www.smtu.ru/ru/viewperson/100754/"
  },
  {
    "DayOfWeek": "Вторник",
    "StartTime": "2024-03-04T08:30:00",
    "EndTime": "2024-03-04T10:00:00",
    "WeekType": "Обе недели",
    "Classroom": "А ВУЦ",
    "Group": "2166",
    "Subject": "Военная подготовка (офицеры запаса)",
    "InstructorName": "",
    "InstructorLink": ""
  },
  {
    "DayOfWeek": "Вторник",
    "StartTime": "2024-03-04T10:10:00",
    "EndTime": "2024-03-04T11:40:00",
    "WeekType": "Обе недели",
    "Classroom": "А ВУЦ",
    "Group": "2166",
    "Subject": "Военная подготовка (офицеры запаса)",
    "InstructorName": "",
    "InstructorLink": ""
  },
  {
    "DayOfWeek": "Вторник",
    "StartTime": "2024-03-04T11:50:00",
    "EndTime": "2024-03-04T13:20:00",
    "WeekType": "Обе недели",
    "Classroom": "А ВУЦ",
    "Group": "2166",
    "Subject": "Военная подготовка (офицеры запаса)",
    "InstructorName": "",
    "InstructorLink": ""
  },
  {
    "DayOfWeek": "Среда",
    "StartTime": "2024-03-04T19:00:00",
    "EndTime": "2024-03-04T20:30:00",
    "WeekType": "Нижняя неделя",
    "Classroom": "Б 301б",
    "Group": "2166",
    "Subject": "Информационные технологии в жизненном цикле морской техники",
    "InstructorName": "Галиев Ильдар Ринатович",
    "InstructorLink": ""
  },
  {
    "DayOfWeek": "Среда",
    "StartTime": "2024-03-04T20:40:00",
    "EndTime": "2024-03-04T22:10:00",
    "WeekType": "Нижняя неделя",
    "Classroom": "А 458",
    "Group": "2166",
    "Subject": "Моделирование процессов создания и эксплуатации морской техники",
    "InstructorName": "Галиев Ильдар Ринатович",
    "InstructorLink": ""
  },
  {
    "DayOfWeek": "Четверг",
    "StartTime": "2024-03-04T15:40:00",
    "EndTime": "2024-03-04T17:10:00",
    "WeekType": "Верхняя неделя",
    "Classroom": "Б 101",
    "Group": "2166",
    "Subject": "Информационные технологии в жизненном цикле морской техники",
    "InstructorName": "Галиев Ильдар Ринатович",
    "InstructorLink": ""
  },
  {
    "DayOfWeek": "Четверг",
    "StartTime": "2024-03-04T15:40:00",
    "EndTime": "2024-03-04T17:10:00",
    "WeekType": "Нижняя неделя",
    "Classroom": "У 103",
    "Group": "2166",
    "Subject": "Философские проблемы науки и техники",
    "InstructorName": "Назиров Анатолий Эзелевич",
    "InstructorLink": "https://www.smtu.ru/ru/viewperson/100796/"
  },
  {
    "DayOfWeek": "Четверг",
    "StartTime": "2024-03-04T17:20:00",
    "EndTime": "2024-03-04T18:50:00",
    "WeekType": "Верхняя неделя",
    "Classroom": "Б 301б",
    "Group": "2166",
    "Subject": "Информационные технологии в жизненном цикле морской техники",
    "InstructorName": "Галиев Ильдар Ринатович",
    "InstructorLink": ""
  },
  {
    "DayOfWeek": "Четверг",
    "StartTime": "2024-03-04T17:20:00",
    "EndTime": "2024-03-04T18:50:00",
    "WeekType": "Нижняя неделя",
    "Classroom": "У 446",
    "Group": "2166",
    "Subject": "Иностранный язык в профессиональной деятельности",
    "InstructorName": "Трофимова Светлана Леонидовна",
    "InstructorLink": "https://www.smtu.ru/ru/viewperson/101204/"
  },
  {
    "DayOfWeek": "Четверг",
    "StartTime": "2024-03-04T19:00:00",
    "EndTime": "2024-03-04T20:30:00",
    "WeekType": "Нижняя неделя",
    "Classroom": "У 154",
    "Group": "2166",
    "Subject": "Философские проблемы науки и техники",
    "InstructorName": "Назиров Анатолий Эзелевич",
    "InstructorLink": "https://www.smtu.ru/ru/viewperson/100796/"
  }
]