[
  {
    "DayOfWeek": "Понедельник",
    "StartTime": "2024-03-04T17:20:00",
    "EndTime": "2024-03-04T18:50:00",
    "WeekType": "Верхняя неделя",
    "Classroom": "А 338",
    "Group": "2169",
    "Subject": "Теплообмен в турбомашинах",
    "InstructorName": "Безухов Андрей Павлович",
    "InstructorLink": "https://www.smtu.ru/ru/viewperson/100085/"
  },
  {
    "DayOfWeek": "Понедельник",
    "StartTime": "2024-03-04T17:20:00",
    "EndTime": "2024-03-04T18:50:00",
    "WeekType": "Нижняя неделя",
    "Classroom": "А 338",
    "Group": "2169",
    "Subject": "Теплообмен в турбомашинах",
    "InstructorName": "Безухов Андрей Павлович",
    "InstructorLink": "https://www.smtu.ru/ru/viewperson/100085/"
  },
  {
    "DayOfWeek": "Понедельник",
    "StartTime": "2024-03-04T19:00:00",
    "EndTime": "2024-03-04T20:30:00",
    "WeekType": "Нижняя неделя",
    "Classroom": "А 338",
    "Group": "2169",
    "Subject": "Теплообмен в турбомашинах",
    "InstructorName": "Безухов Андрей Павлович",
    "InstructorLink": "https://www.smtu.ru/ru/viewperson/100085/"
  },
  {
    "DayOfWeek": "Четверг",
    "StartTime": "2024-03-04T15:40:00",
    "EndTime": "2024-03-04T17:10:00",
    "WeekType": "Верхняя неделя",
    "Classroom": "У 154",
    "Group": "2169",
    "Subject": "Философские проблемы науки и техники",
    "InstructorName": "Назиров Анатолий Эзелевич",
    "InstructorLink": "https://www.smtu.ru/ru/viewperson/100796/"
  },
  {
    "DayOfWeek": "Четверг",
    "StartTime": "2024-03-04T15:40:00",
    "EndTime": "2024-03-04T17:10:00",
    "WeekType": "Нижняя неделя",
    "Classroom": "У 103",
    "Group": "2169",
    "Subject": "Философские проблемы науки и техники",
    "InstructorName": "Назиров Анатолий Эзелевич",
    "InstructorLink": "https://www.smtu.ru/ru/viewperson/100796/"
  },
  {
    "DayOfWeek": "Четверг",
    "StartTime": "2024-03-04T17:20:00",
    "EndTime": "2024-03-04T18:50:00",
    "WeekType": "Верхняя неделя",
    "Classroom": "У 447",
    "Group": "2169",
    "Subject": "Иностранный язык в профессиональной деятельности",
    "InstructorName": "Ковалев Андрей Петрович",
    "InstructorLink": "https://www.smtu.ru/ru/viewperson/122808/"
  },
  {
    "DayOfWeek": "Пятница",
    "StartTime": "2024-03-04T15:40:00",
    "EndTime": "2024-03-04T17:10:00",
    "WeekType": "Верхняя неделя",
    "Classroom": "А 458",
    "Group": "2169",
    "Subject": "Автоматизированное проектирование лопаточных машин и установок",
    "InstructorName": "Погодин Юрий Михайлович",
    "InstructorLink": ""
  },
  {
    "DayOfWeek": "Пятница",
    "StartTime": "2024-03-04T15:40:00",
    "EndTime": "2024-03-04T17:10:00",
    "WeekType": "Нижняя неделя",
    "Classroom": "А 458",
    "Group": "2169",
    "Subject": "Автоматизированное проектирование лопаточных машин и установок",
    "InstructorName": "Погодин Юрий Михайлович",
    "InstructorLink": ""
  },
  {
    "DayOfWeek": "Пятница",
    "StartTime": "2024-03-04T17:20:00",
    "EndTime": "2024-03-04T18:50:00",
    "WeekType": "Обе недели",
    "Classroom": "А 458",
    "Group": "2169",
    "Subject": "Автоматизированное проектирование лопаточных машин и установок",
    "InstructorName": "Погодин Юрий Михайлович",
    "InstructorLink": ""
  },
  {
    "DayOfWeek": "Пятница",
    "StartTime": "2024-03-04T19:00:00",
    "EndTime": "2024-03-04T20:30:00",
    "WeekType": "Верхняя неделя",
    "Classroom": "А 458",
    "Group": "2169",
    "Subject": "Автоматизированное проектирование лопаточных машин и установок",
    "InstructorName": "Погодин Юрий Михайлович",
    "InstructorLink": ""
  },
  {
    "DayOfWeek": "Суббота",
    "StartTime": "2024-03-04T08:30:00",
    "EndTime": "2024-03-04T10:00:00",
    "WeekType": "Нижняя неделя",
    "Classroom": "А 450",
    "Group": "2169",
    "Subject": "Информационные технологии в жизненном цикле морской техники",
    "InstructorName": "Лебедев Дмитрий Владимирович",
    "InstructorLink": ""
  },
  {
    "DayOfWeek": "Суббота",
    "StartTime": "2024-03-04T10:10:00",
    "EndTime": "2024-03-04T11:40:00",
    "WeekType": "Верхняя неделя",
    "Classroom": "А 450",
    "Group": "2169",
    "Subject": "Информационные технологии в жизненном цикле морской техники",
    "InstructorName": "Лебедев Дмитрий Владимирович",
    "InstructorLink": ""
  },
  {
    "DayOfWeek": "Суббота",
    "StartTime": "2024-03-04T10:10:00",
    "EndTime": "2024-03-04T11:40:00",
    "WeekType": "Нижняя неделя",
    "Classroom": "А 450",
    "Group": "2169",
    "Subject": "Информационные технологии в жизненном цикле морской техники",
    "InstructorName": "Лебедев Дмитрий Владимирович",
    "InstructorLink": ""
  }
]