[
  {
    "DayOfWeek": "Понедельник",
    "StartTime": "2024-03-04T08:30:00",
    "EndTime": "2024-03-04T10:00:00",
    "WeekType": "Верхняя неделя",
    "Classroom": "У каф.ФВ",
    "Group": "2170",
    "Subject": "Физическая культура и спорт (элективная)",
    "InstructorName": "",
    "InstructorLink": ""
  },
  {
    "DayOfWeek": "Понедельник",
    "StartTime": "2024-03-04T10:10:00",
    "EndTime": "2024-03-04T11:40:00",
    "WeekType": "Обе недели",
    "Classroom": "У 447",
    "Group": "2170",
    "Subject": "Иностранный язык",
    "InstructorName": "Манукян Асмик Мануковна",
    "InstructorLink": "https://www.smtu.ru/ru/viewperson/102710/"
  },
  {
    "DayOfWeek": "Понедельник",
    "StartTime": "2024-03-04T11:50:00",
    "EndTime": "2024-03-04T13:20:00",
    "WeekType": "Обе недели",
    "Classroom": "У 447",
    "Group": "2170",
    "Subject": "Иностранный язык",
    "InstructorName": "Манукян Асмик Мануковна",
    "InstructorLink": "https://www.smtu.ru/ru/viewperson/102710/"
  },
  {
    "DayOfWeek": "Понедельник",
    "StartTime": "2024-03-04T14:00:00",
    "EndTime": "2024-03-04T15:30:00",
    "WeekType": "Обе недели",
    "Classroom": "У 107",
    "Group": "2170",
    "Subject": "Высшая математика",
    "InstructorName": "Ионченкова Яна Юрьевна",
    "InstructorLink": ""
  },
  {
    "DayOfWeek": "Вторник",
    "StartTime": "2024-03-04T10:10:00",
    "EndTime": "2024-03-04T11:40:00",
    "WeekType": "Верхняя неделя",
    "Classroom": "У 217",
    "Group": "2170",
    "Subject": "Инженерная графика",
    "InstructorName": "Чехович Сергей Владиславович",
    "InstructorLink": "https://www.smtu.ru/ru/viewperson/101320/"
  },
  {
    "DayOfWeek": "Вторник",
    "StartTime": "2024-03-04T10:10:00",
    "EndTime": "2024-03-04T11:40:00",
    "WeekType": "Нижняя неделя",
    "Classroom": "У 451",
    "Group": "2170",
    "Subject": "Высшая математика",
    "InstructorName": "Евграфова Ирина Владимировна",
    "InstructorLink": "https://www.smtu.ru/ru/viewperson/100356/"
  },
  {
    "DayOfWeek": "Вторник",
    "StartTime": "2024-03-04T11:50:00",
    "EndTime": "2024-03-04T13:20:00",
    "WeekType": "Обе недели",
    "Classroom": "У 217",
    "Group": "2170",
    "Subject": "Инженерная графика",
    "InstructorName": "Чехович Сергей Владиславович",
    "InstructorLink": "https://www.smtu.ru/ru/viewperson/101320/"
  },
  {
    "DayOfWeek": "Вторник",
    "StartTime": "2024-03-04T14:00:00",
    "EndTime": "2024-03-04T15:30:00",
    "WeekType": "Обе недели",
    "Classroom": "У каф.ФВ",
    "Group": "2170",
    "Subject": "Физическая культура и спорт (элективная)",
    "InstructorName": "",
    "InstructorLink": ""
  },
  {
    "DayOfWeek": "Среда",
    "StartTime": "2024-03-04T10:10:00",
    "EndTime": "2024-03-04T11:40:00",
    "WeekType": "Обе недели",
    "Classroom": "А 442",
    "Group": "2170",
    "Subject": "Информационные технологии",
    "InstructorName": "Скударнова Ирина Владимировна",
    "InstructorLink": "https://www.smtu.ru/ru/viewperson/101089/"
  },
  {
    "DayOfWeek": "Среда",
    "StartTime": "2024-03-04T11:50:00",
    "EndTime": "2024-03-04T13:20:00",
    "WeekType": "Обе недели",
    "Classroom": "А 442",
    "Group": "2170",
    "Subject": "Информационные технологии",
    "InstructorName": "Скударнова Ирина Владимировна",
    "InstructorLink": "https://www.smtu.ru/ru/viewperson/101089/"
  },
  {
    "DayOfWeek": "Четверг",
    "StartTime": "2024-03-04T08:30:00",
    "EndTime": "2024-03-04T10:00:00",
    "WeekType": "Верхняя неделя",
    "Classroom": "У 531",
    "Group": "2170",
    "Subject": "История России",
    "InstructorName": "Прудникова Татьяна Юрьевна",
    "InstructorLink": "https://www.smtu.ru/ru/viewperson/100952/"
  },
  {
    "DayOfWeek": "Четверг",
    "StartTime": "2024-03-04T10:10:00",
    "EndTime": "2024-03-04T11:40:00",
    "WeekType": "Верхняя неделя",
    "Classroom": "У 320",
    "Group": "2170",
    "Subject": "Физика",
    "InstructorName": "Клюбин Владимир Владимирович",
    "InstructorLink": "https://www.smtu.ru/ru/viewperson/100526/"
  },
  {
    "DayOfWeek": "Четверг",
    "StartTime": "2024-03-04T10:10:00",
    "EndTime": "2024-03-04T11:40:00",
    "WeekType": "Верхняя неделя",
    "Classroom": "У 322",
    "Group": "2170",
    "Subject": "Физика",
    "InstructorName": "Клюбин Владимир Владимирович",
    "InstructorLink": "https://www.smtu.ru/ru/viewperson/100526/"
  },
  {
    "DayOfWeek": "Четверг",
    "StartTime": "2024-03-04T10:10:00",
    "EndTime": "2024-03-04T11:40:00",
    "WeekType": "Нижняя неделя",
    "Classroom": "У 105",
    "Group": "2170",
    "Subject": "Высшая математика",
    "InstructorName": "Ионченкова Яна Юрьевна",
    "InstructorLink": ""
  },
  {
    "DayOfWeek": "Четверг",
    "StartTime": "2024-03-04T11:50:00",
    "EndTime": "2024-03-04T13:20:00",
    "WeekType": "Обе недели",
    "Classroom": "У 103",
    "Group": "2170",
    "Subject": "История России",
    "InstructorName": "Прудникова Татьяна Юрьевна",
    "InstructorLink": "https://www.smtu.ru/ru/viewperson/100952/"
  },
  {
    "DayOfWeek": "Четверг",
    "StartTime": "2024-03-04T14:00:00",
    "EndTime": "2024-03-04T15:30:00",
    "WeekType": "Обе недели",
    "Classroom": "У 105",
    "Group": "2170",
    "Subject": "Физика",
    "InstructorName": "Клюбин Владимир Владимирович",
    "InstructorLink": "https://www.smtu.ru/ru/viewperson/100526/"
  },
  {
    "DayOfWeek": "Четверг",
    "StartTime": "2024-03-04T15:40:00",
    "EndTime": "2024-03-04T17:10:00",
    "WeekType": "Нижняя неделя",
    "Classroom": "У 326",
    "Group": "2170",
    "Subject": "Физика",
    "InstructorName": "Клюбин Владимир Владимирович",
    "InstructorLink": "https://www.smtu.ru/ru/viewperson/100526/"
  },
  {
    "DayOfWeek": "Пятница",
    "StartTime": "2024-03-04T08:30:00",
    "EndTime": "2024-03-04T10:00:00",
    "WeekType": "Обе недели",
    "Classroom": "У 506",
    "Group": "2170",
    "Subject": "Теоретическая механика",
    "InstructorName": "Яковлев Станислав Николаевич",
    "InstructorLink": ""
  },
  {
    "DayOfWeek": "Пятница",
    "StartTime": "2024-03-04T10:10:00",
    "EndTime": "2024-03-04T11:40:00",
    "WeekType": "Верхняя неделя",
    "Classroom": "У 101",
    "Group": "2170",
    "Subject": "История России",
    "InstructorName": "Добряк Инна Владимировна",
    "InstructorLink": "https://www.smtu.ru/ru/viewperson/100346/"
  },
  {
    "DayOfWeek": "Пятница",
    "StartTime": "2024-03-04T10:10:00",
    "EndTime": "2024-03-04T11:40:00",
    "WeekType": "Нижняя неделя",
    "Classroom": "У 107",
    "Group": "2170",
    "Subject": "Теоретическая механика",
    "InstructorName": "Яковлев Станислав Николаевич",
    "InstructorLink": ""
  },
  {
    "DayOfWeek": "Пятница",
    "StartTime": "2024-03-04T11:50:00",
    "EndTime": "2024-03-04T13:20:00",
    "WeekType": "Верхняя неделя",
    "Classroom": "У 451",
    "Group": "2170",
    "Subject": "Высшая математика",
    "InstructorName": "Евграфова Ирина Владимировна",
    "InstructorLink": "https://www.smtu.ru/ru/viewperson/100356/"
  },
  {
    "DayOfWeek": "Пятница",
    "StartTime": "2024-03-04T11:50:00",
    "EndTime": "2024-03-04T13:20:00",
    "WeekType": "Нижняя неделя",
    "Classroom": "У каф.ФВ",
    "Group": "2170",
    "Subject": "Физическая культура и спорт (элективная)",
    "InstructorName": "",
    "InstructorLink": ""
  },
  {
    "DayOfWeek": "Пятница",
    "StartTime": "2024-03-04T14:00:00",
    "EndTime": "2024-03-04T15:30:00",
    "WeekType": "Верхняя неделя",
    "Classroom": "У 451",
    "Group": "2170",
    "Subject": "Высшая математика",
    "InstructorName": "Евграфова Ирина Владимировна",
    "InstructorLink": "https://www.smtu.ru/ru/viewperson/100356/"
  }
]