[
  {
    "DayOfWeek": "Понедельник",
    "StartTime": "2024-03-04T08:30:00",
    "EndTime": "2024-03-04T10:00:00",
    "WeekType": "Нижняя неделя",
    "Classroom": "У 101",
    "Group": "2175",
    "Subject": "История России",
    "InstructorName": "Добряк Инна Владимировна",
    "InstructorLink": "https://www.smtu.ru/ru/viewperson/100346/"
  },
  {
    "DayOfWeek": "Понедельник",
    "StartTime": "2024-03-04T10:10:00",
    "EndTime": "2024-03-04T11:40:00",
    "WeekType": "Обе недели",
    "Classroom": "У 107",
    "Group": "2175",
    "Subject": "Высшая математика",
    "InstructorName": "Русина Лариса Германовна",
    "InstructorLink": "https://www.smtu.ru/ru/viewperson/123501/"
  },
  {
    "DayOfWeek": "Понедельник",
    "StartTime": "2024-03-04T11:50:00",
    "EndTime": "2024-03-04T13:20:00",
    "WeekType": "Обе недели",
    "Classroom": "У 443",
    "Group": "2175",
    "Subject": "Высшая математика",
    "InstructorName": "Черкасова Екатерина Юрьевна",
    "InstructorLink": "https://www.smtu.ru/ru/viewperson/101311/"
  },
  {
    "DayOfWeek": "Понедельник",
    "StartTime": "2024-03-04T14:00:00",
    "EndTime": "2024-03-04T15:30:00",
    "WeekType": "Обе недели",
    "Classroom": "У 443",
    "Group": "2175",
    "Subject": "Высшая математика",
    "InstructorName": "Черкасова Екатерина Юрьевна",
    "InstructorLink": "https://www.smtu.ru/ru/viewperson/101311/"
  },
  {
    "DayOfWeek": "Понедельник",
    "StartTime": "2024-03-04T15:40:00",
    "EndTime": "2024-03-04T17:10:00",
    "WeekType": "Верхняя неделя",
    "Classroom": "У каф.ФВ",
    "Group": "2175",
    "Subject": "Физическая культура и спорт (элективная)",
    "InstructorName": "",
    "InstructorLink": ""
  },
  {
    "DayOfWeek": "Вторник",
    "StartTime": "2024-03-04T08:30:00",
    "EndTime": "2024-03-04T10:00:00",
    "WeekType": "Обе недели",
    "Classroom": "У 211",
    "Group": "2175",
    "Subject": "Инженерная графика",
    "InstructorName": "Анисимов Антон Александрович",
    "InstructorLink": ""
  },
  {
    "DayOfWeek": "Вторник",
    "StartTime": "2024-03-04T10:10:00",
    "EndTime": "2024-03-04T11:40:00",
    "WeekType": "Верхняя неделя",
    "Classroom": "У 211",
    "Group": "2175",
    "Subject": "Инженерная графика",
    "InstructorName": "Анисимов Антон Александрович",
    "InstructorLink": ""
  },
  {
    "DayOfWeek": "Вторник",
    "StartTime": "2024-03-04T10:10:00",
    "EndTime": "2024-03-04T11:40:00",
    "WeekType": "Нижняя неделя",
    "Classroom": "У 115",
    "Group": "2175",
    "Subject": "Теоретическая механика",
    "InstructorName": "Бабанин Николай Викторович",
    "InstructorLink": ""
  },
  {
    "DayOfWeek": "Вторник",
    "StartTime": "2024-03-04T11:50:00",
    "EndTime": "2024-03-04T13:20:00",
    "WeekType": "Обе недели",
    "Classroom": "У 443",
    "Group": "2175",
    "Subject": "Теоретическая механика",
    "InstructorName": "Бабанин Николай Викторович",
    "InstructorLink": ""
  },
  {
    "DayOfWeek": "Вторник",
    "StartTime": "2024-03-04T14:00:00",
    "EndTime": "2024-03-04T15:30:00",
    "WeekType": "Обе недели",
    "Classroom": "У 444",
    "Group": "2175",
    "Subject": "Иностранный язык",
    "InstructorName": "Волкова Светлана Леонидовна",
    "InstructorLink": "https://www.smtu.ru/ru/viewperson/123119/"
  },
  {
    "DayOfWeek": "Среда",
    "StartTime": "2024-03-04T10:10:00",
    "EndTime": "2024-03-04T11:40:00",
    "WeekType": "Обе недели",
    "Classroom": "У каф.ФВ",
    "Group": "2175",
    "Subject": "Физическая культура и спорт (элективная)",
    "InstructorName": "",
    "InstructorLink": ""
  },
  {
    "DayOfWeek": "Среда",
    "StartTime": "2024-03-04T11:50:00",
    "EndTime": "2024-03-04T13:20:00",
    "WeekType": "Верхняя неделя",
    "Classroom": "У 326",
    "Group": "2175",
    "Subject": "Физика",
    "InstructorName": "Бабаев Владимир Сергеевич",
    "InstructorLink": "https://www.smtu.ru/ru/viewperson/100059/"
  },
  {
    "DayOfWeek": "Среда",
    "StartTime": "2024-03-04T11:50:00",
    "EndTime": "2024-03-04T13:20:00",
    "WeekType": "Нижняя неделя",
    "Classroom": "У каф.ФВ",
    "Group": "2175",
    "Subject": "Физическая культура и спорт (элективная)",
    "InstructorName": "",
    "InstructorLink": ""
  },
  {
    "DayOfWeek": "Среда",
    "StartTime": "2024-03-04T14:00:00",
    "EndTime": "2024-03-04T15:30:00",
    "WeekType": "Обе недели",
    "Classroom": "У 105",
    "Group": "2175",
    "Subject": "Физика",
    "InstructorName": "Бабаев Владимир Сергеевич",
    "InstructorLink": "https://www.smtu.ru/ru/viewperson/100059/"
  },
  {
    "DayOfWeek": "Среда",
    "StartTime": "2024-03-04T15:40:00",
    "EndTime": "2024-03-04T17:10:00",
    "WeekType": "Обе недели",
    "Classroom": "У 444",
    "Group": "2175",
    "Subject": "Иностранный язык",
    "InstructorName": "Волкова Светлана Леонидовна",
    "InstructorLink": "https://www.smtu.ru/ru/viewperson/123119/"
  },
  {
    "DayOfWeek": "Четверг",
    "StartTime": "2024-03-04T10:10:00",
    "EndTime": "2024-03-04T11:40:00",
    "WeekType": "Обе недели",
    "Classroom": "А 442",
    "Group": "2175",
    "Subject": "Информационные технологии",
    "InstructorName": "Скударнова Ирина Владимировна",
    "InstructorLink": "https://www.smtu.ru/ru/viewperson/101089/"
  },
  {
    "DayOfWeek": "Четверг",
    "StartTime": "2024-03-04T11:50:00",
    "EndTime": "2024-03-04T13:20:00",
    "WeekType": "Обе недели",
    "Classroom": "А 442",
    "Group": "2175",
    "Subject": "Информационные технологии",
    "InstructorName": "Скударнова Ирина Владимировна",
    "InstructorLink": "https://www.smtu.ru/ru/viewperson/101089/"
  },
  {
    "DayOfWeek": "Четверг",
    "StartTime": "2024-03-04T14:00:00",
    "EndTime": "2024-03-04T15:30:00",
    "WeekType": "Обе недели",
    "Classroom": "А 537б",
    "Group": "2175",
    "Subject": "Метрология",
    "InstructorName": "Карпенко Виктория Алексеевна",
    "InstructorLink": ""
  },
  {
    "DayOfWeek": "Четверг",
    "StartTime": "2024-03-04T15:40:00",
    "EndTime": "2024-03-04T17:10:00",
    "WeekType": "Нижняя неделя",
    "Classroom": "А 537б",
    "Group": "2175",
    "Subject": "Метрология",
    "InstructorName": "Вегнер Антон Викторович",
    "InstructorLink": ""
  },
  {
    "DayOfWeek": "Пятница",
    "StartTime": "2024-03-04T10:10:00",
    "EndTime": "2024-03-04T11:40:00",
    "WeekType": "Верхняя неделя",
    "Classroom": "У 320",
    "Group": "2175",
    "Subject": "Физика",
    "InstructorName": "Король Андрей Владимирович",
    "InstructorLink": ""
  },
  {
    "DayOfWeek": "Пятница",
    "StartTime": "2024-03-04T10:10:00",
    "EndTime": "2024-03-04T11:40:00",
    "WeekType": "Верхняя неделя",
    "Classroom": "У 322",
    "Group": "2175",
    "Subject": "Физика",
    "InstructorName": "Король Андрей Владимирович",
    "InstructorLink": ""
  },
  {
    "DayOfWeek": "Пятница",
    "StartTime": "2024-03-04T11:50:00",
    "EndTime": "2024-03-04T13:20:00",
    "WeekType": "Обе недели",
    "Classroom": "У 103",
    "Group": "2175",
    "Subject": "Высшая математика",
    "InstructorName": "Русина Лариса Германовна",
    "InstructorLink": "https://www.smtu.ru/ru/viewperson/123501/"
  },
  {
    "DayOfWeek": "Пятница",
    "StartTime": "2024-03-04T14:00:00",
    "EndTime": "2024-03-04T15:30:00",
    "WeekType": "Обе недели",
    "Classroom": "У 101",
    "Group": "2175",
    "Subject": "Культурология",
    "InstructorName": "Добряк Инна Владимировна",
    "InstructorLink": "https://www.smtu.ru/ru/viewperson/100346/"
  },
  {
    "DayOfWeek": "Пятница",
    "StartTime": "2024-03-04T15:40:00",
    "EndTime": "2024-03-04T17:10:00",
    "WeekType": "Обе недели",
    "Classroom": "У 115",
    "Group": "2175",
    "Subject": "История России",
    "InstructorName": "Чепель Александр Иванович",
    "InstructorLink": "https://www.smtu.ru/ru/viewperson/101302/"
  },
  {
    "DayOfWeek": "Пятница",
    "StartTime": "2024-03-04T17:20:00",
    "EndTime": "2024-03-04T18:50:00",
    "WeekType": "Нижняя неделя",
    "Classroom": "У 502",
    "Group": "2175",
    "Subject": "История России",
    "InstructorName": "Чепель Александр Иванович",
    "InstructorLink": "https://www.smtu.ru/ru/viewperson/101302/"
  }
]