[
  {
    "DayOfWeek": "Понедельник",
    "StartTime": "2024-03-04T17:20:00",
    "EndTime": "2024-03-04T18:50:00",
    "WeekType": "Верхняя неделя",
    "Classroom": "ЦДО Дистанционно",
    "Group": "2192",
    "Subject": "Прикладная электротехника",
    "InstructorName": "Дмитриев Борис Федорович",
    "InstructorLink": "https://www.smtu.ru/ru/viewperson/100337/"
  },
  {
    "DayOfWeek": "Понедельник",
    "StartTime": "2024-03-04T17:20:00",
    "EndTime": "2024-03-04T18:50:00",
    "WeekType": "Нижняя неделя",
    "Classroom": "ЦДО Дистанционно",
    "Group": "2192",
    "Subject": "Управление качеством продукции",
    "InstructorName": "Воршевский Петр Александрович",
    "InstructorLink": "https://www.smtu.ru/ru/viewperson/100240/"
  },
  {
    "DayOfWeek": "Понедельник",
    "StartTime": "2024-03-04T19:00:00",
    "EndTime": "2024-03-04T20:30:00",
    "WeekType": "Верхняя неделя",
    "Classroom": "ЦДО Дистанционно",
    "Group": "2192",
    "Subject": "Прикладная электротехника",
    "InstructorName": "Дмитриев Борис Федорович",
    "InstructorLink": "https://www.smtu.ru/ru/viewperson/100337/"
  },
  {
    "DayOfWeek": "Понедельник",
    "StartTime": "2024-03-04T19:00:00",
    "EndTime": "2024-03-04T20:30:00",
    "WeekType": "Нижняя неделя",
    "Classroom": "ЦДО Дистанционно",
    "Group": "2192",
    "Subject": "Управление качеством продукции",
    "InstructorName": "Воршевский Петр Александрович",
    "InstructorLink": "https://www.smtu.ru/ru/viewperson/100240/"
  },
  {
    "DayOfWeek": "Вторник",
    "StartTime": "2024-03-04T17:20:00",
    "EndTime": "2024-03-04T18:50:00",
    "WeekType": "Верхняя неделя",
    "Classroom": "ЦДО Дистанционно",
    "Group": "2192",
    "Subject": "Философские проблемы науки и техники",
    "InstructorName": "Назиров Анатолий Эзелевич",
    "InstructorLink": "https://www.smtu.ru/ru/viewperson/100796/"
  },
  {
    "DayOfWeek": "Вторник",
    "StartTime": "2024-03-04T17:20:00",
    "EndTime": "2024-03-04T18:50:00",
    "WeekType": "Нижняя неделя",
    "Classroom": "ЦДО Дистанционно",
    "Group": "2192",
    "Subject": "Иностранный язык в профессиональной деятельности",
    "InstructorName": "Осипенко Елена Анатольевна",
    "InstructorLink": "https://www.smtu.ru/ru/viewperson/122745/"
  },
  {
    "DayOfWeek": "Вторник",
    "StartTime": "2024-03-04T19:00:00",
    "EndTime": "2024-03-04T20:30:00",
    "WeekType": "Верхняя неделя",
    "Classroom": "ЦДО Дистанционно",
    "Group": "2192",
    "Subject": "Философские проблемы науки и техники",
    "InstructorName": "Назиров Анатолий Эзелевич",
    "InstructorLink": "https://www.smtu.ru/ru/viewperson/100796/"
  },
  {
    "DayOfWeek": "Среда",
    "StartTime": "2024-03-04T17:20:00",
    "EndTime": "2024-03-04T18:50:00",
    "WeekType": "Обе недели",
    "Classroom": "ЦДО Дистанционно",
    "Group": "2192",
    "Subject": "Методы анализа и моделирования электроэнергетических цепей и систем",
    "InstructorName": "Герман-Галкин Сергей Германович",
    "InstructorLink": "https://www.smtu.ru/ru/viewperson/123127/"
  },
  {
    "DayOfWeek": "Среда",
    "StartTime": "2024-03-04T19:00:00",
    "EndTime": "2024-03-04T20:30:00",
    "WeekType": "Нижняя неделя",
    "Classroom": "ЦДО Дистанционно",
    "Group": "2192",
    "Subject": "Методы анализа и моделирования электроэнергетических цепей и систем",
    "InstructorName": "Герман-Галкин Сергей Германович",
    "InstructorLink": "https://www.smtu.ru/ru/viewperson/123127/"
  },
  {
    "DayOfWeek": "Четверг",
    "StartTime": "2024-03-04T17:20:00",
    "EndTime": "2024-03-04T18:50:00",
    "WeekType": "Верхняя неделя",
    "Classroom": "ЦДО Дистанционно",
    "Group": "2192",
    "Subject": "Информационные технологии в жизненном цикле морской техники",
    "InstructorName": "Алексеев Анатолий Владимирович",
    "InstructorLink": "https://www.smtu.ru/ru/viewperson/100015/"
  },
  {
    "DayOfWeek": "Четверг",
    "StartTime": "2024-03-04T19:00:00",
    "EndTime": "2024-03-04T20:30:00",
    "WeekType": "Обе недели",
    "Classroom": "ЦДО Дистанционно",
    "Group": "2192",
    "Subject": "Информационные технологии в жизненном цикле морской техники",
    "InstructorName": "Алексеев Анатолий Владимирович",
    "InstructorLink": "https://www.smtu.ru/ru/viewperson/100015/"
  },
  {
    "DayOfWeek": "Суббота",
    "StartTime": "2024-03-04T10:10:00",
    "EndTime": "2024-03-04T11:40:00",
    "WeekType": "Обе недели",
    "Classroom": "ЦДО Дистанционно",
    "Group": "2192",
    "Subject": "Системы управления электрическими машинами",
    "InstructorName": "Саввин Вячеслав Иванович",
    "InstructorLink": ""
  },
  {
    "DayOfWeek": "Суббота",
    "StartTime": "2024-03-04T11:50:00",
    "EndTime": "2024-03-04T13:20:00",
    "WeekType": "Верхняя неделя",
    "Classroom": "ЦДО Дистанционно",
    "Group": "2192",
    "Subject": "Системы управления электрическими машинами",
    "InstructorName": "Саввин Вячеслав Иванович",
    "InstructorLink": ""
  },
  {
    "DayOfWeek": "Суббота",
    "StartTime": "2024-03-04T11:50:00",
    "EndTime": "2024-03-04T13:20:00",
    "WeekType": "Нижняя неделя",
    "Classroom": "ЦДО Дистанционно",
    "Group": "2192",
    "Subject": "Проектирование преобразователей электроэнергии",
    "InstructorName": "Саввин Вячеслав Иванович",
    "InstructorLink": ""
  },
  {
    "DayOfWeek": "Суббота",
    "StartTime": "2024-03-04T14:00:00",
    "EndTime": "2024-03-04T15:30:00",
    "WeekType": "Обе недели",
    "Classroom": "ЦДО Дистанционно",
    "Group": "2192",
    "Subject": "Проектирование преобразователей электроэнергии",
    "InstructorName": "Саввин Вячеслав Иванович",
    "InstructorLink": ""
  }
]