[
  {
    "DayOfWeek": "Понедельник",
    "StartTime": "2024-03-04T08:30:00",
    "EndTime": "2024-03-04T10:00:00",
    "WeekType": "Нижняя неделя",
    "Classroom": "У каф.ФВ",
    "Group": "2230",
    "Subject": "Физическая культура и спорт (элективная)",
    "InstructorName": "",
    "InstructorLink": ""
  },
  {
    "DayOfWeek": "Понедельник",
    "StartTime": "2024-03-04T10:10:00",
    "EndTime": "2024-03-04T11:40:00",
    "WeekType": "Верхняя неделя",
    "Classroom": "А 450",
    "Group": "2230",
    "Subject": "Электротехника и электроника",
    "InstructorName": "Сеньков Алексей Петрович",
    "InstructorLink": "https://www.smtu.ru/ru/viewperson/101060/"
  },
  {
    "DayOfWeek": "Понедельник",
    "StartTime": "2024-03-04T11:50:00",
    "EndTime": "2024-03-04T13:20:00",
    "WeekType": "Верхняя неделя",
    "Classroom": "А 319",
    "Group": "2230",
    "Subject": "Электротехника и электроника",
    "InstructorName": "Сеньков Алексей Петрович",
    "InstructorLink": "https://www.smtu.ru/ru/viewperson/101060/"
  },
  {
    "DayOfWeek": "Понедельник",
    "StartTime": "2024-03-04T11:50:00",
    "EndTime": "2024-03-04T13:20:00",
    "WeekType": "Нижняя неделя",
    "Classroom": "А 319",
    "Group": "2230",
    "Subject": "Электротехника и электроника",
    "InstructorName": "Сеньков Алексей Петрович",
    "InstructorLink": "https://www.smtu.ru/ru/viewperson/101060/"
  },
  {
    "DayOfWeek": "Понедельник",
    "StartTime": "2024-03-04T14:00:00",
    "EndTime": "2024-03-04T15:30:00",
    "WeekType": "Верхняя неделя",
    "Classroom": "А 537а",
    "Group": "2230",
    "Subject": "Технология создания морской техники",
    "InstructorName": "Доценко Анастасия Сергеевна",
    "InstructorLink": ""
  },
  {
    "DayOfWeek": "Понедельник",
    "StartTime": "2024-03-04T14:00:00",
    "EndTime": "2024-03-04T15:30:00",
    "WeekType": "Нижняя неделя",
    "Classroom": "А 537а",
    "Group": "2230",
    "Subject": "Технология создания морской техники",
    "InstructorName": "Доценко Анастасия Сергеевна",
    "InstructorLink": ""
  },
  {
    "DayOfWeek": "Понедельник",
    "StartTime": "2024-03-04T15:40:00",
    "EndTime": "2024-03-04T17:10:00",
    "WeekType": "Нижняя неделя",
    "Classroom": "А 458",
    "Group": "2230",
    "Subject": "Технология создания морской техники",
    "InstructorName": "Доценко Анастасия Сергеевна",
    "InstructorLink": ""
  },
  {
    "DayOfWeek": "Вторник",
    "StartTime": "2024-03-04T08:30:00",
    "EndTime": "2024-03-04T10:00:00",
    "WeekType": "Обе недели",
    "Classroom": "А 450",
    "Group": "2230",
    "Subject": "Энергетические комплексы морской техники",
    "InstructorName": "Черкаев Георгий Владимирович",
    "InstructorLink": "https://www.smtu.ru/ru/viewperson/101309/"
  },
  {
    "DayOfWeek": "Вторник",
    "StartTime": "2024-03-04T10:10:00",
    "EndTime": "2024-03-04T11:40:00",
    "WeekType": "Обе недели",
    "Classroom": "А 458",
    "Group": "2230",
    "Subject": "Механика жидкости и газа",
    "InstructorName": "Глазырина Диана Олеговна",
    "InstructorLink": ""
  },
  {
    "DayOfWeek": "Вторник",
    "StartTime": "2024-03-04T11:50:00",
    "EndTime": "2024-03-04T13:20:00",
    "WeekType": "Верхняя неделя",
    "Classroom": "А 458",
    "Group": "2230",
    "Subject": "Механика жидкости и газа",
    "InstructorName": "Глазырина Диана Олеговна",
    "InstructorLink": ""
  },
  {
    "DayOfWeek": "Вторник",
    "StartTime": "2024-03-04T11:50:00",
    "EndTime": "2024-03-04T13:20:00",
    "WeekType": "Нижняя неделя",
    "Classroom": "А 458",
    "Group": "2230",
    "Subject": "Механика жидкости и газа",
    "InstructorName": "Глазырина Диана Олеговна",
    "InstructorLink": ""
  },
  {
    "DayOfWeek": "Вторник",
    "StartTime": "2024-03-04T14:00:00",
    "EndTime": "2024-03-04T15:30:00",
    "WeekType": "Обе недели",
    "Classroom": "А 450",
    "Group": "2230",
    "Subject": "Энергетические комплексы морской техники",
    "InstructorName": "Черкаев Георгий Владимирович",
    "InstructorLink": "https://www.smtu.ru/ru/viewperson/101309/"
  },
  {
    "DayOfWeek": "Среда",
    "StartTime": "2024-03-04T08:30:00",
    "EndTime": "2024-03-04T10:00:00",
    "WeekType": "Верхняя неделя",
    "Classroom": "У 103",
    "Group": "2230",
    "Subject": "Детали машин",
    "InstructorName": "Иванова Марина Александровна",
    "InstructorLink": ""
  },
  {
    "DayOfWeek": "Среда",
    "StartTime": "2024-03-04T10:10:00",
    "EndTime": "2024-03-04T11:40:00",
    "WeekType": "Верхняя неделя",
    "Classroom": "У 161",
    "Group": "2230",
    "Subject": "Философия",
    "InstructorName": "Шмырева Ольга Валерьевна",
    "InstructorLink": "https://www.smtu.ru/ru/viewperson/101372/"
  },
  {
    "DayOfWeek": "Среда",
    "StartTime": "2024-03-04T10:10:00",
    "EndTime": "2024-03-04T11:40:00",
    "WeekType": "Нижняя неделя",
    "Classroom": "У 311",
    "Group": "2230",
    "Subject": "Детали машин",
    "InstructorName": "Иванова Марина Александровна",
    "InstructorLink": ""
  },
  {
    "DayOfWeek": "Среда",
    "StartTime": "2024-03-04T11:50:00",
    "EndTime": "2024-03-04T13:20:00",
    "WeekType": "Верхняя неделя",
    "Classroom": "У 543",
    "Group": "2230",
    "Subject": "Философия",
    "InstructorName": "Шмырева Ольга Валерьевна",
    "InstructorLink": "https://www.smtu.ru/ru/viewperson/101372/"
  },
  {
    "DayOfWeek": "Среда",
    "StartTime": "2024-03-04T11:50:00",
    "EndTime": "2024-03-04T13:20:00",
    "WeekType": "Нижняя неделя",
    "Classroom": "У 245а",
    "Group": "2230",
    "Subject": "Технология конструкционных материалов",
    "InstructorName": "Юнусов Фируз Абдукадимович",
    "InstructorLink": ""
  },
  {
    "DayOfWeek": "Среда",
    "StartTime": "2024-03-04T11:50:00",
    "EndTime": "2024-03-04T13:20:00",
    "WeekType": "Нижняя неделя",
    "Classroom": "У 245",
    "Group": "2230",
    "Subject": "Технология конструкционных материалов",
    "InstructorName": "Греков Андрей Анатольевич",
    "InstructorLink": ""
  },
  {
    "DayOfWeek": "Среда",
    "StartTime": "2024-03-04T14:00:00",
    "EndTime": "2024-03-04T15:30:00",
    "WeekType": "Верхняя неделя",
    "Classroom": "У 101",
    "Group": "2230",
    "Subject": "Сопротивление материалов",
    "InstructorName": "Гаврильева Татьяна Федоровна",
    "InstructorLink": "https://www.smtu.ru/ru/viewperson/122678/"
  },
  {
    "DayOfWeek": "Среда",
    "StartTime": "2024-03-04T14:00:00",
    "EndTime": "2024-03-04T15:30:00",
    "WeekType": "Нижняя неделя",
    "Classroom": "У 155",
    "Group": "2230",
    "Subject": "Сопротивление материалов",
    "InstructorName": "Гаврильева Татьяна Федоровна",
    "InstructorLink": "https://www.smtu.ru/ru/viewperson/122678/"
  },
  {
    "DayOfWeek": "Среда",
    "StartTime": "2024-03-04T15:40:00",
    "EndTime": "2024-03-04T17:10:00",
    "WeekType": "Обе недели",
    "Classroom": "У каф.ФВ",
    "Group": "2230",
    "Subject": "Физическая культура и спорт (элективная)",
    "InstructorName": "",
    "InstructorLink": ""
  },
  {
    "DayOfWeek": "Четверг",
    "StartTime": "2024-03-04T08:30:00",
    "EndTime": "2024-03-04T10:00:00",
    "WeekType": "Обе недели",
    "Classroom": "А ВУЦ",
    "Group": "2230",
    "Subject": "Военная подготовка (офицеры запаса)",
    "InstructorName": "",
    "InstructorLink": ""
  },
  {
    "DayOfWeek": "Четверг",
    "StartTime": "2024-03-04T10:10:00",
    "EndTime": "2024-03-04T11:40:00",
    "WeekType": "Обе недели",
    "Classroom": "А ВУЦ",
    "Group": "2230",
    "Subject": "Военная подготовка (офицеры запаса)",
    "InstructorName": "",
    "InstructorLink": ""
  },
  {
    "DayOfWeek": "Четверг",
    "StartTime": "2024-03-04T11:50:00",
    "EndTime": "2024-03-04T13:20:00",
    "WeekType": "Обе недели",
    "Classroom": "А ВУЦ",
    "Group": "2230",
    "Subject": "Военная подготовка (офицеры запаса)",
    "InstructorName": "",
    "InstructorLink": ""
  },
  {
    "DayOfWeek": "Пятница",
    "StartTime": "2024-03-04T08:30:00",
    "EndTime": "2024-03-04T10:00:00",
    "WeekType": "Верхняя неделя",
    "Classroom": "У каф.ФВ",
    "Group": "2230",
    "Subject": "Физическая культура и спорт (элективная)",
    "InstructorName": "",
    "InstructorLink": ""
  },
  {
    "DayOfWeek": "Пятница",
    "StartTime": "2024-03-04T10:10:00",
    "EndTime": "2024-03-04T11:40:00",
    "WeekType": "Верхняя неделя",
    "Classroom": "У 215",
    "Group": "2230",
    "Subject": "Компьютерное моделирование",
    "InstructorName": "Куличкова Елена Асановна",
    "InstructorLink": "https://www.smtu.ru/ru/viewperson/123001/"
  },
  {
    "DayOfWeek": "Пятница",
    "StartTime": "2024-03-04T11:50:00",
    "EndTime": "2024-03-04T13:20:00",
    "WeekType": "Верхняя неделя",
    "Classroom": "У 218",
    "Group": "2230",
    "Subject": "Компьютерное моделирование",
    "InstructorName": "Куличкова Елена Асановна",
    "InstructorLink": "https://www.smtu.ru/ru/viewperson/123001/"
  },
  {
    "DayOfWeek": "Пятница",
    "StartTime": "2024-03-04T14:00:00",
    "EndTime": "2024-03-04T15:30:00",
    "WeekType": "Верхняя неделя",
    "Classroom": "У 161",
    "Group": "2230",
    "Subject": "Технология конструкционных материалов",
    "InstructorName": "Греков Андрей Анатольевич",
    "InstructorLink": ""
  },
  {
    "DayOfWeek": "Пятница",
    "StartTime": "2024-03-04T15:40:00",
    "EndTime": "2024-03-04T17:10:00",
    "WeekType": "Верхняя неделя",
    "Classroom": "У 245а",
    "Group": "2230",
    "Subject": "Технология конструкционных материалов",
    "InstructorName": "Юнусов Фируз Абдукадимович",
    "InstructorLink": ""
  },
  {
    "DayOfWeek": "Пятница",
    "StartTime": "2024-03-04T15:40:00",
    "EndTime": "2024-03-04T17:10:00",
    "WeekType": "Верхняя неделя",
    "Classroom": "У 245",
    "Group": "2230",
    "Subject": "Технология конструкционных материалов",
    "InstructorName": "Греков Андрей Анатольевич",
    "InstructorLink": ""
  },
  {
    "DayOfWeek": "Суббота",
    "StartTime": "2024-03-04T08:30:00",
    "EndTime": "2024-03-04T10:00:00",
    "WeekType": "Обе недели",
    "Classroom": "Б 510",
    "Group": "2230",
    "Subject": "Термодинамика и теплопередача",
    "InstructorName": "Алексин Евгений Николаевич",
    "InstructorLink": "https://www.smtu.ru/ru/viewperson/106151/"
  },
  {
    "DayOfWeek": "Суббота",
    "StartTime": "2024-03-04T10:10:00",
    "EndTime": "2024-03-04T11:40:00",
    "WeekType": "Обе недели",
    "Classroom": "Б 510",
    "Group": "2230",
    "Subject": "Термодинамика и теплопередача",
    "InstructorName": "Алексин Евгений Николаевич",
    "InstructorLink": "https://www.smtu.ru/ru/viewperson/106151/"
  }
]