[
  {
    "DayOfWeek": "Понедельник",
    "StartTime": "2024-03-04T08:30:00",
    "EndTime": "2024-03-04T10:00:00",
    "WeekType": "Обе недели",
    "Classroom": "А 517",
    "Group": "2250",
    "Subject": "Защита от разрушающих программных воздействий",
    "InstructorName": "Цымай Юлия Валерьевна",
    "InstructorLink": ""
  },
  {
    "DayOfWeek": "Понедельник",
    "StartTime": "2024-03-04T10:10:00",
    "EndTime": "2024-03-04T11:40:00",
    "WeekType": "Обе недели",
    "Classroom": "А 517",
    "Group": "2250",
    "Subject": "Защита от разрушающих программных воздействий",
    "InstructorName": "Цымай Юлия Валерьевна",
    "InstructorLink": ""
  },
  {
    "DayOfWeek": "Понедельник",
    "StartTime": "2024-03-04T11:50:00",
    "EndTime": "2024-03-04T13:20:00",
    "WeekType": "Обе недели",
    "Classroom": "А 442",
    "Group": "2250",
    "Subject": "Документоведение и конфиденциальное делопроизводство",
    "InstructorName": "Прокофьева Ольга Евгеньевна",
    "InstructorLink": ""
  },
  {
    "DayOfWeek": "Понедельник",
    "StartTime": "2024-03-04T14:00:00",
    "EndTime": "2024-03-04T15:30:00",
    "WeekType": "Верхняя неделя",
    "Classroom": "А 442",
    "Group": "2250",
    "Subject": "Документоведение и конфиденциальное делопроизводство",
    "InstructorName": "Прокофьева Ольга Евгеньевна",
    "InstructorLink": ""
  },
  {
    "DayOfWeek": "Понедельник",
    "StartTime": "2024-03-04T15:40:00",
    "EndTime": "2024-03-04T17:10:00",
    "WeekType": "Нижняя неделя",
    "Classroom": "У каф.ФВ",
    "Group": "2250",
    "Subject": "Физическая культура и спорт (элективная)",
    "InstructorName": "",
    "InstructorLink": ""
  },
  {
    "DayOfWeek": "Вторник",
    "StartTime": "2024-03-04T11:50:00",
    "EndTime": "2024-03-04T13:20:00",
    "WeekType": "Верхняя неделя",
    "Classroom": "А 407",
    "Group": "2250",
    "Subject": "Документоведение и конфиденциальное делопроизводство",
    "InstructorName": "Прокофьева Ольга Евгеньевна",
    "InstructorLink": ""
  },
  {
    "DayOfWeek": "Вторник",
    "StartTime": "2024-03-04T14:00:00",
    "EndTime": "2024-03-04T15:30:00",
    "WeekType": "Верхняя неделя",
    "Classroom": "А 407",
    "Group": "2250",
    "Subject": "Защита информации от утечки по техническим каналам",
    "InstructorName": "Кардакова Мария Владимировна",
    "InstructorLink": ""
  },
  {
    "DayOfWeek": "Вторник",
    "StartTime": "2024-03-04T14:00:00",
    "EndTime": "2024-03-04T15:30:00",
    "WeekType": "Нижняя неделя",
    "Classroom": "А 407",
    "Group": "2250",
    "Subject": "Аппаратные средства вычислительной техники",
    "InstructorName": "Пирогов Александр Анатольевич",
    "InstructorLink": ""
  },
  {
    "DayOfWeek": "Вторник",
    "StartTime": "2024-03-04T15:40:00",
    "EndTime": "2024-03-04T17:10:00",
    "WeekType": "Верхняя неделя",
    "Classroom": "А 417-1",
    "Group": "2250",
    "Subject": "Защита информации от утечки по техническим каналам",
    "InstructorName": "Кардакова Мария Владимировна",
    "InstructorLink": ""
  },
  {
    "DayOfWeek": "Вторник",
    "StartTime": "2024-03-04T15:40:00",
    "EndTime": "2024-03-04T17:10:00",
    "WeekType": "Нижняя неделя",
    "Classroom": "А 435",
    "Group": "2250",
    "Subject": "Аппаратные средства вычислительной техники",
    "InstructorName": "Пирогов Александр Анатольевич",
    "InstructorLink": ""
  },
  {
    "DayOfWeek": "Вторник",
    "StartTime": "2024-03-04T17:20:00",
    "EndTime": "2024-03-04T18:50:00",
    "WeekType": "Нижняя неделя",
    "Classroom": "А 407",
    "Group": "2250",
    "Subject": "Сертификация систем и средств защиты информации",
    "InstructorName": "Алексеев Анатолий Владимирович",
    "InstructorLink": "https://www.smtu.ru/ru/viewperson/100015/"
  },
  {
    "DayOfWeek": "Среда",
    "StartTime": "2024-03-04T11:50:00",
    "EndTime": "2024-03-04T13:20:00",
    "WeekType": "Нижняя неделя",
    "Classroom": "А 517",
    "Group": "2250",
    "Subject": "Сертификация систем и средств защиты информации",
    "InstructorName": "Алексеев Анатолий Владимирович",
    "InstructorLink": "https://www.smtu.ru/ru/viewperson/100015/"
  },
  {
    "DayOfWeek": "Среда",
    "StartTime": "2024-03-04T14:00:00",
    "EndTime": "2024-03-04T15:30:00",
    "WeekType": "Верхняя неделя",
    "Classroom": "А 458",
    "Group": "2250",
    "Subject": "Аппаратные средства вычислительной техники",
    "InstructorName": "Пирогов Александр Анатольевич",
    "InstructorLink": ""
  },
  {
    "DayOfWeek": "Среда",
    "StartTime": "2024-03-04T14:00:00",
    "EndTime": "2024-03-04T15:30:00",
    "WeekType": "Нижняя неделя",
    "Classroom": "А 435",
    "Group": "2250",
    "Subject": "Сертификация систем и средств защиты информации",
    "InstructorName": "Алексеев Анатолий Владимирович",
    "InstructorLink": "https://www.smtu.ru/ru/viewperson/100015/"
  },
  {
    "DayOfWeek": "Среда",
    "StartTime": "2024-03-04T15:40:00",
    "EndTime": "2024-03-04T17:10:00",
    "WeekType": "Обе недели",
    "Classroom": "А 407",
    "Group": "2250",
    "Subject": "Безопасность операционных систем",
    "InstructorName": "Пирогов Александр Анатольевич",
    "InstructorLink": ""
  },
  {
    "DayOfWeek": "Среда",
    "StartTime": "2024-03-04T17:20:00",
    "EndTime": "2024-03-04T18:50:00",
    "WeekType": "Верхняя неделя",
    "Classroom": "А 413",
    "Group": "2250",
    "Subject": "Безопасность операционных систем",
    "InstructorName": "Пирогов Александр Анатольевич",
    "InstructorLink": ""
  },
  {
    "DayOfWeek": "Среда",
    "StartTime": "2024-03-04T17:20:00",
    "EndTime": "2024-03-04T18:50:00",
    "WeekType": "Нижняя неделя",
    "Classroom": "А 413",
    "Group": "2250",
    "Subject": "Безопасность операционных систем",
    "InstructorName": "Пирогов Александр Анатольевич",
    "InstructorLink": ""
  },
  {
    "DayOfWeek": "Четверг",
    "StartTime": "2024-03-04T08:30:00",
    "EndTime": "2024-03-04T10:00:00",
    "WeekType": "Обе недели",
    "Classroom": "А ВУЦ",
    "Group": "2250",
    "Subject": "Военная подготовка (офицеры запаса)",
    "InstructorName": "",
    "InstructorLink": ""
  },
  {
    "DayOfWeek": "Четверг",
    "StartTime": "2024-03-04T10:10:00",
    "EndTime": "2024-03-04T11:40:00",
    "WeekType": "Обе недели",
    "Classroom": "А ВУЦ",
    "Group": "2250",
    "Subject": "Военная подготовка (офицеры запаса)",
    "InstructorName": "",
    "InstructorLink": ""
  },
  {
    "DayOfWeek": "Четверг",
    "StartTime": "2024-03-04T11:50:00",
    "EndTime": "2024-03-04T13:20:00",
    "WeekType": "Обе недели",
    "Classroom": "А ВУЦ",
    "Group": "2250",
    "Subject": "Военная подготовка (офицеры запаса)",
    "InstructorName": "",
    "InstructorLink": ""
  },
  {
    "DayOfWeek": "Пятница",
    "StartTime": "2024-03-04T08:30:00",
    "EndTime": "2024-03-04T10:00:00",
    "WeekType": "Нижняя неделя",
    "Classroom": "У 451",
    "Group": "2250",
    "Subject": "Дискретная математика",
    "InstructorName": "Володичева Маргарита Ивановна",
    "InstructorLink": "https://www.smtu.ru/ru/viewperson/100229/"
  },
  {
    "DayOfWeek": "Пятница",
    "StartTime": "2024-03-04T10:10:00",
    "EndTime": "2024-03-04T11:40:00",
    "WeekType": "Верхняя неделя",
    "Classroom": "У 154",
    "Group": "2250",
    "Subject": "Математическая логика и теория алгоритмов",
    "InstructorName": "Ловягин Юрий Никитич",
    "InstructorLink": "https://www.smtu.ru/ru/viewperson/104352/"
  },
  {
    "DayOfWeek": "Пятница",
    "StartTime": "2024-03-04T10:10:00",
    "EndTime": "2024-03-04T11:40:00",
    "WeekType": "Нижняя неделя",
    "Classroom": "У 451",
    "Group": "2250",
    "Subject": "Дискретная математика",
    "InstructorName": "Володичева Маргарита Ивановна",
    "InstructorLink": "https://www.smtu.ru/ru/viewperson/100229/"
  },
  {
    "DayOfWeek": "Пятница",
    "StartTime": "2024-03-04T11:50:00",
    "EndTime": "2024-03-04T13:20:00",
    "WeekType": "Обе недели",
    "Classroom": "У 161",
    "Group": "2250",
    "Subject": "Математическая логика и теория алгоритмов",
    "InstructorName": "Ловягин Юрий Никитич",
    "InstructorLink": "https://www.smtu.ru/ru/viewperson/104352/"
  },
  {
    "DayOfWeek": "Пятница",
    "StartTime": "2024-03-04T14:00:00",
    "EndTime": "2024-03-04T15:30:00",
    "WeekType": "Обе недели",
    "Classroom": "У каф.ФВ",
    "Group": "2250",
    "Subject": "Физическая культура и спорт (элективная)",
    "InstructorName": "",
    "InstructorLink": ""
  },
  {
    "DayOfWeek": "Суббота",
    "StartTime": "2024-03-04T10:10:00",
    "EndTime": "2024-03-04T11:40:00",
    "WeekType": "Верхняя неделя",
    "Classroom": "У каф.ФВ",
    "Group": "2250",
    "Subject": "Физическая культура и спорт (элективная)",
    "InstructorName": "",
    "InstructorLink": ""
  },
  {
    "DayOfWeek": "Суббота",
    "StartTime": "2024-03-04T10:10:00",
    "EndTime": "2024-03-04T11:40:00",
    "WeekType": "Нижняя неделя",
    "Classroom": "У 107",
    "Group": "2250",
    "Subject": "Дискретная математика",
    "InstructorName": "Володичева Маргарита Ивановна",
    "InstructorLink": "https://www.smtu.ru/ru/viewperson/100229/"
  },
  {
    "DayOfWeek": "Суббота",
    "StartTime": "2024-03-04T11:50:00",
    "EndTime": "2024-03-04T13:20:00",
    "WeekType": "Верхняя неделя",
    "Classroom": "У 105",
    "Group": "2250",
    "Subject": "Дискретная математика",
    "InstructorName": "Володичева Маргарита Ивановна",
    "InstructorLink": "https://www.smtu.ru/ru/viewperson/100229/"
  },
  {
    "DayOfWeek": "Суббота",
    "StartTime": "2024-03-04T11:50:00",
    "EndTime": "2024-03-04T13:20:00",
    "WeekType": "Нижняя неделя",
    "Classroom": "У 107",
    "Group": "2250",
    "Subject": "Философия",
    "InstructorName": "Шмырева Ольга Валерьевна",
    "InstructorLink": "https://www.smtu.ru/ru/viewperson/101372/"
  },
  {
    "DayOfWeek": "Суббота",
    "StartTime": "2024-03-04T14:00:00",
    "EndTime": "2024-03-04T15:30:00",
    "WeekType": "Верхняя неделя",
    "Classroom": "У 105",
    "Group": "2250",
    "Subject": "Философия",
    "InstructorName": "Шмырева Ольга Валерьевна",
    "InstructorLink": "https://www.smtu.ru/ru/viewperson/101372/"
  }
]