[
  {
    "DayOfWeek": "Понедельник",
    "StartTime": "2024-03-04T08:30:00",
    "EndTime": "2024-03-04T10:00:00",
    "WeekType": "Нижняя неделя",
    "Classroom": "А 414",
    "Group": "2294",
    "Subject": "Теория автоматического управления",
    "InstructorName": "Иванчик Ольга Игоревна",
    "InstructorLink": ""
  },
  {
    "DayOfWeek": "Понедельник",
    "StartTime": "2024-03-04T10:10:00",
    "EndTime": "2024-03-04T11:40:00",
    "WeekType": "Нижняя неделя",
    "Classroom": "А 414",
    "Group": "2294",
    "Subject": "Теория автоматического управления",
    "InstructorName": "Иванчик Ольга Игоревна",
    "InstructorLink": ""
  },
  {
    "DayOfWeek": "Понедельник",
    "StartTime": "2024-03-04T14:00:00",
    "EndTime": "2024-03-04T15:30:00",
    "WeekType": "Нижняя неделя",
    "Classroom": "У каф.ФВ",
    "Group": "2294",
    "Subject": "Физическая культура и спорт (элективная)",
    "InstructorName": "",
    "InstructorLink": ""
  },
  {
    "DayOfWeek": "Вторник",
    "StartTime": "2024-03-04T08:30:00",
    "EndTime": "2024-03-04T10:00:00",
    "WeekType": "Верхняя неделя",
    "Classroom": "У каф.ФВ",
    "Group": "2294",
    "Subject": "Физическая культура и спорт (элективная)",
    "InstructorName": "",
    "InstructorLink": ""
  },
  {
    "DayOfWeek": "Вторник",
    "StartTime": "2024-03-04T10:10:00",
    "EndTime": "2024-03-04T11:40:00",
    "WeekType": "Нижняя неделя",
    "Classroom": "А 517",
    "Group": "2294",
    "Subject": "Компьютерное моделирование",
    "InstructorName": "Кичигина Ольга Юрьевна",
    "InstructorLink": ""
  },
  {
    "DayOfWeek": "Вторник",
    "StartTime": "2024-03-04T11:50:00",
    "EndTime": "2024-03-04T13:20:00",
    "WeekType": "Верхняя неделя",
    "Classroom": "Б 503",
    "Group": "2294",
    "Subject": "Электроника",
    "InstructorName": "Агунов Михаил Викторович",
    "InstructorLink": "https://www.smtu.ru/ru/viewperson/100006/"
  },
  {
    "DayOfWeek": "Вторник",
    "StartTime": "2024-03-04T11:50:00",
    "EndTime": "2024-03-04T13:20:00",
    "WeekType": "Нижняя неделя",
    "Classroom": "А 517",
    "Group": "2294",
    "Subject": "Компьютерное моделирование",
    "InstructorName": "Кичигина Ольга Юрьевна",
    "InstructorLink": ""
  },
  {
    "DayOfWeek": "Вторник",
    "StartTime": "2024-03-04T14:00:00",
    "EndTime": "2024-03-04T15:30:00",
    "WeekType": "Верхняя неделя",
    "Classroom": "Б 508",
    "Group": "2294",
    "Subject": "Метрология, стандартизация и сертификация",
    "InstructorName": "Быстров Владимир Александрович",
    "InstructorLink": ""
  },
  {
    "DayOfWeek": "Вторник",
    "StartTime": "2024-03-04T14:00:00",
    "EndTime": "2024-03-04T15:30:00",
    "WeekType": "Нижняя неделя",
    "Classroom": "Б 415",
    "Group": "2294",
    "Subject": "Электроника",
    "InstructorName": "Агунов Михаил Викторович",
    "InstructorLink": "https://www.smtu.ru/ru/viewperson/100006/"
  },
  {
    "DayOfWeek": "Вторник",
    "StartTime": "2024-03-04T15:40:00",
    "EndTime": "2024-03-04T17:10:00",
    "WeekType": "Обе недели",
    "Classroom": "Б 508",
    "Group": "2294",
    "Subject": "Электроника",
    "InstructorName": "Агунов Михаил Викторович",
    "InstructorLink": "https://www.smtu.ru/ru/viewperson/100006/"
  },
  {
    "DayOfWeek": "Среда",
    "StartTime": "2024-03-04T10:10:00",
    "EndTime": "2024-03-04T11:40:00",
    "WeekType": "Обе недели",
    "Classroom": "А 407",
    "Group": "2294",
    "Subject": "Теория автоматического управления",
    "InstructorName": "Согонов Сергей Александрович",
    "InstructorLink": "https://www.smtu.ru/ru/viewperson/101123/"
  },
  {
    "DayOfWeek": "Среда",
    "StartTime": "2024-03-04T11:50:00",
    "EndTime": "2024-03-04T13:20:00",
    "WeekType": "Обе недели",
    "Classroom": "А 435",
    "Group": "2294",
    "Subject": "Метрология, стандартизация и сертификация",
    "InstructorName": "Быстров Владимир Александрович",
    "InstructorLink": ""
  },
  {
    "DayOfWeek": "Среда",
    "StartTime": "2024-03-04T14:00:00",
    "EndTime": "2024-03-04T15:30:00",
    "WeekType": "Верхняя неделя",
    "Classroom": "А 414",
    "Group": "2294",
    "Subject": "Теория автоматического управления",
    "InstructorName": "Иванчик Ольга Игоревна",
    "InstructorLink": ""
  },
  {
    "DayOfWeek": "Четверг",
    "StartTime": "2024-03-04T08:30:00",
    "EndTime": "2024-03-04T10:00:00",
    "WeekType": "Обе недели",
    "Classroom": "А ВУЦ",
    "Group": "2294",
    "Subject": "Военная подготовка (кадровые офицеры)",
    "InstructorName": "",
    "InstructorLink": ""
  },
  {
    "DayOfWeek": "Четверг",
    "StartTime": "2024-03-04T10:10:00",
    "EndTime": "2024-03-04T11:40:00",
    "WeekType": "Верхняя неделя",
    "Classroom": "А ВУЦ",
    "Group": "2294",
    "Subject": "Военная подготовка (кадровые офицеры)",
    "InstructorName": "",
    "InstructorLink": ""
  },
  {
    "DayOfWeek": "Пятница",
    "StartTime": "2024-03-04T10:10:00",
    "EndTime": "2024-03-04T11:40:00",
    "WeekType": "Верхняя неделя",
    "Classroom": "У 107",
    "Group": "2294",
    "Subject": "Философия",
    "InstructorName": "Шмырева Ольга Валерьевна",
    "InstructorLink": "https://www.smtu.ru/ru/viewperson/101372/"
  },
  {
    "DayOfWeek": "Пятница",
    "StartTime": "2024-03-04T10:10:00",
    "EndTime": "2024-03-04T11:40:00",
    "WeekType": "Нижняя неделя",
    "Classroom": "У каф.ФВ",
    "Group": "2294",
    "Subject": "Физическая культура и спорт (элективная)",
    "InstructorName": "",
    "InstructorLink": ""
  },
  {
    "DayOfWeek": "Пятница",
    "StartTime": "2024-03-04T11:50:00",
    "EndTime": "2024-03-04T13:20:00",
    "WeekType": "Обе недели",
    "Classroom": "У 504",
    "Group": "2294",
    "Subject": "Высшая математика",
    "InstructorName": "Володичева Маргарита Ивановна",
    "InstructorLink": "https://www.smtu.ru/ru/viewperson/100229/"
  },
  {
    "DayOfWeek": "Пятница",
    "StartTime": "2024-03-04T14:00:00",
    "EndTime": "2024-03-04T15:30:00",
    "WeekType": "Обе недели",
    "Classroom": "У 511",
    "Group": "2294",
    "Subject": "Высшая математика",
    "InstructorName": "Русина Лариса Германовна",
    "InstructorLink": "https://www.smtu.ru/ru/viewperson/123501/"
  },
  {
    "DayOfWeek": "Пятница",
    "StartTime": "2024-03-04T15:40:00",
    "EndTime": "2024-03-04T17:10:00",
    "WeekType": "Верхняя неделя",
    "Classroom": "У 420",
    "Group": "2294",
    "Subject": "Термодинамика и тепломассообмен",
    "InstructorName": "Малых Николай Павлович",
    "InstructorLink": ""
  },
  {
    "DayOfWeek": "Пятница",
    "StartTime": "2024-03-04T15:40:00",
    "EndTime": "2024-03-04T17:10:00",
    "WeekType": "Нижняя неделя",
    "Classroom": "У 440",
    "Group": "2294",
    "Subject": "Философия",
    "InstructorName": "Шмырева Ольга Валерьевна",
    "InstructorLink": "https://www.smtu.ru/ru/viewperson/101372/"
  },
  {
    "DayOfWeek": "Суббота",
    "StartTime": "2024-03-04T08:30:00",
    "EndTime": "2024-03-04T10:00:00",
    "WeekType": "Верхняя неделя",
    "Classroom": "У 311",
    "Group": "2294",
    "Subject": "Детали машин",
    "InstructorName": "Соловьев Александр Александрович",
    "InstructorLink": ""
  },
  {
    "DayOfWeek": "Суббота",
    "StartTime": "2024-03-04T08:30:00",
    "EndTime": "2024-03-04T10:00:00",
    "WeekType": "Нижняя неделя",
    "Classroom": "У 311",
    "Group": "2294",
    "Subject": "Детали машин",
    "InstructorName": "Соловьев Александр Александрович",
    "InstructorLink": ""
  },
  {
    "DayOfWeek": "Суббота",
    "StartTime": "2024-03-04T10:10:00",
    "EndTime": "2024-03-04T11:40:00",
    "WeekType": "Обе недели",
    "Classroom": "У 105",
    "Group": "2294",
    "Subject": "Детали машин",
    "InstructorName": "Соловьев Александр Александрович",
    "InstructorLink": ""
  },
  {
    "DayOfWeek": "Суббота",
    "StartTime": "2024-03-04T11:50:00",
    "EndTime": "2024-03-04T13:20:00",
    "WeekType": "Верхняя неделя",
    "Classroom": "У каф.ФВ",
    "Group": "2294",
    "Subject": "Физическая культура и спорт (элективная)",
    "InstructorName": "",
    "InstructorLink": ""
  },
  {
    "DayOfWeek": "Суббота",
    "StartTime": "2024-03-04T11:50:00",
    "EndTime": "2024-03-04T13:20:00",
    "WeekType": "Нижняя неделя",
    "Classroom": "У 514",
    "Group": "2294",
    "Subject": "Термодинамика и тепломассообмен",
    "InstructorName": "Малых Николай Павлович",
    "InstructorLink": ""
  },
  {
    "DayOfWeek": "Суббота",
    "StartTime": "2024-03-04T14:00:00",
    "EndTime": "2024-03-04T15:30:00",
    "WeekType": "Нижняя неделя",
    "Classroom": "У 514",
    "Group": "2294",
    "Subject": "Термодинамика и тепломассообмен",
    "InstructorName": "Малых Николай Павлович",
    "InstructorLink": ""
  }
]