[
  {
    "DayOfWeek": "Понедельник",
    "StartTime": "2024-03-04T08:30:00",
    "EndTime": "2024-03-04T10:00:00",
    "WeekType": "Обе недели",
    "Classroom": "А ВУЦ",
    "Group": "2300",
    "Subject": "Военная подготовка (офицеры запаса)",
    "InstructorName": "",
    "InstructorLink": ""
  },
  {
    "DayOfWeek": "Понедельник",
    "StartTime": "2024-03-04T10:10:00",
    "EndTime": "2024-03-04T11:40:00",
    "WeekType": "Обе недели",
    "Classroom": "А ВУЦ",
    "Group": "2300",
    "Subject": "Военная подготовка (офицеры запаса)",
    "InstructorName": "",
    "InstructorLink": ""
  },
  {
    "DayOfWeek": "Понедельник",
    "StartTime": "2024-03-04T11:50:00",
    "EndTime": "2024-03-04T13:20:00",
    "WeekType": "Обе недели",
    "Classroom": "А ВУЦ",
    "Group": "2300",
    "Subject": "Военная подготовка (офицеры запаса)",
    "InstructorName": "",
    "InstructorLink": ""
  },
  {
    "DayOfWeek": "Вторник",
    "StartTime": "2024-03-04T08:30:00",
    "EndTime": "2024-03-04T10:00:00",
    "WeekType": "Обе недели",
    "Classroom": "А 404",
    "Group": "2300",
    "Subject": "Теплообменное оборудование нефтегазовых комплексов",
    "InstructorName": "Кучинский Дмитрий Михайлович",
    "InstructorLink": ""
  },
  {
    "DayOfWeek": "Вторник",
    "StartTime": "2024-03-04T10:10:00",
    "EndTime": "2024-03-04T11:40:00",
    "WeekType": "Верхняя неделя",
    "Classroom": "А 404",
    "Group": "2300",
    "Subject": "Теплообменное оборудование нефтегазовых комплексов",
    "InstructorName": "Кучинский Дмитрий Михайлович",
    "InstructorLink": ""
  },
  {
    "DayOfWeek": "Вторник",
    "StartTime": "2024-03-04T10:10:00",
    "EndTime": "2024-03-04T11:40:00",
    "WeekType": "Нижняя неделя",
    "Classroom": "А 404",
    "Group": "2300",
    "Subject": "Теплообменное оборудование нефтегазовых комплексов",
    "InstructorName": "Кучинский Дмитрий Михайлович",
    "InstructorLink": ""
  },
  {
    "DayOfWeek": "Вторник",
    "StartTime": "2024-03-04T11:50:00",
    "EndTime": "2024-03-04T13:20:00",
    "WeekType": "Верхняя неделя",
    "Classroom": "А 404",
    "Group": "2300",
    "Subject": "Теплообменное оборудование нефтегазовых комплексов",
    "InstructorName": "Кучинский Дмитрий Михайлович",
    "InstructorLink": ""
  },
  {
    "DayOfWeek": "Вторник",
    "StartTime": "2024-03-04T14:00:00",
    "EndTime": "2024-03-04T15:30:00",
    "WeekType": "Нижняя неделя",
    "Classroom": "У каф.ФВ",
    "Group": "2300",
    "Subject": "Физическая культура и спорт (элективная)",
    "InstructorName": "",
    "InstructorLink": ""
  },
  {
    "DayOfWeek": "Вторник",
    "StartTime": "2024-03-04T15:40:00",
    "EndTime": "2024-03-04T17:10:00",
    "WeekType": "Верхняя неделя",
    "Classroom": "У каф.ФВ",
    "Group": "2300",
    "Subject": "Физическая культура и спорт (элективная)",
    "InstructorName": "",
    "InstructorLink": ""
  },
  {
    "DayOfWeek": "Среда",
    "StartTime": "2024-03-04T10:10:00",
    "EndTime": "2024-03-04T11:40:00",
    "WeekType": "Обе недели",
    "Classroom": "У каф.ФВ",
    "Group": "2300",
    "Subject": "Физическая культура и спорт (элективная)",
    "InstructorName": "",
    "InstructorLink": ""
  },
  {
    "DayOfWeek": "Среда",
    "StartTime": "2024-03-04T14:00:00",
    "EndTime": "2024-03-04T15:30:00",
    "WeekType": "Обе недели",
    "Classroom": "А 404",
    "Group": "2300",
    "Subject": "Производство и регазификация сжиженного природного газа",
    "InstructorName": "Кучинский Дмитрий Михайлович",
    "InstructorLink": ""
  },
  {
    "DayOfWeek": "Среда",
    "StartTime": "2024-03-04T15:40:00",
    "EndTime": "2024-03-04T17:10:00",
    "WeekType": "Верхняя неделя",
    "Classroom": "А 404",
    "Group": "2300",
    "Subject": "Производство и регазификация сжиженного природного газа",
    "InstructorName": "Кучинский Дмитрий Михайлович",
    "InstructorLink": ""
  },
  {
    "DayOfWeek": "Среда",
    "StartTime": "2024-03-04T15:40:00",
    "EndTime": "2024-03-04T17:10:00",
    "WeekType": "Нижняя неделя",
    "Classroom": "А 404",
    "Group": "2300",
    "Subject": "Производство и регазификация сжиженного природного газа",
    "InstructorName": "Кучинский Дмитрий Михайлович",
    "InstructorLink": ""
  },
  {
    "DayOfWeek": "Среда",
    "StartTime": "2024-03-04T17:20:00",
    "EndTime": "2024-03-04T18:50:00",
    "WeekType": "Верхняя неделя",
    "Classroom": "А 404",
    "Group": "2300",
    "Subject": "Производство и регазификация сжиженного природного газа",
    "InstructorName": "Кучинский Дмитрий Михайлович",
    "InstructorLink": ""
  },
  {
    "DayOfWeek": "Четверг",
    "StartTime": "2024-03-04T10:10:00",
    "EndTime": "2024-03-04T11:40:00",
    "WeekType": "Обе недели",
    "Classroom": "А 319",
    "Group": "2300",
    "Subject": "Электропривод",
    "InstructorName": "Михлин Валерий Григорьевич",
    "InstructorLink": ""
  },
  {
    "DayOfWeek": "Четверг",
    "StartTime": "2024-03-04T11:50:00",
    "EndTime": "2024-03-04T13:20:00",
    "WeekType": "Обе недели",
    "Classroom": "А 319",
    "Group": "2300",
    "Subject": "Электропривод",
    "InstructorName": "Михлин Валерий Григорьевич",
    "InstructorLink": ""
  },
  {
    "DayOfWeek": "Четверг",
    "StartTime": "2024-03-04T14:00:00",
    "EndTime": "2024-03-04T15:30:00",
    "WeekType": "Обе недели",
    "Classroom": "А 537а",
    "Group": "2300",
    "Subject": "Техническое обслуживание и ремонт оборудования морских нефтегазовых сооружений",
    "InstructorName": "Вегнер Антон Викторович",
    "InstructorLink": ""
  },
  {
    "DayOfWeek": "Четверг",
    "StartTime": "2024-03-04T15:40:00",
    "EndTime": "2024-03-04T17:10:00",
    "WeekType": "Верхняя неделя",
    "Classroom": "А 537а",
    "Group": "2300",
    "Subject": "Техническое обслуживание и ремонт оборудования морских нефтегазовых сооружений",
    "InstructorName": "Вегнер Антон Викторович",
    "InstructorLink": ""
  },
  {
    "DayOfWeek": "Четверг",
    "StartTime": "2024-03-04T15:40:00",
    "EndTime": "2024-03-04T17:10:00",
    "WeekType": "Нижняя неделя",
    "Classroom": "А 404",
    "Group": "2300",
    "Subject": "Энергетическое оборудование подводных станций",
    "InstructorName": "Балакин Алексей Васильевич",
    "InstructorLink": "https://www.smtu.ru/ru/viewperson/103025/"
  },
  {
    "DayOfWeek": "Суббота",
    "StartTime": "2024-03-04T08:30:00",
    "EndTime": "2024-03-04T10:00:00",
    "WeekType": "Верхняя неделя",
    "Classroom": "Б 601",
    "Group": "2300",
    "Subject": "Энергетическое оборудование подводных станций",
    "InstructorName": "Балакин Алексей Васильевич",
    "InstructorLink": "https://www.smtu.ru/ru/viewperson/103025/"
  },
  {
    "DayOfWeek": "Суббота",
    "StartTime": "2024-03-04T10:10:00",
    "EndTime": "2024-03-04T11:40:00",
    "WeekType": "Верхняя неделя",
    "Classroom": "Б 601",
    "Group": "2300",
    "Subject": "Энергетическое оборудование подводных станций",
    "InstructorName": "Балакин Алексей Васильевич",
    "InstructorLink": "https://www.smtu.ru/ru/viewperson/103025/"
  },
  {
    "DayOfWeek": "Суббота",
    "StartTime": "2024-03-04T10:10:00",
    "EndTime": "2024-03-04T11:40:00",
    "WeekType": "Нижняя неделя",
    "Classroom": "А 404",
    "Group": "2300",
    "Subject": "Энергетическое оборудование подводных станций",
    "InstructorName": "Балакин Алексей Васильевич",
    "InstructorLink": "https://www.smtu.ru/ru/viewperson/103025/"
  },
  {
    "DayOfWeek": "Суббота",
    "StartTime": "2024-03-04T11:50:00",
    "EndTime": "2024-03-04T13:20:00",
    "WeekType": "Верхняя неделя",
    "Classroom": "Б 601",
    "Group": "2300",
    "Subject": "Энергетическое оборудование подводных станций",
    "InstructorName": "Балакин Алексей Васильевич",
    "InstructorLink": "https://www.smtu.ru/ru/viewperson/103025/"
  },
  {
    "DayOfWeek": "Суббота",
    "StartTime": "2024-03-04T11:50:00",
    "EndTime": "2024-03-04T13:20:00",
    "WeekType": "Нижняя неделя",
    "Classroom": "А 404",
    "Group": "2300",
    "Subject": "Энергетическое оборудование подводных станций",
    "InstructorName": "Балакин Алексей Васильевич",
    "InstructorLink": "https://www.smtu.ru/ru/viewperson/103025/"
  },
  {
    "DayOfWeek": "Суббота",
    "StartTime": "2024-03-04T14:00:00",
    "EndTime": "2024-03-04T15:30:00",
    "WeekType": "Обе недели",
    "Classroom": "А 404",
    "Group": "2300",
    "Subject": "Оборудование трубопроводных систем нефти и газа",
    "InstructorName": "Алексин Евгений Николаевич",
    "InstructorLink": "https://www.smtu.ru/ru/viewperson/106151/"
  },
  {
    "DayOfWeek": "Суббота",
    "StartTime": "2024-03-04T15:40:00",
    "EndTime": "2024-03-04T17:10:00",
    "WeekType": "Нижняя неделя",
    "Classroom": "А 404",
    "Group": "2300",
    "Subject": "Оборудование трубопроводных систем нефти и газа",
    "InstructorName": "Алексин Евгений Николаевич",
    "InstructorLink": "https://www.smtu.ru/ru/viewperson/106151/"
  }
]