[
  {
    "DayOfWeek": "Понедельник",
    "StartTime": "2024-03-04T08:30:00",
    "EndTime": "2024-03-04T10:00:00",
    "WeekType": "Обе недели",
    "Classroom": "А ВУЦ",
    "Group": "2310",
    "Subject": "Военная подготовка (офицеры запаса)",
    "InstructorName": "",
    "InstructorLink": ""
  },
  {
    "DayOfWeek": "Понедельник",
    "StartTime": "2024-03-04T10:10:00",
    "EndTime": "2024-03-04T11:40:00",
    "WeekType": "Обе недели",
    "Classroom": "А ВУЦ",
    "Group": "2310",
    "Subject": "Военная подготовка (офицеры запаса)",
    "InstructorName": "",
    "InstructorLink": ""
  },
  {
    "DayOfWeek": "Понедельник",
    "StartTime": "2024-03-04T11:50:00",
    "EndTime": "2024-03-04T13:20:00",
    "WeekType": "Обе недели",
    "Classroom": "А ВУЦ",
    "Group": "2310",
    "Subject": "Военная подготовка (офицеры запаса)",
    "InstructorName": "",
    "InstructorLink": ""
  },
  {
    "DayOfWeek": "Вторник",
    "StartTime": "2024-03-04T08:30:00",
    "EndTime": "2024-03-04T10:00:00",
    "WeekType": "Верхняя неделя",
    "Classroom": "А 338",
    "Group": "2310",
    "Subject": "Паротурбинные и газотурбинные установки",
    "InstructorName": "Безухов Андрей Павлович",
    "InstructorLink": "https://www.smtu.ru/ru/viewperson/100085/"
  },
  {
    "DayOfWeek": "Вторник",
    "StartTime": "2024-03-04T08:30:00",
    "EndTime": "2024-03-04T10:00:00",
    "WeekType": "Нижняя неделя",
    "Classroom": "А 338",
    "Group": "2310",
    "Subject": "Паротурбинные и газотурбинные установки",
    "InstructorName": "Безухов Андрей Павлович",
    "InstructorLink": "https://www.smtu.ru/ru/viewperson/100085/"
  },
  {
    "DayOfWeek": "Вторник",
    "StartTime": "2024-03-04T10:10:00",
    "EndTime": "2024-03-04T11:40:00",
    "WeekType": "Верхняя неделя",
    "Classroom": "А 338",
    "Group": "2310",
    "Subject": "Основы экспериментальных исследований турбоустановок",
    "InstructorName": "Безухов Андрей Павлович",
    "InstructorLink": "https://www.smtu.ru/ru/viewperson/100085/"
  },
  {
    "DayOfWeek": "Вторник",
    "StartTime": "2024-03-04T10:10:00",
    "EndTime": "2024-03-04T11:40:00",
    "WeekType": "Нижняя неделя",
    "Classroom": "А 338",
    "Group": "2310",
    "Subject": "Паротурбинные и газотурбинные установки",
    "InstructorName": "Безухов Андрей Павлович",
    "InstructorLink": "https://www.smtu.ru/ru/viewperson/100085/"
  },
  {
    "DayOfWeek": "Вторник",
    "StartTime": "2024-03-04T11:50:00",
    "EndTime": "2024-03-04T13:20:00",
    "WeekType": "Верхняя неделя",
    "Classroom": "А 340",
    "Group": "2310",
    "Subject": "Основы экспериментальных исследований турбоустановок",
    "InstructorName": "Безухов Андрей Павлович",
    "InstructorLink": "https://www.smtu.ru/ru/viewperson/100085/"
  },
  {
    "DayOfWeek": "Вторник",
    "StartTime": "2024-03-04T11:50:00",
    "EndTime": "2024-03-04T13:20:00",
    "WeekType": "Нижняя неделя",
    "Classroom": "А 340",
    "Group": "2310",
    "Subject": "Основы экспериментальных исследований турбоустановок",
    "InstructorName": "Безухов Андрей Павлович",
    "InstructorLink": "https://www.smtu.ru/ru/viewperson/100085/"
  },
  {
    "DayOfWeek": "Вторник",
    "StartTime": "2024-03-04T15:40:00",
    "EndTime": "2024-03-04T17:10:00",
    "WeekType": "Обе недели",
    "Classroom": "У каф.ФВ",
    "Group": "2310",
    "Subject": "Физическая культура и спорт (элективная)",
    "InstructorName": "",
    "InstructorLink": ""
  },
  {
    "DayOfWeek": "Среда",
    "StartTime": "2024-03-04T10:10:00",
    "EndTime": "2024-03-04T11:40:00",
    "WeekType": "Обе недели",
    "Classroom": "А 338",
    "Group": "2310",
    "Subject": "Динамика и прочность турбомашин",
    "InstructorName": "Ерохин Сергей Константинович",
    "InstructorLink": ""
  },
  {
    "DayOfWeek": "Среда",
    "StartTime": "2024-03-04T11:50:00",
    "EndTime": "2024-03-04T13:20:00",
    "WeekType": "Обе недели",
    "Classroom": "А 338",
    "Group": "2310",
    "Subject": "Динамика и прочность турбомашин",
    "InstructorName": "Ерохин Сергей Константинович",
    "InstructorLink": ""
  },
  {
    "DayOfWeek": "Среда",
    "StartTime": "2024-03-04T14:00:00",
    "EndTime": "2024-03-04T15:30:00",
    "WeekType": "Верхняя неделя",
    "Classroom": "А 338",
    "Group": "2310",
    "Subject": "Динамика и прочность турбомашин",
    "InstructorName": "Ерохин Сергей Константинович",
    "InstructorLink": ""
  },
  {
    "DayOfWeek": "Среда",
    "StartTime": "2024-03-04T15:40:00",
    "EndTime": "2024-03-04T17:10:00",
    "WeekType": "Нижняя неделя",
    "Classroom": "У каф.ФВ",
    "Group": "2310",
    "Subject": "Физическая культура и спорт (элективная)",
    "InstructorName": "",
    "InstructorLink": ""
  },
  {
    "DayOfWeek": "Четверг",
    "StartTime": "2024-03-04T10:10:00",
    "EndTime": "2024-03-04T11:40:00",
    "WeekType": "Нижняя неделя",
    "Classroom": "А 450",
    "Group": "2310",
    "Subject": "Основы проектирования паровых турбин и газотурбинных двигателей",
    "InstructorName": "Смирнов Александр Анатольевич",
    "InstructorLink": "https://www.smtu.ru/ru/viewperson/103256/"
  },
  {
    "DayOfWeek": "Четверг",
    "StartTime": "2024-03-04T11:50:00",
    "EndTime": "2024-03-04T13:20:00",
    "WeekType": "Верхняя неделя",
    "Classroom": "А 450",
    "Group": "2310",
    "Subject": "Основы проектирования паровых турбин и газотурбинных двигателей",
    "InstructorName": "Смирнов Александр Анатольевич",
    "InstructorLink": "https://www.smtu.ru/ru/viewperson/103256/"
  },
  {
    "DayOfWeek": "Четверг",
    "StartTime": "2024-03-04T11:50:00",
    "EndTime": "2024-03-04T13:20:00",
    "WeekType": "Нижняя неделя",
    "Classroom": "А 450",
    "Group": "2310",
    "Subject": "Основы проектирования паровых турбин и газотурбинных двигателей",
    "InstructorName": "Смирнов Александр Анатольевич",
    "InstructorLink": "https://www.smtu.ru/ru/viewperson/103256/"
  },
  {
    "DayOfWeek": "Четверг",
    "StartTime": "2024-03-04T14:00:00",
    "EndTime": "2024-03-04T15:30:00",
    "WeekType": "Верхняя неделя",
    "Classroom": "А 450",
    "Group": "2310",
    "Subject": "Конструкции и технология энергетических машин, системы и оборудование турбоустановок",
    "InstructorName": "Гордеев Николай Николаевич",
    "InstructorLink": ""
  },
  {
    "DayOfWeek": "Четверг",
    "StartTime": "2024-03-04T14:00:00",
    "EndTime": "2024-03-04T15:30:00",
    "WeekType": "Нижняя неделя",
    "Classroom": "А 450",
    "Group": "2310",
    "Subject": "Конструкции и технология энергетических машин, системы и оборудование турбоустановок",
    "InstructorName": "Гордеев Николай Николаевич",
    "InstructorLink": ""
  },
  {
    "DayOfWeek": "Четверг",
    "StartTime": "2024-03-04T15:40:00",
    "EndTime": "2024-03-04T17:10:00",
    "WeekType": "Верхняя неделя",
    "Classroom": "А 450",
    "Group": "2310",
    "Subject": "Конструкции и технология энергетических машин, системы и оборудование турбоустановок",
    "InstructorName": "Гордеев Николай Николаевич",
    "InstructorLink": ""
  },
  {
    "DayOfWeek": "Пятница",
    "StartTime": "2024-03-04T08:30:00",
    "EndTime": "2024-03-04T10:00:00",
    "WeekType": "Обе недели",
    "Classroom": "А 338",
    "Group": "2310",
    "Subject": "Парогенераторы на органическом топливе",
    "InstructorName": "Толмачев Валерий Вячеславович",
    "InstructorLink": ""
  },
  {
    "DayOfWeek": "Пятница",
    "StartTime": "2024-03-04T10:10:00",
    "EndTime": "2024-03-04T11:40:00",
    "WeekType": "Обе недели",
    "Classroom": "А 338",
    "Group": "2310",
    "Subject": "Парогенераторы на органическом топливе",
    "InstructorName": "Толмачев Валерий Вячеславович",
    "InstructorLink": ""
  },
  {
    "DayOfWeek": "Пятница",
    "StartTime": "2024-03-04T11:50:00",
    "EndTime": "2024-03-04T13:20:00",
    "WeekType": "Верхняя неделя",
    "Classroom": "А 338",
    "Group": "2310",
    "Subject": "Охлаждение деталей газовых турбин",
    "InstructorName": "Андреев Константин Дмитриевич",
    "InstructorLink": "https://www.smtu.ru/ru/viewperson/123490/"
  },
  {
    "DayOfWeek": "Пятница",
    "StartTime": "2024-03-04T11:50:00",
    "EndTime": "2024-03-04T13:20:00",
    "WeekType": "Нижняя неделя",
    "Classroom": "А 338",
    "Group": "2310",
    "Subject": "Охлаждение деталей газовых турбин",
    "InstructorName": "Андреев Константин Дмитриевич",
    "InstructorLink": "https://www.smtu.ru/ru/viewperson/123490/"
  },
  {
    "DayOfWeek": "Пятница",
    "StartTime": "2024-03-04T14:00:00",
    "EndTime": "2024-03-04T15:30:00",
    "WeekType": "Нижняя неделя",
    "Classroom": "А 338",
    "Group": "2310",
    "Subject": "Охлаждение деталей газовых турбин",
    "InstructorName": "Андреев Константин Дмитриевич",
    "InstructorLink": "https://www.smtu.ru/ru/viewperson/123490/"
  },
  {
    "DayOfWeek": "Пятница",
    "StartTime": "2024-03-04T15:40:00",
    "EndTime": "2024-03-04T17:10:00",
    "WeekType": "Верхняя неделя",
    "Classroom": "У каф.ФВ",
    "Group": "2310",
    "Subject": "Физическая культура и спорт (элективная)",
    "InstructorName": "",
    "InstructorLink": ""
  }
]