[
  {
    "DayOfWeek": "Понедельник",
    "StartTime": "2024-03-04T08:30:00",
    "EndTime": "2024-03-04T10:00:00",
    "WeekType": "Обе недели",
    "Classroom": "А ВУЦ",
    "Group": "2320",
    "Subject": "Военная подготовка (офицеры запаса)",
    "InstructorName": "",
    "InstructorLink": ""
  },
  {
    "DayOfWeek": "Понедельник",
    "StartTime": "2024-03-04T10:10:00",
    "EndTime": "2024-03-04T11:40:00",
    "WeekType": "Обе недели",
    "Classroom": "А ВУЦ",
    "Group": "2320",
    "Subject": "Военная подготовка (офицеры запаса)",
    "InstructorName": "",
    "InstructorLink": ""
  },
  {
    "DayOfWeek": "Понедельник",
    "StartTime": "2024-03-04T11:50:00",
    "EndTime": "2024-03-04T13:20:00",
    "WeekType": "Обе недели",
    "Classroom": "А ВУЦ",
    "Group": "2320",
    "Subject": "Военная подготовка (офицеры запаса)",
    "InstructorName": "",
    "InstructorLink": ""
  },
  {
    "DayOfWeek": "Четверг",
    "StartTime": "2024-03-04T08:30:00",
    "EndTime": "2024-03-04T10:00:00",
    "WeekType": "Нижняя неделя",
    "Classroom": "А Акаф",
    "Group": "2320",
    "Subject": "Консультация",
    "InstructorName": "Столяров Сергей Павлович",
    "InstructorLink": "https://www.smtu.ru/ru/viewperson/101148/"
  },
  {
    "DayOfWeek": "Четверг",
    "StartTime": "2024-03-04T10:10:00",
    "EndTime": "2024-03-04T11:40:00",
    "WeekType": "Верхняя неделя",
    "Classroom": "А 339",
    "Group": "2320",
    "Subject": "Теория рабочих процессов двигателей внутреннего сгорания",
    "InstructorName": "Столяров Сергей Павлович",
    "InstructorLink": "https://www.smtu.ru/ru/viewperson/101148/"
  },
  {
    "DayOfWeek": "Четверг",
    "StartTime": "2024-03-04T10:10:00",
    "EndTime": "2024-03-04T11:40:00",
    "WeekType": "Нижняя неделя",
    "Classroom": "А 339",
    "Group": "2320",
    "Subject": "Теория рабочих процессов двигателей внутреннего сгорания",
    "InstructorName": "Столяров Сергей Павлович",
    "InstructorLink": "https://www.smtu.ru/ru/viewperson/101148/"
  },
  {
    "DayOfWeek": "Четверг",
    "StartTime": "2024-03-04T11:50:00",
    "EndTime": "2024-03-04T13:20:00",
    "WeekType": "Обе недели",
    "Classroom": "А 339",
    "Group": "2320",
    "Subject": "История техники",
    "InstructorName": "Столяров Сергей Павлович",
    "InstructorLink": "https://www.smtu.ru/ru/viewperson/101148/"
  },
  {
    "DayOfWeek": "Четверг",
    "StartTime": "2024-03-04T15:40:00",
    "EndTime": "2024-03-04T17:10:00",
    "WeekType": "Обе недели",
    "Classroom": "У каф.ФВ",
    "Group": "2320",
    "Subject": "Физическая культура и спорт (элективная)",
    "InstructorName": "",
    "InstructorLink": ""
  },
  {
    "DayOfWeek": "Пятница",
    "StartTime": "2024-03-04T10:10:00",
    "EndTime": "2024-03-04T11:40:00",
    "WeekType": "Обе недели",
    "Classroom": "У каф.ФВ",
    "Group": "2320",
    "Subject": "Физическая культура и спорт (элективная)",
    "InstructorName": "",
    "InstructorLink": ""
  },
  {
    "DayOfWeek": "Пятница",
    "StartTime": "2024-03-04T14:00:00",
    "EndTime": "2024-03-04T15:30:00",
    "WeekType": "Обе недели",
    "Classroom": "А 339",
    "Group": "2320",
    "Subject": "Конструирование двигателей внутреннего сгорания",
    "InstructorName": "Румб Виктор Карлович",
    "InstructorLink": "https://www.smtu.ru/ru/viewperson/101005/"
  },
  {
    "DayOfWeek": "Пятница",
    "StartTime": "2024-03-04T15:40:00",
    "EndTime": "2024-03-04T17:10:00",
    "WeekType": "Верхняя неделя",
    "Classroom": "А 339",
    "Group": "2320",
    "Subject": "Конструирование двигателей внутреннего сгорания",
    "InstructorName": "Румб Виктор Карлович",
    "InstructorLink": "https://www.smtu.ru/ru/viewperson/101005/"
  },
  {
    "DayOfWeek": "Пятница",
    "StartTime": "2024-03-04T15:40:00",
    "EndTime": "2024-03-04T17:10:00",
    "WeekType": "Нижняя неделя",
    "Classroom": "А 339",
    "Group": "2320",
    "Subject": "Агрегаты наддува двигателей",
    "InstructorName": "Столяров Андрей Сергеевич",
    "InstructorLink": "https://www.smtu.ru/ru/viewperson/101147/"
  },
  {
    "DayOfWeek": "Пятница",
    "StartTime": "2024-03-04T15:40:00",
    "EndTime": "2024-03-04T17:10:00",
    "WeekType": "Нижняя неделя",
    "Classroom": "А Акаф",
    "Group": "2320",
    "Subject": "Консультация",
    "InstructorName": "Румб Виктор Карлович",
    "InstructorLink": "https://www.smtu.ru/ru/viewperson/101005/"
  },
  {
    "DayOfWeek": "Пятница",
    "StartTime": "2024-03-04T17:20:00",
    "EndTime": "2024-03-04T18:50:00",
    "WeekType": "Обе недели",
    "Classroom": "А 339",
    "Group": "2320",
    "Subject": "Агрегаты наддува двигателей",
    "InstructorName": "Столяров Андрей Сергеевич",
    "InstructorLink": "https://www.smtu.ru/ru/viewperson/101147/"
  },
  {
    "DayOfWeek": "Суббота",
    "StartTime": "2024-03-04T08:30:00",
    "EndTime": "2024-03-04T10:00:00",
    "WeekType": "Верхняя неделя",
    "Classroom": "А 339",
    "Group": "2320",
    "Subject": "Технология двигателестроения",
    "InstructorName": "Мащенко Владимир Юрьевич",
    "InstructorLink": "https://www.smtu.ru/ru/viewperson/100746/"
  },
  {
    "DayOfWeek": "Суббота",
    "StartTime": "2024-03-04T10:10:00",
    "EndTime": "2024-03-04T11:40:00",
    "WeekType": "Обе недели",
    "Classroom": "А 339",
    "Group": "2320",
    "Subject": "Технология двигателестроения",
    "InstructorName": "Мащенко Владимир Юрьевич",
    "InstructorLink": "https://www.smtu.ru/ru/viewperson/100746/"
  },
  {
    "DayOfWeek": "Суббота",
    "StartTime": "2024-03-04T11:50:00",
    "EndTime": "2024-03-04T13:20:00",
    "WeekType": "Верхняя неделя",
    "Classroom": "А 340",
    "Group": "2320",
    "Subject": "Основы научных исследований и испытаний двигателей",
    "InstructorName": "Минасян Минас Арменакович",
    "InstructorLink": "https://www.smtu.ru/ru/viewperson/100754/"
  },
  {
    "DayOfWeek": "Суббота",
    "StartTime": "2024-03-04T11:50:00",
    "EndTime": "2024-03-04T13:20:00",
    "WeekType": "Нижняя неделя",
    "Classroom": "А 340",
    "Group": "2320",
    "Subject": "Основы научных исследований и испытаний двигателей",
    "InstructorName": "Минасян Минас Арменакович",
    "InstructorLink": "https://www.smtu.ru/ru/viewperson/100754/"
  },
  {
    "DayOfWeek": "Суббота",
    "StartTime": "2024-03-04T14:00:00",
    "EndTime": "2024-03-04T15:30:00",
    "WeekType": "Обе недели",
    "Classroom": "А 340",
    "Group": "2320",
    "Subject": "Агрегаты наддува двигателей",
    "InstructorName": "Столяров Андрей Сергеевич",
    "InstructorLink": "https://www.smtu.ru/ru/viewperson/101147/"
  },
  {
    "DayOfWeek": "Суббота",
    "StartTime": "2024-03-04T15:40:00",
    "EndTime": "2024-03-04T17:10:00",
    "WeekType": "Нижняя неделя",
    "Classroom": "А 340",
    "Group": "2320",
    "Subject": "Агрегаты наддува двигателей",
    "InstructorName": "Столяров Андрей Сергеевич",
    "InstructorLink": "https://www.smtu.ru/ru/viewperson/101147/"
  }
]