[
  {
    "DayOfWeek": "Понедельник",
    "StartTime": "2024-03-04T08:30:00",
    "EndTime": "2024-03-04T10:00:00",
    "WeekType": "Обе недели",
    "Classroom": "А ВУЦ",
    "Group": "2325",
    "Subject": "Военная подготовка (офицеры запаса)",
    "InstructorName": "",
    "InstructorLink": ""
  },
  {
    "DayOfWeek": "Понедельник",
    "StartTime": "2024-03-04T10:10:00",
    "EndTime": "2024-03-04T11:40:00",
    "WeekType": "Обе недели",
    "Classroom": "А ВУЦ",
    "Group": "2325",
    "Subject": "Военная подготовка (офицеры запаса)",
    "InstructorName": "",
    "InstructorLink": ""
  },
  {
    "DayOfWeek": "Понедельник",
    "StartTime": "2024-03-04T11:50:00",
    "EndTime": "2024-03-04T13:20:00",
    "WeekType": "Обе недели",
    "Classroom": "А ВУЦ",
    "Group": "2325",
    "Subject": "Военная подготовка (офицеры запаса)",
    "InstructorName": "",
    "InstructorLink": ""
  },
  {
    "DayOfWeek": "Вторник",
    "StartTime": "2024-03-04T10:10:00",
    "EndTime": "2024-03-04T11:40:00",
    "WeekType": "Обе недели",
    "Classroom": "А 503",
    "Group": "2325",
    "Subject": "Судовое вспомогательное энергетическое оборудование",
    "InstructorName": "Степанова Анна Сергеевна",
    "InstructorLink": ""
  },
  {
    "DayOfWeek": "Вторник",
    "StartTime": "2024-03-04T11:50:00",
    "EndTime": "2024-03-04T13:20:00",
    "WeekType": "Обе недели",
    "Classroom": "А 522",
    "Group": "2325",
    "Subject": "Судовое вспомогательное энергетическое оборудование",
    "InstructorName": "Степанова Анна Сергеевна",
    "InstructorLink": ""
  },
  {
    "DayOfWeek": "Вторник",
    "StartTime": "2024-03-04T14:00:00",
    "EndTime": "2024-03-04T15:30:00",
    "WeekType": "Обе недели",
    "Classroom": "А 340",
    "Group": "2325",
    "Subject": "Двигатели и транспортные средства",
    "InstructorName": "Гурьянов Михаил Александрович",
    "InstructorLink": ""
  },
  {
    "DayOfWeek": "Вторник",
    "StartTime": "2024-03-04T15:40:00",
    "EndTime": "2024-03-04T17:10:00",
    "WeekType": "Обе недели",
    "Classroom": "А 458",
    "Group": "2325",
    "Subject": "Двигатели и транспортные средства",
    "InstructorName": "Гурьянов Михаил Александрович",
    "InstructorLink": ""
  },
  {
    "DayOfWeek": "Среда",
    "StartTime": "2024-03-04T08:30:00",
    "EndTime": "2024-03-04T10:00:00",
    "WeekType": "Нижняя неделя",
    "Classroom": "У каф.ФВ",
    "Group": "2325",
    "Subject": "Физическая культура и спорт (элективная)",
    "InstructorName": "",
    "InstructorLink": ""
  },
  {
    "DayOfWeek": "Среда",
    "StartTime": "2024-03-04T11:50:00",
    "EndTime": "2024-03-04T13:20:00",
    "WeekType": "Верхняя неделя",
    "Classroom": "У каф.ФВ",
    "Group": "2325",
    "Subject": "Физическая культура и спорт (элективная)",
    "InstructorName": "",
    "InstructorLink": ""
  },
  {
    "DayOfWeek": "Среда",
    "StartTime": "2024-03-04T11:50:00",
    "EndTime": "2024-03-04T13:20:00",
    "WeekType": "Нижняя неделя",
    "Classroom": "Б 318",
    "Group": "2325",
    "Subject": "Гидравлика",
    "InstructorName": "Белая Алена Борисовна",
    "InstructorLink": ""
  },
  {
    "DayOfWeek": "Среда",
    "StartTime": "2024-03-04T14:00:00",
    "EndTime": "2024-03-04T15:30:00",
    "WeekType": "Верхняя неделя",
    "Classroom": "У 443",
    "Group": "2325",
    "Subject": "Прикладная механика",
    "InstructorName": "Сенчурин Леонид Порфирьевич",
    "InstructorLink": ""
  },
  {
    "DayOfWeek": "Среда",
    "StartTime": "2024-03-04T14:00:00",
    "EndTime": "2024-03-04T15:30:00",
    "WeekType": "Нижняя неделя",
    "Classroom": "Б 318",
    "Group": "2325",
    "Subject": "Гидравлика",
    "InstructorName": "Белая Алена Борисовна",
    "InstructorLink": ""
  },
  {
    "DayOfWeek": "Среда",
    "StartTime": "2024-03-04T15:40:00",
    "EndTime": "2024-03-04T17:10:00",
    "WeekType": "Верхняя неделя",
    "Classroom": "У 443",
    "Group": "2325",
    "Subject": "Прикладная механика",
    "InstructorName": "Сенчурин Леонид Порфирьевич",
    "InstructorLink": ""
  },
  {
    "DayOfWeek": "Среда",
    "StartTime": "2024-03-04T15:40:00",
    "EndTime": "2024-03-04T17:10:00",
    "WeekType": "Нижняя неделя",
    "Classroom": "Б 510",
    "Group": "2325",
    "Subject": "Судовое главное энергетическое оборудование",
    "InstructorName": "Пугач Андрей Анатольевич",
    "InstructorLink": ""
  },
  {
    "DayOfWeek": "Среда",
    "StartTime": "2024-03-04T17:20:00",
    "EndTime": "2024-03-04T18:50:00",
    "WeekType": "Верхняя неделя",
    "Classroom": "У 311",
    "Group": "2325",
    "Subject": "Прикладная механика",
    "InstructorName": "Сенчурин Леонид Порфирьевич",
    "InstructorLink": ""
  },
  {
    "DayOfWeek": "Среда",
    "StartTime": "2024-03-04T17:20:00",
    "EndTime": "2024-03-04T18:50:00",
    "WeekType": "Нижняя неделя",
    "Classroom": "Б 510",
    "Group": "2325",
    "Subject": "Судовое главное энергетическое оборудование",
    "InstructorName": "Пугач Андрей Анатольевич",
    "InstructorLink": ""
  },
  {
    "DayOfWeek": "Четверг",
    "StartTime": "2024-03-04T10:10:00",
    "EndTime": "2024-03-04T11:40:00",
    "WeekType": "Обе недели",
    "Classroom": "А 340",
    "Group": "2325",
    "Subject": "Физика разрушения конструкционных материалов",
    "InstructorName": "Румб Виктор Карлович",
    "InstructorLink": "https://www.smtu.ru/ru/viewperson/101005/"
  },
  {
    "DayOfWeek": "Четверг",
    "StartTime": "2024-03-04T11:50:00",
    "EndTime": "2024-03-04T13:20:00",
    "WeekType": "Обе недели",
    "Classroom": "А 340",
    "Group": "2325",
    "Subject": "Физика разрушения конструкционных материалов",
    "InstructorName": "Румб Виктор Карлович",
    "InstructorLink": "https://www.smtu.ru/ru/viewperson/101005/"
  },
  {
    "DayOfWeek": "Четверг",
    "StartTime": "2024-03-04T14:00:00",
    "EndTime": "2024-03-04T15:30:00",
    "WeekType": "Верхняя неделя",
    "Classroom": "А 339",
    "Group": "2325",
    "Subject": "Теория рабочих процессов двигателей",
    "InstructorName": "Скоморовский Станислав Альбинович",
    "InstructorLink": "https://www.smtu.ru/ru/viewperson/101084/"
  },
  {
    "DayOfWeek": "Четверг",
    "StartTime": "2024-03-04T14:00:00",
    "EndTime": "2024-03-04T15:30:00",
    "WeekType": "Нижняя неделя",
    "Classroom": "А 339",
    "Group": "2325",
    "Subject": "Теория рабочих процессов двигателей",
    "InstructorName": "Скоморовский Станислав Альбинович",
    "InstructorLink": "https://www.smtu.ru/ru/viewperson/101084/"
  },
  {
    "DayOfWeek": "Четверг",
    "StartTime": "2024-03-04T15:40:00",
    "EndTime": "2024-03-04T17:10:00",
    "WeekType": "Нижняя неделя",
    "Classroom": "А 339",
    "Group": "2325",
    "Subject": "Теория рабочих процессов двигателей",
    "InstructorName": "Скоморовский Станислав Альбинович",
    "InstructorLink": "https://www.smtu.ru/ru/viewperson/101084/"
  },
  {
    "DayOfWeek": "Пятница",
    "StartTime": "2024-03-04T08:30:00",
    "EndTime": "2024-03-04T10:00:00",
    "WeekType": "Верхняя неделя",
    "Classroom": "Б 101",
    "Group": "2325",
    "Subject": "Гидравлика",
    "InstructorName": "Яковлев Алексей Юрьевич",
    "InstructorLink": "https://www.smtu.ru/ru/viewperson/101392/"
  },
  {
    "DayOfWeek": "Пятница",
    "StartTime": "2024-03-04T08:30:00",
    "EndTime": "2024-03-04T10:00:00",
    "WeekType": "Нижняя неделя",
    "Classroom": "А 339",
    "Group": "2325",
    "Subject": "Динамика двигателей",
    "InstructorName": "Минасян Минас Арменакович",
    "InstructorLink": "https://www.smtu.ru/ru/viewperson/100754/"
  },
  {
    "DayOfWeek": "Пятница",
    "StartTime": "2024-03-04T10:10:00",
    "EndTime": "2024-03-04T11:40:00",
    "WeekType": "Обе недели",
    "Classroom": "А 339",
    "Group": "2325",
    "Subject": "Динамика двигателей",
    "InstructorName": "Минасян Минас Арменакович",
    "InstructorLink": "https://www.smtu.ru/ru/viewperson/100754/"
  },
  {
    "DayOfWeek": "Пятница",
    "StartTime": "2024-03-04T11:50:00",
    "EndTime": "2024-03-04T13:20:00",
    "WeekType": "Верхняя неделя",
    "Classroom": "А 339",
    "Group": "2325",
    "Subject": "Конструирование двигателей",
    "InstructorName": "Румб Виктор Карлович",
    "InstructorLink": "https://www.smtu.ru/ru/viewperson/101005/"
  },
  {
    "DayOfWeek": "Пятница",
    "StartTime": "2024-03-04T11:50:00",
    "EndTime": "2024-03-04T13:20:00",
    "WeekType": "Нижняя неделя",
    "Classroom": "А 339",
    "Group": "2325",
    "Subject": "Конструирование двигателей",
    "InstructorName": "Румб Виктор Карлович",
    "InstructorLink": "https://www.smtu.ru/ru/viewperson/101005/"
  },
  {
    "DayOfWeek": "Пятница",
    "StartTime": "2024-03-04T15:40:00",
    "EndTime": "2024-03-04T17:10:00",
    "WeekType": "Обе недели",
    "Classroom": "У каф.ФВ",
    "Group": "2325",
    "Subject": "Физическая культура и спорт (элективная)",
    "InstructorName": "",
    "InstructorLink": ""
  }
]