[
  {
    "DayOfWeek": "Понедельник",
    "StartTime": "2024-03-04T08:30:00",
    "EndTime": "2024-03-04T10:00:00",
    "WeekType": "Обе недели",
    "Classroom": "А ВУЦ",
    "Group": "2326",
    "Subject": "Военная подготовка (офицеры запаса)",
    "InstructorName": "",
    "InstructorLink": ""
  },
  {
    "DayOfWeek": "Понедельник",
    "StartTime": "2024-03-04T10:10:00",
    "EndTime": "2024-03-04T11:40:00",
    "WeekType": "Обе недели",
    "Classroom": "А ВУЦ",
    "Group": "2326",
    "Subject": "Военная подготовка (офицеры запаса)",
    "InstructorName": "",
    "InstructorLink": ""
  },
  {
    "DayOfWeek": "Понедельник",
    "StartTime": "2024-03-04T11:50:00",
    "EndTime": "2024-03-04T13:20:00",
    "WeekType": "Обе недели",
    "Classroom": "А ВУЦ",
    "Group": "2326",
    "Subject": "Военная подготовка (офицеры запаса)",
    "InstructorName": "",
    "InstructorLink": ""
  },
  {
    "DayOfWeek": "Вторник",
    "StartTime": "2024-03-04T10:10:00",
    "EndTime": "2024-03-04T11:40:00",
    "WeekType": "Обе недели",
    "Classroom": "А 503",
    "Group": "2326",
    "Subject": "Судовое вспомогательное энергетическое оборудование",
    "InstructorName": "Степанова Анна Сергеевна",
    "InstructorLink": ""
  },
  {
    "DayOfWeek": "Вторник",
    "StartTime": "2024-03-04T11:50:00",
    "EndTime": "2024-03-04T13:20:00",
    "WeekType": "Обе недели",
    "Classroom": "А 338",
    "Group": "2326",
    "Subject": "Динамика и прочность турбомашин",
    "InstructorName": "Ерохин Сергей Константинович",
    "InstructorLink": ""
  },
  {
    "DayOfWeek": "Вторник",
    "StartTime": "2024-03-04T14:00:00",
    "EndTime": "2024-03-04T15:30:00",
    "WeekType": "Обе недели",
    "Classroom": "А 338",
    "Group": "2326",
    "Subject": "Динамика и прочность турбомашин",
    "InstructorName": "Ерохин Сергей Константинович",
    "InstructorLink": ""
  },
  {
    "DayOfWeek": "Вторник",
    "StartTime": "2024-03-04T15:40:00",
    "EndTime": "2024-03-04T17:10:00",
    "WeekType": "Обе недели",
    "Classroom": "А 458",
    "Group": "2326",
    "Subject": "Двигатели и транспортные средства",
    "InstructorName": "Гурьянов Михаил Александрович",
    "InstructorLink": ""
  },
  {
    "DayOfWeek": "Среда",
    "StartTime": "2024-03-04T10:10:00",
    "EndTime": "2024-03-04T11:40:00",
    "WeekType": "Верхняя неделя",
    "Classroom": "У каф.ФВ",
    "Group": "2326",
    "Subject": "Физическая культура и спорт (элективная)",
    "InstructorName": "",
    "InstructorLink": ""
  },
  {
    "DayOfWeek": "Среда",
    "StartTime": "2024-03-04T10:10:00",
    "EndTime": "2024-03-04T11:40:00",
    "WeekType": "Нижняя неделя",
    "Classroom": "А 340",
    "Group": "2326",
    "Subject": "Двигатели и транспортные средства",
    "InstructorName": "Гурьянов Михаил Александрович",
    "InstructorLink": ""
  },
  {
    "DayOfWeek": "Среда",
    "StartTime": "2024-03-04T11:50:00",
    "EndTime": "2024-03-04T13:20:00",
    "WeekType": "Верхняя неделя",
    "Classroom": "У 314",
    "Group": "2326",
    "Subject": "Прикладная механика",
    "InstructorName": "Сенчурин Леонид Порфирьевич",
    "InstructorLink": ""
  },
  {
    "DayOfWeek": "Среда",
    "StartTime": "2024-03-04T11:50:00",
    "EndTime": "2024-03-04T13:20:00",
    "WeekType": "Нижняя неделя",
    "Classroom": "А 340",
    "Group": "2326",
    "Subject": "Двигатели и транспортные средства",
    "InstructorName": "Гурьянов Михаил Александрович",
    "InstructorLink": ""
  },
  {
    "DayOfWeek": "Среда",
    "StartTime": "2024-03-04T14:00:00",
    "EndTime": "2024-03-04T15:30:00",
    "WeekType": "Верхняя неделя",
    "Classroom": "У 443",
    "Group": "2326",
    "Subject": "Прикладная механика",
    "InstructorName": "Сенчурин Леонид Порфирьевич",
    "InstructorLink": ""
  },
  {
    "DayOfWeek": "Среда",
    "StartTime": "2024-03-04T15:40:00",
    "EndTime": "2024-03-04T17:10:00",
    "WeekType": "Верхняя неделя",
    "Classroom": "У 443",
    "Group": "2326",
    "Subject": "Прикладная механика",
    "InstructorName": "Сенчурин Леонид Порфирьевич",
    "InstructorLink": ""
  },
  {
    "DayOfWeek": "Среда",
    "StartTime": "2024-03-04T15:40:00",
    "EndTime": "2024-03-04T17:10:00",
    "WeekType": "Нижняя неделя",
    "Classroom": "У каф.ФВ",
    "Group": "2326",
    "Subject": "Физическая культура и спорт (элективная)",
    "InstructorName": "",
    "InstructorLink": ""
  },
  {
    "DayOfWeek": "Четверг",
    "StartTime": "2024-03-04T10:10:00",
    "EndTime": "2024-03-04T11:40:00",
    "WeekType": "Обе недели",
    "Classroom": "А 522",
    "Group": "2326",
    "Subject": "Судовое вспомогательное энергетическое оборудование",
    "InstructorName": "Степанова Анна Сергеевна",
    "InstructorLink": ""
  },
  {
    "DayOfWeek": "Четверг",
    "StartTime": "2024-03-04T11:50:00",
    "EndTime": "2024-03-04T13:20:00",
    "WeekType": "Верхняя неделя",
    "Classroom": "А 338",
    "Group": "2326",
    "Subject": "Конструирование двигателей",
    "InstructorName": "Гордеев Николай Николаевич",
    "InstructorLink": ""
  },
  {
    "DayOfWeek": "Четверг",
    "StartTime": "2024-03-04T11:50:00",
    "EndTime": "2024-03-04T13:20:00",
    "WeekType": "Нижняя неделя",
    "Classroom": "А 338",
    "Group": "2326",
    "Subject": "Конструирование двигателей",
    "InstructorName": "Гордеев Николай Николаевич",
    "InstructorLink": ""
  },
  {
    "DayOfWeek": "Четверг",
    "StartTime": "2024-03-04T14:00:00",
    "EndTime": "2024-03-04T15:30:00",
    "WeekType": "Верхняя неделя",
    "Classroom": "А 338",
    "Group": "2326",
    "Subject": "Теория рабочих процессов двигателей",
    "InstructorName": "Смирнов Александр Анатольевич",
    "InstructorLink": "https://www.smtu.ru/ru/viewperson/103256/"
  },
  {
    "DayOfWeek": "Четверг",
    "StartTime": "2024-03-04T14:00:00",
    "EndTime": "2024-03-04T15:30:00",
    "WeekType": "Нижняя неделя",
    "Classroom": "А 338",
    "Group": "2326",
    "Subject": "Динамика двигателей",
    "InstructorName": "Толмачев Валерий Вячеславович",
    "InstructorLink": ""
  },
  {
    "DayOfWeek": "Четверг",
    "StartTime": "2024-03-04T15:40:00",
    "EndTime": "2024-03-04T17:10:00",
    "WeekType": "Обе недели",
    "Classroom": "А 338",
    "Group": "2326",
    "Subject": "Динамика двигателей",
    "InstructorName": "Толмачев Валерий Вячеславович",
    "InstructorLink": ""
  },
  {
    "DayOfWeek": "Пятница",
    "StartTime": "2024-03-04T08:30:00",
    "EndTime": "2024-03-04T10:00:00",
    "WeekType": "Верхняя неделя",
    "Classroom": "Б 101",
    "Group": "2326",
    "Subject": "Гидравлика",
    "InstructorName": "Яковлев Алексей Юрьевич",
    "InstructorLink": "https://www.smtu.ru/ru/viewperson/101392/"
  },
  {
    "DayOfWeek": "Пятница",
    "StartTime": "2024-03-04T10:10:00",
    "EndTime": "2024-03-04T11:40:00",
    "WeekType": "Верхняя неделя",
    "Classroom": "А 340",
    "Group": "2326",
    "Subject": "Судовое главное энергетическое оборудование",
    "InstructorName": "Андреев Константин Дмитриевич",
    "InstructorLink": "https://www.smtu.ru/ru/viewperson/123490/"
  },
  {
    "DayOfWeek": "Пятница",
    "StartTime": "2024-03-04T10:10:00",
    "EndTime": "2024-03-04T11:40:00",
    "WeekType": "Нижняя неделя",
    "Classroom": "А 340",
    "Group": "2326",
    "Subject": "Судовое главное энергетическое оборудование",
    "InstructorName": "Андреев Константин Дмитриевич",
    "InstructorLink": "https://www.smtu.ru/ru/viewperson/123490/"
  },
  {
    "DayOfWeek": "Пятница",
    "StartTime": "2024-03-04T11:50:00",
    "EndTime": "2024-03-04T13:20:00",
    "WeekType": "Обе недели",
    "Classroom": "А 340",
    "Group": "2326",
    "Subject": "Теория рабочих процессов двигателей",
    "InstructorName": "Смирнов Александр Анатольевич",
    "InstructorLink": "https://www.smtu.ru/ru/viewperson/103256/"
  },
  {
    "DayOfWeek": "Пятница",
    "StartTime": "2024-03-04T14:00:00",
    "EndTime": "2024-03-04T15:30:00",
    "WeekType": "Обе недели",
    "Classroom": "Б 318",
    "Group": "2326",
    "Subject": "Гидравлика",
    "InstructorName": "Белая Алена Борисовна",
    "InstructorLink": ""
  },
  {
    "DayOfWeek": "Суббота",
    "StartTime": "2024-03-04T10:10:00",
    "EndTime": "2024-03-04T11:40:00",
    "WeekType": "Обе недели",
    "Classroom": "У каф.ФВ",
    "Group": "2326",
    "Subject": "Физическая культура и спорт (элективная)",
    "InstructorName": "",
    "InstructorLink": ""
  }
]