[
  {
    "DayOfWeek": "Понедельник",
    "StartTime": "2024-03-04T08:30:00",
    "EndTime": "2024-03-04T10:00:00",
    "WeekType": "Обе недели",
    "Classroom": "А ВУЦ",
    "Group": "2331",
    "Subject": "Военная подготовка (офицеры запаса)",
    "InstructorName": "",
    "InstructorLink": ""
  },
  {
    "DayOfWeek": "Понедельник",
    "StartTime": "2024-03-04T10:10:00",
    "EndTime": "2024-03-04T11:40:00",
    "WeekType": "Обе недели",
    "Classroom": "А ВУЦ",
    "Group": "2331",
    "Subject": "Военная подготовка (офицеры запаса)",
    "InstructorName": "",
    "InstructorLink": ""
  },
  {
    "DayOfWeek": "Понедельник",
    "StartTime": "2024-03-04T11:50:00",
    "EndTime": "2024-03-04T13:20:00",
    "WeekType": "Обе недели",
    "Classroom": "А ВУЦ",
    "Group": "2331",
    "Subject": "Военная подготовка (офицеры запаса)",
    "InstructorName": "",
    "InstructorLink": ""
  },
  {
    "DayOfWeek": "Вторник",
    "StartTime": "2024-03-04T08:30:00",
    "EndTime": "2024-03-04T10:00:00",
    "WeekType": "Обе недели",
    "Classroom": "У каф.ФВ",
    "Group": "2331",
    "Subject": "Физическая культура и спорт (элективная)",
    "InstructorName": "",
    "InstructorLink": ""
  },
  {
    "DayOfWeek": "Вторник",
    "StartTime": "2024-03-04T11:50:00",
    "EndTime": "2024-03-04T13:20:00",
    "WeekType": "Обе недели",
    "Classroom": "А 503",
    "Group": "2331",
    "Subject": "Судовые энергетические установки",
    "InstructorName": "Архипов Георгий Алексеевич",
    "InstructorLink": "https://www.smtu.ru/ru/viewperson/100053/"
  },
  {
    "DayOfWeek": "Вторник",
    "StartTime": "2024-03-04T14:00:00",
    "EndTime": "2024-03-04T15:30:00",
    "WeekType": "Обе недели",
    "Classroom": "А 503",
    "Group": "2331",
    "Subject": "Судовые энергетические установки",
    "InstructorName": "Архипов Георгий Алексеевич",
    "InstructorLink": "https://www.smtu.ru/ru/viewperson/100053/"
  },
  {
    "DayOfWeek": "Вторник",
    "StartTime": "2024-03-04T15:40:00",
    "EndTime": "2024-03-04T17:10:00",
    "WeekType": "Обе недели",
    "Classroom": "А 340",
    "Group": "2331",
    "Subject": "Проектирование судового главного оборудования (дизельное)",
    "InstructorName": "Пугач Андрей Анатольевич",
    "InstructorLink": ""
  },
  {
    "DayOfWeek": "Вторник",
    "StartTime": "2024-03-04T17:20:00",
    "EndTime": "2024-03-04T18:50:00",
    "WeekType": "Верхняя неделя",
    "Classroom": "А 450",
    "Group": "2331",
    "Subject": "Проектирование судового главного оборудования (дизельное)",
    "InstructorName": "Пугач Андрей Анатольевич",
    "InstructorLink": ""
  },
  {
    "DayOfWeek": "Среда",
    "StartTime": "2024-03-04T10:10:00",
    "EndTime": "2024-03-04T11:40:00",
    "WeekType": "Верхняя неделя",
    "Classroom": "А 458",
    "Group": "2331",
    "Subject": "Теория и техника эксперимента",
    "InstructorName": "Баркова Наталия Александровна",
    "InstructorLink": "https://www.smtu.ru/ru/viewperson/100078/"
  },
  {
    "DayOfWeek": "Среда",
    "StartTime": "2024-03-04T10:10:00",
    "EndTime": "2024-03-04T11:40:00",
    "WeekType": "Нижняя неделя",
    "Classroom": "А 503",
    "Group": "2331",
    "Subject": "Судовое вспомогательное энергетическое оборудование",
    "InstructorName": "Чернов Александр Иванович",
    "InstructorLink": "https://www.smtu.ru/ru/viewperson/101313/"
  },
  {
    "DayOfWeek": "Среда",
    "StartTime": "2024-03-04T11:50:00",
    "EndTime": "2024-03-04T13:20:00",
    "WeekType": "Обе недели",
    "Classroom": "А 503",
    "Group": "2331",
    "Subject": "Судовое вспомогательное энергетическое оборудование",
    "InstructorName": "Чернов Александр Иванович",
    "InstructorLink": "https://www.smtu.ru/ru/viewperson/101313/"
  },
  {
    "DayOfWeek": "Среда",
    "StartTime": "2024-03-04T14:00:00",
    "EndTime": "2024-03-04T15:30:00",
    "WeekType": "Верхняя неделя",
    "Classroom": "А 503",
    "Group": "2331",
    "Subject": "Теплообменные аппараты систем судовых энергетических установок",
    "InstructorName": "Чернов Александр Иванович",
    "InstructorLink": "https://www.smtu.ru/ru/viewperson/101313/"
  },
  {
    "DayOfWeek": "Среда",
    "StartTime": "2024-03-04T14:00:00",
    "EndTime": "2024-03-04T15:30:00",
    "WeekType": "Нижняя неделя",
    "Classroom": "А 407",
    "Group": "2331",
    "Subject": "Судовые электроэнергетические комплексы",
    "InstructorName": "Воршевский Петр Александрович",
    "InstructorLink": "https://www.smtu.ru/ru/viewperson/100240/"
  },
  {
    "DayOfWeek": "Среда",
    "StartTime": "2024-03-04T15:40:00",
    "EndTime": "2024-03-04T17:10:00",
    "WeekType": "Верхняя неделя",
    "Classroom": "А 319",
    "Group": "2331",
    "Subject": "Судовые электроэнергетические комплексы",
    "InstructorName": "Воршевский Петр Александрович",
    "InstructorLink": "https://www.smtu.ru/ru/viewperson/100240/"
  },
  {
    "DayOfWeek": "Четверг",
    "StartTime": "2024-03-04T10:10:00",
    "EndTime": "2024-03-04T11:40:00",
    "WeekType": "Обе недели",
    "Classroom": "А 517",
    "Group": "2331",
    "Subject": "Теория и техника эксперимента",
    "InstructorName": "Егорова Александра Дмитриевна",
    "InstructorLink": ""
  },
  {
    "DayOfWeek": "Четверг",
    "StartTime": "2024-03-04T11:50:00",
    "EndTime": "2024-03-04T13:20:00",
    "WeekType": "Обе недели",
    "Classroom": "А 503",
    "Group": "2331",
    "Subject": "Теплообменные аппараты систем судовых энергетических установок",
    "InstructorName": "Чернов Александр Иванович",
    "InstructorLink": "https://www.smtu.ru/ru/viewperson/101313/"
  },
  {
    "DayOfWeek": "Четверг",
    "StartTime": "2024-03-04T14:00:00",
    "EndTime": "2024-03-04T15:30:00",
    "WeekType": "Верхняя неделя",
    "Classroom": "А 503",
    "Group": "2331",
    "Subject": "Экологическая безопасность морской техники",
    "InstructorName": "Патина Ирина Николаевна",
    "InstructorLink": ""
  },
  {
    "DayOfWeek": "Четверг",
    "StartTime": "2024-03-04T14:00:00",
    "EndTime": "2024-03-04T15:30:00",
    "WeekType": "Нижняя неделя",
    "Classroom": "А 417-2",
    "Group": "2331",
    "Subject": "Судовое главное энергетическое оборудование (паропроизводящее)",
    "InstructorName": "Аполлова Анастасия Васильевна",
    "InstructorLink": "https://www.smtu.ru/ru/viewperson/100049/"
  },
  {
    "DayOfWeek": "Четверг",
    "StartTime": "2024-03-04T15:40:00",
    "EndTime": "2024-03-04T17:10:00",
    "WeekType": "Верхняя неделя",
    "Classroom": "Б 316",
    "Group": "2331",
    "Subject": "Судовое главное энергетическое оборудование (паропроизводящее)",
    "InstructorName": "Аполлова Анастасия Васильевна",
    "InstructorLink": "https://www.smtu.ru/ru/viewperson/100049/"
  },
  {
    "DayOfWeek": "Четверг",
    "StartTime": "2024-03-04T15:40:00",
    "EndTime": "2024-03-04T17:10:00",
    "WeekType": "Нижняя неделя",
    "Classroom": "А 522",
    "Group": "2331",
    "Subject": "Экологическая безопасность морской техники",
    "InstructorName": "Патина Ирина Николаевна",
    "InstructorLink": ""
  },
  {
    "DayOfWeek": "Суббота",
    "StartTime": "2024-03-04T08:30:00",
    "EndTime": "2024-03-04T10:00:00",
    "WeekType": "Нижняя неделя",
    "Classroom": "У каф.ФВ",
    "Group": "2331",
    "Subject": "Физическая культура и спорт (элективная)",
    "InstructorName": "",
    "InstructorLink": ""
  },
  {
    "DayOfWeek": "Суббота",
    "StartTime": "2024-03-04T10:10:00",
    "EndTime": "2024-03-04T11:40:00",
    "WeekType": "Верхняя неделя",
    "Classroom": "У каф.ФВ",
    "Group": "2331",
    "Subject": "Физическая культура и спорт (элективная)",
    "InstructorName": "",
    "InstructorLink": ""
  },
  {
    "DayOfWeek": "Суббота",
    "StartTime": "2024-03-04T11:50:00",
    "EndTime": "2024-03-04T13:20:00",
    "WeekType": "Нижняя неделя",
    "Classroom": "А 503",
    "Group": "2331",
    "Subject": "Судовое вспомогательное энергетическое оборудование",
    "InstructorName": "Боровикова Ирина Анатольевна",
    "InstructorLink": ""
  },
  {
    "DayOfWeek": "Суббота",
    "StartTime": "2024-03-04T14:00:00",
    "EndTime": "2024-03-04T15:30:00",
    "WeekType": "Верхняя неделя",
    "Classroom": "А 503",
    "Group": "2331",
    "Subject": "Судовое вспомогательное энергетическое оборудование",
    "InstructorName": "Боровикова Ирина Анатольевна",
    "InstructorLink": ""
  },
  {
    "DayOfWeek": "Суббота",
    "StartTime": "2024-03-04T14:00:00",
    "EndTime": "2024-03-04T15:30:00",
    "WeekType": "Нижняя неделя",
    "Classroom": "А 536",
    "Group": "2331",
    "Subject": "Технология монтажа, ремонта и утилизации судовых энергетических установок",
    "InstructorName": "Доценко Анастасия Сергеевна",
    "InstructorLink": ""
  },
  {
    "DayOfWeek": "Суббота",
    "StartTime": "2024-03-04T15:40:00",
    "EndTime": "2024-03-04T17:10:00",
    "WeekType": "Обе недели",
    "Classroom": "А 458",
    "Group": "2331",
    "Subject": "Технология монтажа, ремонта и утилизации судовых энергетических установок",
    "InstructorName": "Доценко Анастасия Сергеевна",
    "InstructorLink": ""
  }
]