[
  {
    "DayOfWeek": "Понедельник",
    "StartTime": "2024-03-04T08:30:00",
    "EndTime": "2024-03-04T10:00:00",
    "WeekType": "Обе недели",
    "Classroom": "А ВУЦ",
    "Group": "2370",
    "Subject": "Военная подготовка (офицеры запаса)",
    "InstructorName": "",
    "InstructorLink": ""
  },
  {
    "DayOfWeek": "Понедельник",
    "StartTime": "2024-03-04T10:10:00",
    "EndTime": "2024-03-04T11:40:00",
    "WeekType": "Обе недели",
    "Classroom": "А ВУЦ",
    "Group": "2370",
    "Subject": "Военная подготовка (офицеры запаса)",
    "InstructorName": "",
    "InstructorLink": ""
  },
  {
    "DayOfWeek": "Понедельник",
    "StartTime": "2024-03-04T11:50:00",
    "EndTime": "2024-03-04T13:20:00",
    "WeekType": "Обе недели",
    "Classroom": "А ВУЦ",
    "Group": "2370",
    "Subject": "Военная подготовка (офицеры запаса)",
    "InstructorName": "",
    "InstructorLink": ""
  },
  {
    "DayOfWeek": "Вторник",
    "StartTime": "2024-03-04T08:30:00",
    "EndTime": "2024-03-04T10:00:00",
    "WeekType": "Обе недели",
    "Classroom": "У каф.ФВ",
    "Group": "2370",
    "Subject": "Физическая культура и спорт (элективная)",
    "InstructorName": "",
    "InstructorLink": ""
  },
  {
    "DayOfWeek": "Вторник",
    "StartTime": "2024-03-04T11:50:00",
    "EndTime": "2024-03-04T13:20:00",
    "WeekType": "Обе недели",
    "Classroom": "А 536",
    "Group": "2370",
    "Subject": "Технология машиностроения",
    "InstructorName": "Карпенко Виктория Алексеевна",
    "InstructorLink": ""
  },
  {
    "DayOfWeek": "Вторник",
    "StartTime": "2024-03-04T14:00:00",
    "EndTime": "2024-03-04T15:30:00",
    "WeekType": "Верхняя неделя",
    "Classroom": "А 536",
    "Group": "2370",
    "Subject": "Технология машиностроения",
    "InstructorName": "Карпенко Виктория Алексеевна",
    "InstructorLink": ""
  },
  {
    "DayOfWeek": "Вторник",
    "StartTime": "2024-03-04T14:00:00",
    "EndTime": "2024-03-04T15:30:00",
    "WeekType": "Нижняя неделя",
    "Classroom": "А 536",
    "Group": "2370",
    "Subject": "Технология машиностроения",
    "InstructorName": "Карпенко Виктория Алексеевна",
    "InstructorLink": ""
  },
  {
    "DayOfWeek": "Вторник",
    "StartTime": "2024-03-04T15:40:00",
    "EndTime": "2024-03-04T17:10:00",
    "WeekType": "Верхняя неделя",
    "Classroom": "А 537а",
    "Group": "2370",
    "Subject": "Методы перспективного планирования машиностроительного производства",
    "InstructorName": "Доценко Анастасия Сергеевна",
    "InstructorLink": ""
  },
  {
    "DayOfWeek": "Вторник",
    "StartTime": "2024-03-04T15:40:00",
    "EndTime": "2024-03-04T17:10:00",
    "WeekType": "Нижняя неделя",
    "Classroom": "А 536",
    "Group": "2370",
    "Subject": "Технология машиностроения",
    "InstructorName": "Карпенко Виктория Алексеевна",
    "InstructorLink": ""
  },
  {
    "DayOfWeek": "Среда",
    "StartTime": "2024-03-04T10:10:00",
    "EndTime": "2024-03-04T11:40:00",
    "WeekType": "Верхняя неделя",
    "Classroom": "А 536",
    "Group": "2370",
    "Subject": "Автоматизированное нормирование технологических процессов в машиностроении",
    "InstructorName": "Юрьев Валентин Григорьевич",
    "InstructorLink": "https://www.smtu.ru/ru/viewperson/102747/"
  },
  {
    "DayOfWeek": "Среда",
    "StartTime": "2024-03-04T10:10:00",
    "EndTime": "2024-03-04T11:40:00",
    "WeekType": "Нижняя неделя",
    "Classroom": "А 537б",
    "Group": "2370",
    "Subject": "Методы перспективного планирования машиностроительного производства",
    "InstructorName": "Доценко Анастасия Сергеевна",
    "InstructorLink": ""
  },
  {
    "DayOfWeek": "Среда",
    "StartTime": "2024-03-04T11:50:00",
    "EndTime": "2024-03-04T13:20:00",
    "WeekType": "Верхняя неделя",
    "Classroom": "А 536",
    "Group": "2370",
    "Subject": "Автоматизированное нормирование технологических процессов в машиностроении",
    "InstructorName": "Юрьев Валентин Григорьевич",
    "InstructorLink": "https://www.smtu.ru/ru/viewperson/102747/"
  },
  {
    "DayOfWeek": "Среда",
    "StartTime": "2024-03-04T11:50:00",
    "EndTime": "2024-03-04T13:20:00",
    "WeekType": "Нижняя неделя",
    "Classroom": "А 537б",
    "Group": "2370",
    "Subject": "Методы перспективного планирования машиностроительного производства",
    "InstructorName": "Доценко Анастасия Сергеевна",
    "InstructorLink": ""
  },
  {
    "DayOfWeek": "Четверг",
    "StartTime": "2024-03-04T15:40:00",
    "EndTime": "2024-03-04T17:10:00",
    "WeekType": "Верхняя неделя",
    "Classroom": "А 536",
    "Group": "2370",
    "Subject": "Технология технического обслуживания и ремонта морской техники",
    "InstructorName": "Карпенко Виктория Алексеевна",
    "InstructorLink": ""
  },
  {
    "DayOfWeek": "Четверг",
    "StartTime": "2024-03-04T15:40:00",
    "EndTime": "2024-03-04T17:10:00",
    "WeekType": "Нижняя неделя",
    "Classroom": "А 536",
    "Group": "2370",
    "Subject": "Технология технического обслуживания и ремонта морской техники",
    "InstructorName": "Карпенко Виктория Алексеевна",
    "InstructorLink": ""
  },
  {
    "DayOfWeek": "Четверг",
    "StartTime": "2024-03-04T17:20:00",
    "EndTime": "2024-03-04T18:50:00",
    "WeekType": "Обе недели",
    "Classroom": "А 536",
    "Group": "2370",
    "Subject": "Технологическая оснастка",
    "InstructorName": "Поляков Никита Александрович",
    "InstructorLink": ""
  },
  {
    "DayOfWeek": "Четверг",
    "StartTime": "2024-03-04T19:00:00",
    "EndTime": "2024-03-04T20:30:00",
    "WeekType": "Обе недели",
    "Classroom": "А 537б",
    "Group": "2370",
    "Subject": "Технологическая оснастка",
    "InstructorName": "Поляков Никита Александрович",
    "InstructorLink": ""
  },
  {
    "DayOfWeek": "Пятница",
    "StartTime": "2024-03-04T10:10:00",
    "EndTime": "2024-03-04T11:40:00",
    "WeekType": "Обе недели",
    "Classroom": "У каф.ФВ",
    "Group": "2370",
    "Subject": "Физическая культура и спорт (элективная)",
    "InstructorName": "",
    "InstructorLink": ""
  },
  {
    "DayOfWeek": "Пятница",
    "StartTime": "2024-03-04T14:00:00",
    "EndTime": "2024-03-04T15:30:00",
    "WeekType": "Верхняя неделя",
    "Classroom": "А 537а",
    "Group": "2370",
    "Subject": "Информационная поддержка жизненного цикла",
    "InstructorName": "Резник Борис Львович",
    "InstructorLink": ""
  },
  {
    "DayOfWeek": "Пятница",
    "StartTime": "2024-03-04T14:00:00",
    "EndTime": "2024-03-04T15:30:00",
    "WeekType": "Нижняя неделя",
    "Classroom": "А 537а",
    "Group": "2370",
    "Subject": "Информационная поддержка жизненного цикла",
    "InstructorName": "Резник Борис Львович",
    "InstructorLink": ""
  },
  {
    "DayOfWeek": "Пятница",
    "StartTime": "2024-03-04T15:40:00",
    "EndTime": "2024-03-04T17:10:00",
    "WeekType": "Верхняя неделя",
    "Classroom": "А 537а",
    "Group": "2370",
    "Subject": "Информационная поддержка жизненного цикла",
    "InstructorName": "Резник Борис Львович",
    "InstructorLink": ""
  },
  {
    "DayOfWeek": "Пятница",
    "StartTime": "2024-03-04T15:40:00",
    "EndTime": "2024-03-04T17:10:00",
    "WeekType": "Нижняя неделя",
    "Classroom": "А 537а",
    "Group": "2370",
    "Subject": "Технология проектирования, изготовления, испытаний, ремонта и утилизации судовых трубопроводов",
    "InstructorName": "Голубева Дарья Евгеньевна",
    "InstructorLink": "https://www.smtu.ru/ru/viewperson/103341/"
  },
  {
    "DayOfWeek": "Пятница",
    "StartTime": "2024-03-04T17:20:00",
    "EndTime": "2024-03-04T18:50:00",
    "WeekType": "Обе недели",
    "Classroom": "А 536",
    "Group": "2370",
    "Subject": "Технология проектирования, изготовления, испытаний, ремонта и утилизации судовых трубопроводов",
    "InstructorName": "Голубева Дарья Евгеньевна",
    "InstructorLink": "https://www.smtu.ru/ru/viewperson/103341/"
  },
  {
    "DayOfWeek": "Пятница",
    "StartTime": "2024-03-04T19:00:00",
    "EndTime": "2024-03-04T20:30:00",
    "WeekType": "Верхняя неделя",
    "Classroom": "А 536",
    "Group": "2370",
    "Subject": "Технология проектирования, изготовления, испытаний, ремонта и утилизации судовых трубопроводов",
    "InstructorName": "Голубева Дарья Евгеньевна",
    "InstructorLink": "https://www.smtu.ru/ru/viewperson/103341/"
  }
]