[
  {
    "DayOfWeek": "Понедельник",
    "StartTime": "2024-03-04T08:30:00",
    "EndTime": "2024-03-04T10:00:00",
    "WeekType": "Обе недели",
    "Classroom": "А ВУЦ",
    "Group": "2391",
    "Subject": "Военная подготовка (офицеры запаса)",
    "InstructorName": "",
    "InstructorLink": ""
  },
  {
    "DayOfWeek": "Понедельник",
    "StartTime": "2024-03-04T10:10:00",
    "EndTime": "2024-03-04T11:40:00",
    "WeekType": "Обе недели",
    "Classroom": "А ВУЦ",
    "Group": "2391",
    "Subject": "Военная подготовка (офицеры запаса)",
    "InstructorName": "",
    "InstructorLink": ""
  },
  {
    "DayOfWeek": "Понедельник",
    "StartTime": "2024-03-04T11:50:00",
    "EndTime": "2024-03-04T13:20:00",
    "WeekType": "Обе недели",
    "Classroom": "А ВУЦ",
    "Group": "2391",
    "Subject": "Военная подготовка (офицеры запаса)",
    "InstructorName": "",
    "InstructorLink": ""
  },
  {
    "DayOfWeek": "Вторник",
    "StartTime": "2024-03-04T08:30:00",
    "EndTime": "2024-03-04T10:00:00",
    "WeekType": "Обе недели",
    "Classroom": "А 407",
    "Group": "2391",
    "Subject": "Теория автоматического управления",
    "InstructorName": "Кичигина Ольга Юрьевна",
    "InstructorLink": ""
  },
  {
    "DayOfWeek": "Вторник",
    "StartTime": "2024-03-04T10:10:00",
    "EndTime": "2024-03-04T11:40:00",
    "WeekType": "Обе недели",
    "Classroom": "А 407",
    "Group": "2391",
    "Subject": "Судовые электроэнергетические комплексы",
    "InstructorName": "Воршевский Петр Александрович",
    "InstructorLink": "https://www.smtu.ru/ru/viewperson/100240/"
  },
  {
    "DayOfWeek": "Вторник",
    "StartTime": "2024-03-04T11:50:00",
    "EndTime": "2024-03-04T13:20:00",
    "WeekType": "Обе недели",
    "Classroom": "А 318",
    "Group": "2391",
    "Subject": "Программное обеспечение решения электротехнических задач",
    "InstructorName": "Воршевский Петр Александрович",
    "InstructorLink": "https://www.smtu.ru/ru/viewperson/100240/"
  },
  {
    "DayOfWeek": "Вторник",
    "StartTime": "2024-03-04T14:00:00",
    "EndTime": "2024-03-04T15:30:00",
    "WeekType": "Верхняя неделя",
    "Classroom": "А 435",
    "Group": "2391",
    "Subject": "Анализ и синтез логических устройств",
    "InstructorName": "Максимова Марина Александровна",
    "InstructorLink": ""
  },
  {
    "DayOfWeek": "Вторник",
    "StartTime": "2024-03-04T14:00:00",
    "EndTime": "2024-03-04T15:30:00",
    "WeekType": "Нижняя неделя",
    "Classroom": "Б 510",
    "Group": "2391",
    "Subject": "Программное обеспечение решения электротехнических задач",
    "InstructorName": "Воршевский Петр Александрович",
    "InstructorLink": "https://www.smtu.ru/ru/viewperson/100240/"
  },
  {
    "DayOfWeek": "Среда",
    "StartTime": "2024-03-04T08:30:00",
    "EndTime": "2024-03-04T10:00:00",
    "WeekType": "Обе недели",
    "Classroom": "У каф.ФВ",
    "Group": "2391",
    "Subject": "Физическая культура и спорт (элективная)",
    "InstructorName": "",
    "InstructorLink": ""
  },
  {
    "DayOfWeek": "Среда",
    "StartTime": "2024-03-04T11:50:00",
    "EndTime": "2024-03-04T13:20:00",
    "WeekType": "Обе недели",
    "Classroom": "А 407",
    "Group": "2391",
    "Subject": "Теория автоматического управления",
    "InstructorName": "Согонов Сергей Александрович",
    "InstructorLink": "https://www.smtu.ru/ru/viewperson/101123/"
  },
  {
    "DayOfWeek": "Среда",
    "StartTime": "2024-03-04T14:00:00",
    "EndTime": "2024-03-04T15:30:00",
    "WeekType": "Верхняя неделя",
    "Classroom": "А 407",
    "Group": "2391",
    "Subject": "Судовые энергетические установки",
    "InstructorName": "Боровикова Ирина Анатольевна",
    "InstructorLink": ""
  },
  {
    "DayOfWeek": "Среда",
    "StartTime": "2024-03-04T14:00:00",
    "EndTime": "2024-03-04T15:30:00",
    "WeekType": "Нижняя неделя",
    "Classroom": "А 503",
    "Group": "2391",
    "Subject": "Судовые энергетические установки",
    "InstructorName": "Боровикова Ирина Анатольевна",
    "InstructorLink": ""
  },
  {
    "DayOfWeek": "Среда",
    "StartTime": "2024-03-04T15:40:00",
    "EndTime": "2024-03-04T17:10:00",
    "WeekType": "Верхняя неделя",
    "Classroom": "А 503",
    "Group": "2391",
    "Subject": "Судовые энергетические установки",
    "InstructorName": "Боровикова Ирина Анатольевна",
    "InstructorLink": ""
  },
  {
    "DayOfWeek": "Среда",
    "StartTime": "2024-03-04T15:40:00",
    "EndTime": "2024-03-04T17:10:00",
    "WeekType": "Нижняя неделя",
    "Classroom": "А 503",
    "Group": "2391",
    "Subject": "Судовые энергетические установки",
    "InstructorName": "Боровикова Ирина Анатольевна",
    "InstructorLink": ""
  },
  {
    "DayOfWeek": "Четверг",
    "StartTime": "2024-03-04T10:10:00",
    "EndTime": "2024-03-04T11:40:00",
    "WeekType": "Обе недели",
    "Classroom": "У каф.ФВ",
    "Group": "2391",
    "Subject": "Физическая культура и спорт (элективная)",
    "InstructorName": "",
    "InstructorLink": ""
  },
  {
    "DayOfWeek": "Четверг",
    "StartTime": "2024-03-04T14:00:00",
    "EndTime": "2024-03-04T15:30:00",
    "WeekType": "Обе недели",
    "Classroom": "А 319",
    "Group": "2391",
    "Subject": "Судовые электроэнергетические комплексы",
    "InstructorName": "Воршевский Петр Александрович",
    "InstructorLink": "https://www.smtu.ru/ru/viewperson/100240/"
  },
  {
    "DayOfWeek": "Четверг",
    "StartTime": "2024-03-04T15:40:00",
    "EndTime": "2024-03-04T17:10:00",
    "WeekType": "Верхняя неделя",
    "Classroom": "А 517",
    "Group": "2391",
    "Subject": "Анализ и синтез логических устройств",
    "InstructorName": "Буковский Илья Валерьевич",
    "InstructorLink": ""
  },
  {
    "DayOfWeek": "Четверг",
    "StartTime": "2024-03-04T15:40:00",
    "EndTime": "2024-03-04T17:10:00",
    "WeekType": "Нижняя неделя",
    "Classroom": "А 414",
    "Group": "2391",
    "Subject": "Теория автоматического управления",
    "InstructorName": "Иванчик Ольга Игоревна",
    "InstructorLink": ""
  },
  {
    "DayOfWeek": "Пятница",
    "StartTime": "2024-03-04T08:30:00",
    "EndTime": "2024-03-04T10:00:00",
    "WeekType": "Нижняя неделя",
    "Classroom": "Б 510",
    "Group": "2391",
    "Subject": "Гидравлика",
    "InstructorName": "Яковлев Алексей Юрьевич",
    "InstructorLink": "https://www.smtu.ru/ru/viewperson/101392/"
  },
  {
    "DayOfWeek": "Пятница",
    "StartTime": "2024-03-04T10:10:00",
    "EndTime": "2024-03-04T11:40:00",
    "WeekType": "Верхняя неделя",
    "Classroom": "Б 508",
    "Group": "2391",
    "Subject": "Гидравлика",
    "InstructorName": "Яковлев Алексей Юрьевич",
    "InstructorLink": "https://www.smtu.ru/ru/viewperson/101392/"
  },
  {
    "DayOfWeek": "Пятница",
    "StartTime": "2024-03-04T10:10:00",
    "EndTime": "2024-03-04T11:40:00",
    "WeekType": "Нижняя неделя",
    "Classroom": "Б 510",
    "Group": "2391",
    "Subject": "Гидравлика",
    "InstructorName": "Яковлев Алексей Юрьевич",
    "InstructorLink": "https://www.smtu.ru/ru/viewperson/101392/"
  },
  {
    "DayOfWeek": "Пятница",
    "StartTime": "2024-03-04T11:50:00",
    "EndTime": "2024-03-04T13:20:00",
    "WeekType": "Верхняя неделя",
    "Classroom": "А 435",
    "Group": "2391",
    "Subject": "Обработка результатов измерений в судостроении",
    "InstructorName": "Максимова Марина Александровна",
    "InstructorLink": ""
  },
  {
    "DayOfWeek": "Пятница",
    "StartTime": "2024-03-04T11:50:00",
    "EndTime": "2024-03-04T13:20:00",
    "WeekType": "Нижняя неделя",
    "Classroom": "А 435",
    "Group": "2391",
    "Subject": "Обработка результатов измерений в судостроении",
    "InstructorName": "Максимова Марина Александровна",
    "InstructorLink": ""
  },
  {
    "DayOfWeek": "Пятница",
    "StartTime": "2024-03-04T14:00:00",
    "EndTime": "2024-03-04T15:30:00",
    "WeekType": "Верхняя неделя",
    "Classroom": "А 435",
    "Group": "2391",
    "Subject": "Обработка результатов измерений в судостроении",
    "InstructorName": "Максимова Марина Александровна",
    "InstructorLink": ""
  }
]