[
  {
    "DayOfWeek": "Понедельник",
    "StartTime": "2024-03-04T11:50:00",
    "EndTime": "2024-03-04T13:20:00",
    "WeekType": "Обе недели",
    "Classroom": "А 453",
    "Group": "2400",
    "Subject": "Экологическая безопасность нефтегазовых комплексов",
    "InstructorName": "Нифонтов Юрий Аркадьевич",
    "InstructorLink": "https://www.smtu.ru/ru/viewperson/100824/"
  },
  {
    "DayOfWeek": "Понедельник",
    "StartTime": "2024-03-04T14:00:00",
    "EndTime": "2024-03-04T15:30:00",
    "WeekType": "Обе недели",
    "Classroom": "А 453",
    "Group": "2400",
    "Subject": "Экологическая безопасность нефтегазовых комплексов",
    "InstructorName": "Нифонтов Юрий Аркадьевич",
    "InstructorLink": "https://www.smtu.ru/ru/viewperson/100824/"
  },
  {
    "DayOfWeek": "Вторник",
    "StartTime": "2024-03-04T10:10:00",
    "EndTime": "2024-03-04T11:40:00",
    "WeekType": "Обе недели",
    "Classroom": "А 453",
    "Group": "2400",
    "Subject": "Экологическая безопасность нефтегазовых комплексов",
    "InstructorName": "Нифонтов Юрий Аркадьевич",
    "InstructorLink": "https://www.smtu.ru/ru/viewperson/100824/"
  },
  {
    "DayOfWeek": "Вторник",
    "StartTime": "2024-03-04T11:50:00",
    "EndTime": "2024-03-04T13:20:00",
    "WeekType": "Обе недели",
    "Classroom": "А 453",
    "Group": "2400",
    "Subject": "Экологическая безопасность нефтегазовых комплексов",
    "InstructorName": "Нифонтов Юрий Аркадьевич",
    "InstructorLink": "https://www.smtu.ru/ru/viewperson/100824/"
  },
  {
    "DayOfWeek": "Вторник",
    "StartTime": "2024-03-04T14:00:00",
    "EndTime": "2024-03-04T15:30:00",
    "WeekType": "Обе недели",
    "Classroom": "А 453",
    "Group": "2400",
    "Subject": "Экологическая безопасность нефтегазовых комплексов",
    "InstructorName": "Нифонтов Юрий Аркадьевич",
    "InstructorLink": "https://www.smtu.ru/ru/viewperson/100824/"
  },
  {
    "DayOfWeek": "Среда",
    "StartTime": "2024-03-04T17:20:00",
    "EndTime": "2024-03-04T18:50:00",
    "WeekType": "Обе недели",
    "Classroom": "У 105",
    "Group": "2400",
    "Subject": "Деловые коммуникации",
    "InstructorName": "Морозов Александр Петрович",
    "InstructorLink": ""
  },
  {
    "DayOfWeek": "Среда",
    "StartTime": "2024-03-04T19:00:00",
    "EndTime": "2024-03-04T20:30:00",
    "WeekType": "Обе недели",
    "Classroom": "У 419",
    "Group": "2400",
    "Subject": "Деловые коммуникации",
    "InstructorName": "Морозов Александр Петрович",
    "InstructorLink": ""
  },
  {
    "DayOfWeek": "Пятница",
    "StartTime": "2024-03-04T17:20:00",
    "EndTime": "2024-03-04T18:50:00",
    "WeekType": "Обе недели",
    "Classroom": "Б 415",
    "Group": "2400",
    "Subject": "Влияние природных ресурсов на геополитику",
    "InstructorName": "Алексин Евгений Николаевич",
    "InstructorLink": "https://www.smtu.ru/ru/viewperson/106151/"
  },
  {
    "DayOfWeek": "Пятница",
    "StartTime": "2024-03-04T19:00:00",
    "EndTime": "2024-03-04T20:30:00",
    "WeekType": "Обе недели",
    "Classroom": "Б 415",
    "Group": "2400",
    "Subject": "Влияние природных ресурсов на геополитику",
    "InstructorName": "Алексин Евгений Николаевич",
    "InstructorLink": "https://www.smtu.ru/ru/viewperson/106151/"
  },
  {
    "DayOfWeek": "Суббота",
    "StartTime": "2024-03-04T08:30:00",
    "EndTime": "2024-03-04T10:00:00",
    "WeekType": "Обе недели",
    "Classroom": "Б 301б",
    "Group": "2400",
    "Subject": "Пакеты прикладных программ для исследования энергетического оборудования нефтегазовых комплексов",
    "InstructorName": "Трубинова Любовь Юрьевна",
    "InstructorLink": ""
  },
  {
    "DayOfWeek": "Суббота",
    "StartTime": "2024-03-04T10:10:00",
    "EndTime": "2024-03-04T11:40:00",
    "WeekType": "Обе недели",
    "Classroom": "Б 301б",
    "Group": "2400",
    "Subject": "Пакеты прикладных программ для исследования энергетического оборудования нефтегазовых комплексов",
    "InstructorName": "Трубинова Любовь Юрьевна",
    "InstructorLink": ""
  },
  {
    "DayOfWeek": "Суббота",
    "StartTime": "2024-03-04T11:50:00",
    "EndTime": "2024-03-04T13:20:00",
    "WeekType": "Обе недели",
    "Classroom": "Б 301б",
    "Group": "2400",
    "Subject": "Пакеты прикладных программ для исследования энергетического оборудования нефтегазовых комплексов",
    "InstructorName": "Трубинова Любовь Юрьевна",
    "InstructorLink": ""
  },
  {
    "DayOfWeek": "Суббота",
    "StartTime": "2024-03-04T14:00:00",
    "EndTime": "2024-03-04T15:30:00",
    "WeekType": "Обе недели",
    "Classroom": "Б 301б",
    "Group": "2400",
    "Subject": "Пакеты прикладных программ для исследования энергетического оборудования нефтегазовых комплексов",
    "InstructorName": "Трубинова Любовь Юрьевна",
    "InstructorLink": ""
  }
]