[
  {
    "DayOfWeek": "Понедельник",
    "StartTime": "2024-03-04T10:10:00",
    "EndTime": "2024-03-04T11:40:00",
    "WeekType": "Обе недели",
    "Classroom": "А 417-2",
    "Group": "2401",
    "Subject": "Судовые ядерные энергетические установки",
    "InstructorName": "Гоняева Софья Сергеевна",
    "InstructorLink": ""
  },
  {
    "DayOfWeek": "Понедельник",
    "StartTime": "2024-03-04T11:50:00",
    "EndTime": "2024-03-04T13:20:00",
    "WeekType": "Обе недели",
    "Classroom": "А 417-2",
    "Group": "2401",
    "Subject": "Техника освоения океана",
    "InstructorName": "Гоняева Софья Сергеевна",
    "InstructorLink": ""
  },
  {
    "DayOfWeek": "Понедельник",
    "StartTime": "2024-03-04T14:00:00",
    "EndTime": "2024-03-04T15:30:00",
    "WeekType": "Обе недели",
    "Classroom": "А 417-2",
    "Group": "2401",
    "Subject": "Техника освоения океана",
    "InstructorName": "Гоняева Софья Сергеевна",
    "InstructorLink": ""
  },
  {
    "DayOfWeek": "Вторник",
    "StartTime": "2024-03-04T10:10:00",
    "EndTime": "2024-03-04T11:40:00",
    "WeekType": "Обе недели",
    "Classroom": "А Акаф",
    "Group": "2401",
    "Subject": "Ядерные установки и окружающая среда",
    "InstructorName": "Сутеева Аделина Жанатовна",
    "InstructorLink": ""
  },
  {
    "DayOfWeek": "Вторник",
    "StartTime": "2024-03-04T11:50:00",
    "EndTime": "2024-03-04T13:20:00",
    "WeekType": "Обе недели",
    "Classroom": "А Акаф",
    "Group": "2401",
    "Subject": "Ядерные установки и окружающая среда",
    "InstructorName": "Сутеева Аделина Жанатовна",
    "InstructorLink": ""
  },
  {
    "DayOfWeek": "Среда",
    "StartTime": "2024-03-04T17:20:00",
    "EndTime": "2024-03-04T18:50:00",
    "WeekType": "Обе недели",
    "Classroom": "У 105",
    "Group": "2401",
    "Subject": "Деловые коммуникации",
    "InstructorName": "Морозов Александр Петрович",
    "InstructorLink": ""
  },
  {
    "DayOfWeek": "Среда",
    "StartTime": "2024-03-04T19:00:00",
    "EndTime": "2024-03-04T20:30:00",
    "WeekType": "Обе недели",
    "Classroom": "У 419",
    "Group": "2401",
    "Subject": "Деловые коммуникации",
    "InstructorName": "Морозов Александр Петрович",
    "InstructorLink": ""
  },
  {
    "DayOfWeek": "Четверг",
    "StartTime": "2024-03-04T08:30:00",
    "EndTime": "2024-03-04T10:00:00",
    "WeekType": "Обе недели",
    "Classroom": "А 417-2",
    "Group": "2401",
    "Subject": "Судовые ядерные энергетические установки",
    "InstructorName": "Гоняева Софья Сергеевна",
    "InstructorLink": ""
  },
  {
    "DayOfWeek": "Четверг",
    "StartTime": "2024-03-04T10:10:00",
    "EndTime": "2024-03-04T11:40:00",
    "WeekType": "Обе недели",
    "Classroom": "А 417-2",
    "Group": "2401",
    "Subject": "Судовые ядерные энергетические установки",
    "InstructorName": "Гоняева Софья Сергеевна",
    "InstructorLink": ""
  },
  {
    "DayOfWeek": "Четверг",
    "StartTime": "2024-03-04T11:50:00",
    "EndTime": "2024-03-04T13:20:00",
    "WeekType": "Обе недели",
    "Classroom": "А 417-2",
    "Group": "2401",
    "Subject": "Судовые ядерные энергетические установки",
    "InstructorName": "Гоняева Софья Сергеевна",
    "InstructorLink": ""
  },
  {
    "DayOfWeek": "Четверг",
    "StartTime": "2024-03-04T14:00:00",
    "EndTime": "2024-03-04T15:30:00",
    "WeekType": "Верхняя неделя",
    "Classroom": "А 417-3",
    "Group": "2401",
    "Subject": "Судовые ядерные энергетические установки",
    "InstructorName": "Гоняева Софья Сергеевна",
    "InstructorLink": ""
  }
]