[
  {
    "DayOfWeek": "Понедельник",
    "StartTime": "2024-03-04T08:30:00",
    "EndTime": "2024-03-04T10:00:00",
    "WeekType": "Верхняя неделя",
    "Classroom": "А 340",
    "Group": "2410",
    "Subject": "Учебно-исследовательская работа студентов",
    "InstructorName": "Толмачев Валерий Вячеславович",
    "InstructorLink": ""
  },
  {
    "DayOfWeek": "Понедельник",
    "StartTime": "2024-03-04T08:30:00",
    "EndTime": "2024-03-04T10:00:00",
    "WeekType": "Нижняя неделя",
    "Classroom": "А 340",
    "Group": "2410",
    "Subject": "Учебно-исследовательская работа студентов",
    "InstructorName": "Толмачев Валерий Вячеславович",
    "InstructorLink": ""
  },
  {
    "DayOfWeek": "Понедельник",
    "StartTime": "2024-03-04T10:10:00",
    "EndTime": "2024-03-04T11:40:00",
    "WeekType": "Обе недели",
    "Classroom": "А 340",
    "Group": "2410",
    "Subject": "Учебно-исследовательская работа студентов",
    "InstructorName": "Толмачев Валерий Вячеславович",
    "InstructorLink": ""
  },
  {
    "DayOfWeek": "Среда",
    "StartTime": "2024-03-04T15:40:00",
    "EndTime": "2024-03-04T17:10:00",
    "WeekType": "Обе недели",
    "Classroom": "У 451",
    "Group": "2410",
    "Subject": "Деловые коммуникации",
    "InstructorName": "Морозов Александр Петрович",
    "InstructorLink": ""
  },
  {
    "DayOfWeek": "Среда",
    "StartTime": "2024-03-04T17:20:00",
    "EndTime": "2024-03-04T18:50:00",
    "WeekType": "Обе недели",
    "Classroom": "У 105",
    "Group": "2410",
    "Subject": "Деловые коммуникации",
    "InstructorName": "Морозов Александр Петрович",
    "InstructorLink": ""
  },
  {
    "DayOfWeek": "Четверг",
    "StartTime": "2024-03-04T08:30:00",
    "EndTime": "2024-03-04T10:00:00",
    "WeekType": "Обе недели",
    "Classroom": "А 338",
    "Group": "2410",
    "Subject": "Оборудование турбинных установок",
    "InstructorName": "Безухов Андрей Павлович",
    "InstructorLink": "https://www.smtu.ru/ru/viewperson/100085/"
  },
  {
    "DayOfWeek": "Четверг",
    "StartTime": "2024-03-04T10:10:00",
    "EndTime": "2024-03-04T11:40:00",
    "WeekType": "Обе недели",
    "Classroom": "А 338",
    "Group": "2410",
    "Subject": "Оборудование турбинных установок",
    "InstructorName": "Безухов Андрей Павлович",
    "InstructorLink": "https://www.smtu.ru/ru/viewperson/100085/"
  },
  {
    "DayOfWeek": "Четверг",
    "StartTime": "2024-03-04T11:50:00",
    "EndTime": "2024-03-04T13:20:00",
    "WeekType": "Обе недели",
    "Classroom": "Б 503",
    "Group": "2410",
    "Subject": "Морские турбоагрегаты и турбоустановки",
    "InstructorName": "Богов Игорь Александрович",
    "InstructorLink": "https://www.smtu.ru/ru/viewperson/108050/"
  },
  {
    "DayOfWeek": "Четверг",
    "StartTime": "2024-03-04T14:00:00",
    "EndTime": "2024-03-04T15:30:00",
    "WeekType": "Обе недели",
    "Classroom": "Б 503",
    "Group": "2410",
    "Subject": "Морские турбоагрегаты и турбоустановки",
    "InstructorName": "Богов Игорь Александрович",
    "InstructorLink": "https://www.smtu.ru/ru/viewperson/108050/"
  },
  {
    "DayOfWeek": "Пятница",
    "StartTime": "2024-03-04T14:00:00",
    "EndTime": "2024-03-04T15:30:00",
    "WeekType": "Верхняя неделя",
    "Classroom": "А 338",
    "Group": "2410",
    "Subject": "Основы эксплуатации, диагностирования и испытаний турбомашин и турбоустановок",
    "InstructorName": "Гаев Александр Валерьевич",
    "InstructorLink": ""
  },
  {
    "DayOfWeek": "Пятница",
    "StartTime": "2024-03-04T14:00:00",
    "EndTime": "2024-03-04T15:30:00",
    "WeekType": "Нижняя неделя",
    "Classroom": "А 340",
    "Group": "2410",
    "Subject": "Основы эксплуатации, диагностирования и испытаний турбомашин и турбоустановок",
    "InstructorName": "Гаев Александр Валерьевич",
    "InstructorLink": ""
  },
  {
    "DayOfWeek": "Пятница",
    "StartTime": "2024-03-04T15:40:00",
    "EndTime": "2024-03-04T17:10:00",
    "WeekType": "Обе недели",
    "Classroom": "А 338",
    "Group": "2410",
    "Subject": "Основы эксплуатации, диагностирования и испытаний турбомашин и турбоустановок",
    "InstructorName": "Гаев Александр Валерьевич",
    "InstructorLink": ""
  },
  {
    "DayOfWeek": "Пятница",
    "StartTime": "2024-03-04T17:20:00",
    "EndTime": "2024-03-04T18:50:00",
    "WeekType": "Обе недели",
    "Classroom": "А 338",
    "Group": "2410",
    "Subject": "Основы эксплуатации, диагностирования и испытаний турбомашин и турбоустановок",
    "InstructorName": "Гаев Александр Валерьевич",
    "InstructorLink": ""
  },
  {
    "DayOfWeek": "Суббота",
    "StartTime": "2024-03-04T08:30:00",
    "EndTime": "2024-03-04T10:00:00",
    "WeekType": "Нижняя неделя",
    "Classroom": "А 458",
    "Group": "2410",
    "Subject": "Морские турбоагрегаты и турбоустановки",
    "InstructorName": "Гаев Валерий Дмитриевич",
    "InstructorLink": ""
  },
  {
    "DayOfWeek": "Суббота",
    "StartTime": "2024-03-04T10:10:00",
    "EndTime": "2024-03-04T11:40:00",
    "WeekType": "Обе недели",
    "Classroom": "А 458",
    "Group": "2410",
    "Subject": "Морские турбоагрегаты и турбоустановки",
    "InstructorName": "Гаев Валерий Дмитриевич",
    "InstructorLink": ""
  },
  {
    "DayOfWeek": "Суббота",
    "StartTime": "2024-03-04T11:50:00",
    "EndTime": "2024-03-04T13:20:00",
    "WeekType": "Обе недели",
    "Classroom": "А 458",
    "Group": "2410",
    "Subject": "Перспективные направления проектирования в турбостроении",
    "InstructorName": "Лебедев Дмитрий Владимирович",
    "InstructorLink": ""
  },
  {
    "DayOfWeek": "Суббота",
    "StartTime": "2024-03-04T14:00:00",
    "EndTime": "2024-03-04T15:30:00",
    "WeekType": "Обе недели",
    "Classroom": "А 458",
    "Group": "2410",
    "Subject": "Перспективные направления проектирования в турбостроении",
    "InstructorName": "Лебедев Дмитрий Владимирович",
    "InstructorLink": ""
  }
]