[
  {
    "DayOfWeek": "Понедельник",
    "StartTime": "2024-03-04T11:50:00",
    "EndTime": "2024-03-04T13:20:00",
    "WeekType": "Верхняя неделя",
    "Classroom": "А 413",
    "Group": "2426",
    "Subject": "Автоматизация судовых энергетических установок",
    "InstructorName": "Равин Александр Александрович",
    "InstructorLink": "https://www.smtu.ru/ru/viewperson/100963/"
  },
  {
    "DayOfWeek": "Понедельник",
    "StartTime": "2024-03-04T14:00:00",
    "EndTime": "2024-03-04T15:30:00",
    "WeekType": "Обе недели",
    "Classroom": "А 450",
    "Group": "2426",
    "Subject": "Автоматизация судовых энергетических установок",
    "InstructorName": "Равин Александр Александрович",
    "InstructorLink": "https://www.smtu.ru/ru/viewperson/100963/"
  },
  {
    "DayOfWeek": "Понедельник",
    "StartTime": "2024-03-04T15:40:00",
    "EndTime": "2024-03-04T17:10:00",
    "WeekType": "Обе недели",
    "Classroom": "А 450",
    "Group": "2426",
    "Subject": "Технология двигателестроения",
    "InstructorName": "Пугач Андрей Анатольевич",
    "InstructorLink": ""
  },
  {
    "DayOfWeek": "Вторник",
    "StartTime": "2024-03-04T10:10:00",
    "EndTime": "2024-03-04T11:40:00",
    "WeekType": "Верхняя неделя",
    "Classroom": "Б 415",
    "Group": "2426",
    "Subject": "Деловые коммуникации",
    "InstructorName": "Белоносова Валентина Васильевна",
    "InstructorLink": ""
  },
  {
    "DayOfWeek": "Вторник",
    "StartTime": "2024-03-04T10:10:00",
    "EndTime": "2024-03-04T11:40:00",
    "WeekType": "Нижняя неделя",
    "Classroom": "Б 508",
    "Group": "2426",
    "Subject": "Экология",
    "InstructorName": "Алексеева Татьяна Николаевна",
    "InstructorLink": "https://www.smtu.ru/ru/viewperson/100021/"
  },
  {
    "DayOfWeek": "Вторник",
    "StartTime": "2024-03-04T11:50:00",
    "EndTime": "2024-03-04T13:20:00",
    "WeekType": "Верхняя неделя",
    "Classroom": "Б 508",
    "Group": "2426",
    "Subject": "Деловые коммуникации",
    "InstructorName": "Белоносова Валентина Васильевна",
    "InstructorLink": ""
  },
  {
    "DayOfWeek": "Вторник",
    "StartTime": "2024-03-04T11:50:00",
    "EndTime": "2024-03-04T13:20:00",
    "WeekType": "Нижняя неделя",
    "Classroom": "Б 505(1)",
    "Group": "2426",
    "Subject": "Основы теории горения",
    "InstructorName": "Толмачев Валерий Вячеславович",
    "InstructorLink": ""
  },
  {
    "DayOfWeek": "Вторник",
    "StartTime": "2024-03-04T14:00:00",
    "EndTime": "2024-03-04T15:30:00",
    "WeekType": "Верхняя неделя",
    "Classroom": "Б 415",
    "Group": "2426",
    "Subject": "Основы теории горения",
    "InstructorName": "Толмачев Валерий Вячеславович",
    "InstructorLink": ""
  },
  {
    "DayOfWeek": "Вторник",
    "StartTime": "2024-03-04T14:00:00",
    "EndTime": "2024-03-04T15:30:00",
    "WeekType": "Нижняя неделя",
    "Classroom": "Б 505(1)",
    "Group": "2426",
    "Subject": "Основы теории горения",
    "InstructorName": "Толмачев Валерий Вячеславович",
    "InstructorLink": ""
  },
  {
    "DayOfWeek": "Среда",
    "StartTime": "2024-03-04T11:50:00",
    "EndTime": "2024-03-04T13:20:00",
    "WeekType": "Обе недели",
    "Classroom": "А 458",
    "Group": "2426",
    "Subject": "Техническая диагностика судового оборудования",
    "InstructorName": "Баркова Наталия Александровна",
    "InstructorLink": "https://www.smtu.ru/ru/viewperson/100078/"
  },
  {
    "DayOfWeek": "Среда",
    "StartTime": "2024-03-04T14:00:00",
    "EndTime": "2024-03-04T15:30:00",
    "WeekType": "Верхняя неделя",
    "Classroom": "А 339",
    "Group": "2426",
    "Subject": "Технология двигателестроения",
    "InstructorName": "Пугач Андрей Анатольевич",
    "InstructorLink": ""
  },
  {
    "DayOfWeek": "Среда",
    "StartTime": "2024-03-04T14:00:00",
    "EndTime": "2024-03-04T15:30:00",
    "WeekType": "Нижняя неделя",
    "Classroom": "А 517",
    "Group": "2426",
    "Subject": "Техническая диагностика судового оборудования",
    "InstructorName": "Мостовой Дмитрий Павлович",
    "InstructorLink": ""
  },
  {
    "DayOfWeek": "Среда",
    "StartTime": "2024-03-04T15:40:00",
    "EndTime": "2024-03-04T17:10:00",
    "WeekType": "Верхняя неделя",
    "Classroom": "А 339",
    "Group": "2426",
    "Subject": "Технология двигателестроения",
    "InstructorName": "Пугач Андрей Анатольевич",
    "InstructorLink": ""
  },
  {
    "DayOfWeek": "Среда",
    "StartTime": "2024-03-04T15:40:00",
    "EndTime": "2024-03-04T17:10:00",
    "WeekType": "Нижняя неделя",
    "Classroom": "А 517",
    "Group": "2426",
    "Subject": "Техническая диагностика судового оборудования",
    "InstructorName": "Мостовой Дмитрий Павлович",
    "InstructorLink": ""
  },
  {
    "DayOfWeek": "Четверг",
    "StartTime": "2024-03-04T11:50:00",
    "EndTime": "2024-03-04T13:20:00",
    "WeekType": "Верхняя неделя",
    "Classroom": "Б 505(1)",
    "Group": "2426",
    "Subject": "Конструирование двигателей",
    "InstructorName": "Безухов Андрей Павлович",
    "InstructorLink": "https://www.smtu.ru/ru/viewperson/100085/"
  },
  {
    "DayOfWeek": "Четверг",
    "StartTime": "2024-03-04T11:50:00",
    "EndTime": "2024-03-04T13:20:00",
    "WeekType": "Нижняя неделя",
    "Classroom": "Б 505(1)",
    "Group": "2426",
    "Subject": "Экология",
    "InstructorName": "Алексеева Татьяна Николаевна",
    "InstructorLink": "https://www.smtu.ru/ru/viewperson/100021/"
  },
  {
    "DayOfWeek": "Четверг",
    "StartTime": "2024-03-04T14:00:00",
    "EndTime": "2024-03-04T15:30:00",
    "WeekType": "Обе недели",
    "Classroom": "Б 505(1)",
    "Group": "2426",
    "Subject": "Конструирование двигателей",
    "InstructorName": "Безухов Андрей Павлович",
    "InstructorLink": "https://www.smtu.ru/ru/viewperson/100085/"
  },
  {
    "DayOfWeek": "Четверг",
    "StartTime": "2024-03-04T15:40:00",
    "EndTime": "2024-03-04T17:10:00",
    "WeekType": "Обе недели",
    "Classroom": "А 340",
    "Group": "2426",
    "Subject": "Системы двигателей",
    "InstructorName": "Жуков Владимир Анатольевич",
    "InstructorLink": "https://www.smtu.ru/ru/viewperson/105957/"
  },
  {
    "DayOfWeek": "Четверг",
    "StartTime": "2024-03-04T17:20:00",
    "EndTime": "2024-03-04T18:50:00",
    "WeekType": "Обе недели",
    "Classroom": "А 340",
    "Group": "2426",
    "Subject": "Системы двигателей",
    "InstructorName": "Жуков Владимир Анатольевич",
    "InstructorLink": "https://www.smtu.ru/ru/viewperson/105957/"
  },
  {
    "DayOfWeek": "Пятница",
    "StartTime": "2024-03-04T10:10:00",
    "EndTime": "2024-03-04T11:40:00",
    "WeekType": "Верхняя неделя",
    "Classroom": "Б 601",
    "Group": "2426",
    "Subject": "Математическое моделирование в турбомашинах",
    "InstructorName": "Ерохин Сергей Константинович",
    "InstructorLink": ""
  },
  {
    "DayOfWeek": "Пятница",
    "StartTime": "2024-03-04T10:10:00",
    "EndTime": "2024-03-04T11:40:00",
    "WeekType": "Нижняя неделя",
    "Classroom": "Б 601",
    "Group": "2426",
    "Subject": "Математическое моделирование в турбомашинах",
    "InstructorName": "Ерохин Сергей Константинович",
    "InstructorLink": ""
  },
  {
    "DayOfWeek": "Пятница",
    "StartTime": "2024-03-04T11:50:00",
    "EndTime": "2024-03-04T13:20:00",
    "WeekType": "Обе недели",
    "Classroom": "Б 601",
    "Group": "2426",
    "Subject": "Колебания и амортизация судового оборудования",
    "InstructorName": "Ерохин Сергей Константинович",
    "InstructorLink": ""
  },
  {
    "DayOfWeek": "Пятница",
    "StartTime": "2024-03-04T14:00:00",
    "EndTime": "2024-03-04T15:30:00",
    "WeekType": "Верхняя неделя",
    "Classroom": "Б 601",
    "Group": "2426",
    "Subject": "Колебания и амортизация судового оборудования",
    "InstructorName": "Ерохин Сергей Константинович",
    "InstructorLink": ""
  }
]