[
  {
    "DayOfWeek": "Понедельник",
    "StartTime": "2024-03-04T11:50:00",
    "EndTime": "2024-03-04T13:20:00",
    "WeekType": "Обе недели",
    "Classroom": "А 503",
    "Group": "2431",
    "Subject": "Управление качеством в системе технического регулирования",
    "InstructorName": "Патина Ирина Николаевна",
    "InstructorLink": ""
  },
  {
    "DayOfWeek": "Понедельник",
    "StartTime": "2024-03-04T14:00:00",
    "EndTime": "2024-03-04T15:30:00",
    "WeekType": "Обе недели",
    "Classroom": "А 503",
    "Group": "2431",
    "Subject": "Управление качеством в системе технического регулирования",
    "InstructorName": "Патина Ирина Николаевна",
    "InstructorLink": ""
  },
  {
    "DayOfWeek": "Понедельник",
    "StartTime": "2024-03-04T15:40:00",
    "EndTime": "2024-03-04T17:10:00",
    "WeekType": "Обе недели",
    "Classroom": "А 503",
    "Group": "2431",
    "Subject": "Основы эксплуатации судовых энергетических установок и судов морского флота",
    "InstructorName": "Чистяков Александр Юрьевич",
    "InstructorLink": "https://www.smtu.ru/ru/viewperson/101323/"
  },
  {
    "DayOfWeek": "Вторник",
    "StartTime": "2024-03-04T14:00:00",
    "EndTime": "2024-03-04T15:30:00",
    "WeekType": "Обе недели",
    "Classroom": "У 105",
    "Group": "2431",
    "Subject": "Деловые коммуникации",
    "InstructorName": "Мохов Александр Геннадьевич",
    "InstructorLink": ""
  },
  {
    "DayOfWeek": "Вторник",
    "StartTime": "2024-03-04T15:40:00",
    "EndTime": "2024-03-04T17:10:00",
    "WeekType": "Обе недели",
    "Classroom": "У 105",
    "Group": "2431",
    "Subject": "Деловые коммуникации",
    "InstructorName": "Мохов Александр Геннадьевич",
    "InstructorLink": ""
  },
  {
    "DayOfWeek": "Среда",
    "StartTime": "2024-03-04T14:00:00",
    "EndTime": "2024-03-04T15:30:00",
    "WeekType": "Обе недели",
    "Classroom": "Б 330",
    "Group": "2431",
    "Subject": "Теория корабля",
    "InstructorName": "Устинова Забава Сергеевна",
    "InstructorLink": ""
  },
  {
    "DayOfWeek": "Среда",
    "StartTime": "2024-03-04T15:40:00",
    "EndTime": "2024-03-04T17:10:00",
    "WeekType": "Обе недели",
    "Classroom": "Б 101",
    "Group": "2431",
    "Subject": "Теория корабля",
    "InstructorName": "Шульц Вячеслав Юрьевич",
    "InstructorLink": "https://www.smtu.ru/ru/viewperson/102897/"
  },
  {
    "DayOfWeek": "Среда",
    "StartTime": "2024-03-04T17:20:00",
    "EndTime": "2024-03-04T18:50:00",
    "WeekType": "Обе недели",
    "Classroom": "А 450",
    "Group": "2431",
    "Subject": "Системы автоматизированного проектирования судовой энергетической установки и её элементов",
    "InstructorName": "Даниловский Алексей Глебович",
    "InstructorLink": "https://www.smtu.ru/ru/viewperson/100322/"
  },
  {
    "DayOfWeek": "Среда",
    "StartTime": "2024-03-04T19:00:00",
    "EndTime": "2024-03-04T20:30:00",
    "WeekType": "Обе недели",
    "Classroom": "А 450",
    "Group": "2431",
    "Subject": "Системы автоматизированного проектирования судовой энергетической установки и её элементов",
    "InstructorName": "Даниловский Алексей Глебович",
    "InstructorLink": "https://www.smtu.ru/ru/viewperson/100322/"
  },
  {
    "DayOfWeek": "Четверг",
    "StartTime": "2024-03-04T14:00:00",
    "EndTime": "2024-03-04T15:30:00",
    "WeekType": "Нижняя неделя",
    "Classroom": "Б 419",
    "Group": "2431",
    "Subject": "Теория корабля",
    "InstructorName": "Устинова Забава Сергеевна",
    "InstructorLink": ""
  },
  {
    "DayOfWeek": "Четверг",
    "StartTime": "2024-03-04T15:40:00",
    "EndTime": "2024-03-04T17:10:00",
    "WeekType": "Обе недели",
    "Classroom": "А 503",
    "Group": "2431",
    "Subject": "Системы автоматизированного проектирования судовой энергетической установки и её элементов",
    "InstructorName": "Даниловский Алексей Глебович",
    "InstructorLink": "https://www.smtu.ru/ru/viewperson/100322/"
  },
  {
    "DayOfWeek": "Четверг",
    "StartTime": "2024-03-04T17:20:00",
    "EndTime": "2024-03-04T18:50:00",
    "WeekType": "Обе недели",
    "Classroom": "А 522",
    "Group": "2431",
    "Subject": "Системы автоматизированного проектирования судовой энергетической установки и её элементов",
    "InstructorName": "Даниловский Алексей Глебович",
    "InstructorLink": "https://www.smtu.ru/ru/viewperson/100322/"
  },
  {
    "DayOfWeek": "Четверг",
    "StartTime": "2024-03-04T19:00:00",
    "EndTime": "2024-03-04T20:30:00",
    "WeekType": "Обе недели",
    "Classroom": "А 503",
    "Group": "2431",
    "Subject": "Основы эксплуатации судовых энергетических установок и судов морского флота",
    "InstructorName": "Родионов Николай Юрьевич",
    "InstructorLink": ""
  }
]