[
  {
    "DayOfWeek": "Понедельник",
    "StartTime": "2024-03-04T11:50:00",
    "EndTime": "2024-03-04T13:20:00",
    "WeekType": "Нижняя неделя",
    "Classroom": "А 536",
    "Group": "2470",
    "Subject": "Технологические процессы в машиностроении",
    "InstructorName": "Юрьев Валентин Григорьевич",
    "InstructorLink": "https://www.smtu.ru/ru/viewperson/102747/"
  },
  {
    "DayOfWeek": "Понедельник",
    "StartTime": "2024-03-04T14:00:00",
    "EndTime": "2024-03-04T15:30:00",
    "WeekType": "Обе недели",
    "Classroom": "А 536",
    "Group": "2470",
    "Subject": "Технологические процессы в машиностроении",
    "InstructorName": "Юрьев Валентин Григорьевич",
    "InstructorLink": "https://www.smtu.ru/ru/viewperson/102747/"
  },
  {
    "DayOfWeek": "Понедельник",
    "StartTime": "2024-03-04T15:40:00",
    "EndTime": "2024-03-04T17:10:00",
    "WeekType": "Обе недели",
    "Classroom": "А 537а",
    "Group": "2470",
    "Subject": "Автоматизированные системы технологической подготовки производства",
    "InstructorName": "Вегнер Антон Викторович",
    "InstructorLink": ""
  },
  {
    "DayOfWeek": "Понедельник",
    "StartTime": "2024-03-04T17:20:00",
    "EndTime": "2024-03-04T18:50:00",
    "WeekType": "Обе недели",
    "Classroom": "А 537а",
    "Group": "2470",
    "Subject": "Автоматизированные системы технологической подготовки производства",
    "InstructorName": "Вегнер Антон Викторович",
    "InstructorLink": ""
  },
  {
    "DayOfWeek": "Вторник",
    "StartTime": "2024-03-04T14:00:00",
    "EndTime": "2024-03-04T15:30:00",
    "WeekType": "Обе недели",
    "Classroom": "У 105",
    "Group": "2470",
    "Subject": "Деловые коммуникации",
    "InstructorName": "Мохов Александр Геннадьевич",
    "InstructorLink": ""
  },
  {
    "DayOfWeek": "Вторник",
    "StartTime": "2024-03-04T15:40:00",
    "EndTime": "2024-03-04T17:10:00",
    "WeekType": "Обе недели",
    "Classroom": "У 105",
    "Group": "2470",
    "Subject": "Деловые коммуникации",
    "InstructorName": "Мохов Александр Геннадьевич",
    "InstructorLink": ""
  },
  {
    "DayOfWeek": "Среда",
    "StartTime": "2024-03-04T10:10:00",
    "EndTime": "2024-03-04T11:40:00",
    "WeekType": "Нижняя неделя",
    "Classroom": "А 536",
    "Group": "2470",
    "Subject": "Технологические процессы в машиностроении",
    "InstructorName": "Юрьев Валентин Григорьевич",
    "InstructorLink": "https://www.smtu.ru/ru/viewperson/102747/"
  },
  {
    "DayOfWeek": "Среда",
    "StartTime": "2024-03-04T11:50:00",
    "EndTime": "2024-03-04T13:20:00",
    "WeekType": "Нижняя неделя",
    "Classroom": "А 536",
    "Group": "2470",
    "Subject": "Технологические процессы в машиностроении",
    "InstructorName": "Юрьев Валентин Григорьевич",
    "InstructorLink": "https://www.smtu.ru/ru/viewperson/102747/"
  },
  {
    "DayOfWeek": "Среда",
    "StartTime": "2024-03-04T14:00:00",
    "EndTime": "2024-03-04T15:30:00",
    "WeekType": "Обе недели",
    "Classroom": "А 537б",
    "Group": "2470",
    "Subject": "Управление качеством продукции в машиностроении",
    "InstructorName": "Доценко Анастасия Сергеевна",
    "InstructorLink": ""
  },
  {
    "DayOfWeek": "Среда",
    "StartTime": "2024-03-04T15:40:00",
    "EndTime": "2024-03-04T17:10:00",
    "WeekType": "Обе недели",
    "Classroom": "А 536",
    "Group": "2470",
    "Subject": "Управление качеством продукции в машиностроении",
    "InstructorName": "Доценко Анастасия Сергеевна",
    "InstructorLink": ""
  },
  {
    "DayOfWeek": "Четверг",
    "StartTime": "2024-03-04T10:10:00",
    "EndTime": "2024-03-04T11:40:00",
    "WeekType": "Верхняя неделя",
    "Classroom": "А 536",
    "Group": "2470",
    "Subject": "Технологические процессы в машиностроении",
    "InstructorName": "Юрьев Валентин Григорьевич",
    "InstructorLink": "https://www.smtu.ru/ru/viewperson/102747/"
  },
  {
    "DayOfWeek": "Четверг",
    "StartTime": "2024-03-04T11:50:00",
    "EndTime": "2024-03-04T13:20:00",
    "WeekType": "Обе недели",
    "Classroom": "А 536",
    "Group": "2470",
    "Subject": "Технологические процессы в машиностроении",
    "InstructorName": "Юрьев Валентин Григорьевич",
    "InstructorLink": "https://www.smtu.ru/ru/viewperson/102747/"
  },
  {
    "DayOfWeek": "Четверг",
    "StartTime": "2024-03-04T14:00:00",
    "EndTime": "2024-03-04T15:30:00",
    "WeekType": "Обе недели",
    "Classroom": "А 536",
    "Group": "2470",
    "Subject": "Технологические процессы в машиностроении",
    "InstructorName": "Юрьев Валентин Григорьевич",
    "InstructorLink": "https://www.smtu.ru/ru/viewperson/102747/"
  },
  {
    "DayOfWeek": "Пятница",
    "StartTime": "2024-03-04T10:10:00",
    "EndTime": "2024-03-04T11:40:00",
    "WeekType": "Обе недели",
    "Classroom": "А 537б",
    "Group": "2470",
    "Subject": "Автоматизированные системы технологической подготовки производства",
    "InstructorName": "Вегнер Антон Викторович",
    "InstructorLink": ""
  },
  {
    "DayOfWeek": "Пятница",
    "StartTime": "2024-03-04T11:50:00",
    "EndTime": "2024-03-04T13:20:00",
    "WeekType": "Обе недели",
    "Classroom": "А 537б",
    "Group": "2470",
    "Subject": "Автоматизированные системы технологической подготовки производства",
    "InstructorName": "Вегнер Антон Викторович",
    "InstructorLink": ""
  }
]