[
  {
    "DayOfWeek": "Понедельник",
    "StartTime": "2024-03-04T08:30:00",
    "EndTime": "2024-03-04T10:00:00",
    "WeekType": "Обе недели",
    "Classroom": "А 318",
    "Group": "2491",
    "Subject": "Электромагнитная совместимость",
    "InstructorName": "Воршевский Александр Алексеевич",
    "InstructorLink": "https://www.smtu.ru/ru/viewperson/100239/"
  },
  {
    "DayOfWeek": "Понедельник",
    "StartTime": "2024-03-04T10:10:00",
    "EndTime": "2024-03-04T11:40:00",
    "WeekType": "Верхняя неделя",
    "Classroom": "А 318",
    "Group": "2491",
    "Subject": "Электромагнитная совместимость",
    "InstructorName": "Воршевский Александр Алексеевич",
    "InstructorLink": "https://www.smtu.ru/ru/viewperson/100239/"
  },
  {
    "DayOfWeek": "Понедельник",
    "StartTime": "2024-03-04T10:10:00",
    "EndTime": "2024-03-04T11:40:00",
    "WeekType": "Нижняя неделя",
    "Classroom": "А 318",
    "Group": "2491",
    "Subject": "Электромагнитная совместимость",
    "InstructorName": "Воршевский Александр Алексеевич",
    "InstructorLink": "https://www.smtu.ru/ru/viewperson/100239/"
  },
  {
    "DayOfWeek": "Понедельник",
    "StartTime": "2024-03-04T11:50:00",
    "EndTime": "2024-03-04T13:20:00",
    "WeekType": "Обе недели",
    "Classroom": "А 458",
    "Group": "2491",
    "Subject": "Основы проектирования систем автоматизации",
    "InstructorName": "Хруцкий Олег Валентинович",
    "InstructorLink": "https://www.smtu.ru/ru/viewperson/101286/"
  },
  {
    "DayOfWeek": "Понедельник",
    "StartTime": "2024-03-04T14:00:00",
    "EndTime": "2024-03-04T15:30:00",
    "WeekType": "Верхняя неделя",
    "Classroom": "А 458",
    "Group": "2491",
    "Subject": "Основы проектирования систем автоматизации",
    "InstructorName": "Хруцкий Олег Валентинович",
    "InstructorLink": "https://www.smtu.ru/ru/viewperson/101286/"
  },
  {
    "DayOfWeek": "Вторник",
    "StartTime": "2024-03-04T08:30:00",
    "EndTime": "2024-03-04T10:00:00",
    "WeekType": "Обе недели",
    "Classroom": "А 435",
    "Group": "2491",
    "Subject": "Основы проектирования систем автоматизации",
    "InstructorName": "Хруцкий Олег Валентинович",
    "InstructorLink": "https://www.smtu.ru/ru/viewperson/101286/"
  },
  {
    "DayOfWeek": "Вторник",
    "StartTime": "2024-03-04T10:10:00",
    "EndTime": "2024-03-04T11:40:00",
    "WeekType": "Обе недели",
    "Classroom": "А 435",
    "Group": "2491",
    "Subject": "Основы проектирования систем автоматизации",
    "InstructorName": "Хруцкий Олег Валентинович",
    "InstructorLink": "https://www.smtu.ru/ru/viewperson/101286/"
  },
  {
    "DayOfWeek": "Среда",
    "StartTime": "2024-03-04T15:40:00",
    "EndTime": "2024-03-04T17:10:00",
    "WeekType": "Обе недели",
    "Classroom": "У 451",
    "Group": "2491",
    "Subject": "Деловые коммуникации",
    "InstructorName": "Морозов Александр Петрович",
    "InstructorLink": ""
  },
  {
    "DayOfWeek": "Среда",
    "StartTime": "2024-03-04T17:20:00",
    "EndTime": "2024-03-04T18:50:00",
    "WeekType": "Обе недели",
    "Classroom": "У 105",
    "Group": "2491",
    "Subject": "Деловые коммуникации",
    "InstructorName": "Морозов Александр Петрович",
    "InstructorLink": ""
  },
  {
    "DayOfWeek": "Четверг",
    "StartTime": "2024-03-04T11:50:00",
    "EndTime": "2024-03-04T13:20:00",
    "WeekType": "Нижняя неделя",
    "Classroom": "А 318",
    "Group": "2491",
    "Subject": "Электромагнитная совместимость",
    "InstructorName": "Воршевский Александр Алексеевич",
    "InstructorLink": "https://www.smtu.ru/ru/viewperson/100239/"
  },
  {
    "DayOfWeek": "Четверг",
    "StartTime": "2024-03-04T14:00:00",
    "EndTime": "2024-03-04T15:30:00",
    "WeekType": "Верхняя неделя",
    "Classroom": "А 458",
    "Group": "2491",
    "Subject": "Проектирование защищенных автоматизированных систем",
    "InstructorName": "Баглюк Юрий Васильевич",
    "InstructorLink": ""
  },
  {
    "DayOfWeek": "Четверг",
    "StartTime": "2024-03-04T14:00:00",
    "EndTime": "2024-03-04T15:30:00",
    "WeekType": "Нижняя неделя",
    "Classroom": "А 318",
    "Group": "2491",
    "Subject": "Электромагнитная совместимость",
    "InstructorName": "Воршевский Александр Алексеевич",
    "InstructorLink": "https://www.smtu.ru/ru/viewperson/100239/"
  },
  {
    "DayOfWeek": "Четверг",
    "StartTime": "2024-03-04T15:40:00",
    "EndTime": "2024-03-04T17:10:00",
    "WeekType": "Обе недели",
    "Classroom": "А 458",
    "Group": "2491",
    "Subject": "Проектирование защищенных автоматизированных систем",
    "InstructorName": "Баглюк Юрий Васильевич",
    "InstructorLink": ""
  },
  {
    "DayOfWeek": "Четверг",
    "StartTime": "2024-03-04T17:20:00",
    "EndTime": "2024-03-04T18:50:00",
    "WeekType": "Обе недели",
    "Classroom": "А 458",
    "Group": "2491",
    "Subject": "Проектирование защищенных автоматизированных систем",
    "InstructorName": "Баглюк Юрий Васильевич",
    "InstructorLink": ""
  },
  {
    "DayOfWeek": "Пятница",
    "StartTime": "2024-03-04T08:30:00",
    "EndTime": "2024-03-04T10:00:00",
    "WeekType": "Верхняя неделя",
    "Classroom": "А 319",
    "Group": "2491",
    "Subject": "Настройка и испытания электрооборудования",
    "InstructorName": "Воршевский Петр Александрович",
    "InstructorLink": "https://www.smtu.ru/ru/viewperson/100240/"
  },
  {
    "DayOfWeek": "Пятница",
    "StartTime": "2024-03-04T08:30:00",
    "EndTime": "2024-03-04T10:00:00",
    "WeekType": "Нижняя неделя",
    "Classroom": "А 319",
    "Group": "2491",
    "Subject": "Настройка и испытания электрооборудования",
    "InstructorName": "Воршевский Петр Александрович",
    "InstructorLink": "https://www.smtu.ru/ru/viewperson/100240/"
  },
  {
    "DayOfWeek": "Пятница",
    "StartTime": "2024-03-04T10:10:00",
    "EndTime": "2024-03-04T11:40:00",
    "WeekType": "Обе недели",
    "Classroom": "А 319",
    "Group": "2491",
    "Subject": "Настройка и испытания электрооборудования",
    "InstructorName": "Воршевский Петр Александрович",
    "InstructorLink": "https://www.smtu.ru/ru/viewperson/100240/"
  }
]