[
  {
    "DayOfWeek": "Вторник",
    "StartTime": "2024-03-04T10:10:00",
    "EndTime": "2024-03-04T11:40:00",
    "WeekType": "Верхняя неделя",
    "Classroom": "Б 326",
    "Group": "2494",
    "Subject": "Экология",
    "InstructorName": "Алексеева Татьяна Николаевна",
    "InstructorLink": "https://www.smtu.ru/ru/viewperson/100021/"
  },
  {
    "DayOfWeek": "Вторник",
    "StartTime": "2024-03-04T10:10:00",
    "EndTime": "2024-03-04T11:40:00",
    "WeekType": "Нижняя неделя",
    "Classroom": "Б 508",
    "Group": "2494",
    "Subject": "Экология",
    "InstructorName": "Алексеева Татьяна Николаевна",
    "InstructorLink": "https://www.smtu.ru/ru/viewperson/100021/"
  },
  {
    "DayOfWeek": "Вторник",
    "StartTime": "2024-03-04T11:50:00",
    "EndTime": "2024-03-04T13:20:00",
    "WeekType": "Верхняя неделя",
    "Classroom": "Б 508",
    "Group": "2494",
    "Subject": "Деловые коммуникации",
    "InstructorName": "Белоносова Валентина Васильевна",
    "InstructorLink": ""
  },
  {
    "DayOfWeek": "Вторник",
    "StartTime": "2024-03-04T11:50:00",
    "EndTime": "2024-03-04T13:20:00",
    "WeekType": "Нижняя неделя",
    "Classroom": "Б 415",
    "Group": "2494",
    "Subject": "Деловые коммуникации",
    "InstructorName": "Белоносова Валентина Васильевна",
    "InstructorLink": ""
  },
  {
    "DayOfWeek": "Вторник",
    "StartTime": "2024-03-04T14:00:00",
    "EndTime": "2024-03-04T15:30:00",
    "WeekType": "Верхняя неделя",
    "Classroom": "Б 505(1)",
    "Group": "2494",
    "Subject": "Проектирование парогенераторов",
    "InstructorName": "Аполлова Анастасия Васильевна",
    "InstructorLink": "https://www.smtu.ru/ru/viewperson/100049/"
  },
  {
    "DayOfWeek": "Вторник",
    "StartTime": "2024-03-04T14:00:00",
    "EndTime": "2024-03-04T15:30:00",
    "WeekType": "Нижняя неделя",
    "Classroom": "А 417-3",
    "Group": "2494",
    "Subject": "Проектирование парогенераторов",
    "InstructorName": "Аполлова Анастасия Васильевна",
    "InstructorLink": "https://www.smtu.ru/ru/viewperson/100049/"
  },
  {
    "DayOfWeek": "Среда",
    "StartTime": "2024-03-04T11:50:00",
    "EndTime": "2024-03-04T13:20:00",
    "WeekType": "Обе недели",
    "Classroom": "А 458",
    "Group": "2494",
    "Subject": "Техническая диагностика судового оборудования",
    "InstructorName": "Баркова Наталия Александровна",
    "InstructorLink": "https://www.smtu.ru/ru/viewperson/100078/"
  },
  {
    "DayOfWeek": "Среда",
    "StartTime": "2024-03-04T14:00:00",
    "EndTime": "2024-03-04T15:30:00",
    "WeekType": "Обе недели",
    "Classroom": "А 450",
    "Group": "2494",
    "Subject": "Автоматизация судовых энергетических установок",
    "InstructorName": "Равин Александр Александрович",
    "InstructorLink": "https://www.smtu.ru/ru/viewperson/100963/"
  },
  {
    "DayOfWeek": "Среда",
    "StartTime": "2024-03-04T15:40:00",
    "EndTime": "2024-03-04T17:10:00",
    "WeekType": "Обе недели",
    "Classroom": "А 413",
    "Group": "2494",
    "Subject": "Автоматизация судовых энергетических установок",
    "InstructorName": "Равин Александр Александрович",
    "InstructorLink": "https://www.smtu.ru/ru/viewperson/100963/"
  },
  {
    "DayOfWeek": "Среда",
    "StartTime": "2024-03-04T17:20:00",
    "EndTime": "2024-03-04T18:50:00",
    "WeekType": "Верхняя неделя",
    "Classroom": "А 517",
    "Group": "2494",
    "Subject": "Техническая диагностика судового оборудования",
    "InstructorName": "Мостовой Дмитрий Павлович",
    "InstructorLink": ""
  },
  {
    "DayOfWeek": "Среда",
    "StartTime": "2024-03-04T17:20:00",
    "EndTime": "2024-03-04T18:50:00",
    "WeekType": "Нижняя неделя",
    "Classroom": "А 517",
    "Group": "2494",
    "Subject": "Автоматизация судовых энергетических установок",
    "InstructorName": "Равин Александр Александрович",
    "InstructorLink": "https://www.smtu.ru/ru/viewperson/100963/"
  },
  {
    "DayOfWeek": "Четверг",
    "StartTime": "2024-03-04T08:30:00",
    "EndTime": "2024-03-04T10:00:00",
    "WeekType": "Нижняя неделя",
    "Classroom": "А 517",
    "Group": "2494",
    "Subject": "Микропроцессорные системы управления",
    "InstructorName": "Розов Алексей Юрьевич",
    "InstructorLink": ""
  },
  {
    "DayOfWeek": "Четверг",
    "StartTime": "2024-03-04T10:10:00",
    "EndTime": "2024-03-04T11:40:00",
    "WeekType": "Обе недели",
    "Classroom": "А 414",
    "Group": "2494",
    "Subject": "Микропроцессорные системы управления",
    "InstructorName": "Розов Алексей Юрьевич",
    "InstructorLink": ""
  },
  {
    "DayOfWeek": "Четверг",
    "StartTime": "2024-03-04T11:50:00",
    "EndTime": "2024-03-04T13:20:00",
    "WeekType": "Обе недели",
    "Classroom": "А 435",
    "Group": "2494",
    "Subject": "Микропроцессорные системы управления",
    "InstructorName": "Розов Алексей Юрьевич",
    "InstructorLink": ""
  },
  {
    "DayOfWeek": "Четверг",
    "StartTime": "2024-03-04T14:00:00",
    "EndTime": "2024-03-04T15:30:00",
    "WeekType": "Нижняя неделя",
    "Classroom": "А 517",
    "Group": "2494",
    "Subject": "Техническая диагностика судового оборудования",
    "InstructorName": "Мостовой Дмитрий Павлович",
    "InstructorLink": ""
  },
  {
    "DayOfWeek": "Пятница",
    "StartTime": "2024-03-04T08:30:00",
    "EndTime": "2024-03-04T10:00:00",
    "WeekType": "Верхняя неделя",
    "Classroom": "А ВУЦ",
    "Group": "2494",
    "Subject": "Устройство корабельных атомных энергетических установок (С)",
    "InstructorName": "",
    "InstructorLink": ""
  },
  {
    "DayOfWeek": "Пятница",
    "StartTime": "2024-03-04T08:30:00",
    "EndTime": "2024-03-04T10:00:00",
    "WeekType": "Нижняя неделя",
    "Classroom": "А ВУЦ",
    "Group": "2494",
    "Subject": "Устройство корабельных атомных энергетических установок (С)",
    "InstructorName": "",
    "InstructorLink": ""
  },
  {
    "DayOfWeek": "Пятница",
    "StartTime": "2024-03-04T10:10:00",
    "EndTime": "2024-03-04T11:40:00",
    "WeekType": "Верхняя неделя",
    "Classroom": "А ВУЦ",
    "Group": "2494",
    "Subject": "Объекты управления систем автоматического регулирования (С)",
    "InstructorName": "",
    "InstructorLink": ""
  },
  {
    "DayOfWeek": "Пятница",
    "StartTime": "2024-03-04T10:10:00",
    "EndTime": "2024-03-04T11:40:00",
    "WeekType": "Нижняя неделя",
    "Classroom": "А ВУЦ",
    "Group": "2494",
    "Subject": "Объекты управления систем автоматического регулирования (С)",
    "InstructorName": "",
    "InstructorLink": ""
  },
  {
    "DayOfWeek": "Пятница",
    "StartTime": "2024-03-04T11:50:00",
    "EndTime": "2024-03-04T13:20:00",
    "WeekType": "Верхняя неделя",
    "Classroom": "А ВУЦ",
    "Group": "2494",
    "Subject": "Эксплуатация корабельных атомных энергетических установок (С)",
    "InstructorName": "",
    "InstructorLink": ""
  },
  {
    "DayOfWeek": "Пятница",
    "StartTime": "2024-03-04T11:50:00",
    "EndTime": "2024-03-04T13:20:00",
    "WeekType": "Нижняя неделя",
    "Classroom": "А ВУЦ",
    "Group": "2494",
    "Subject": "Эксплуатация корабельных атомных энергетических установок (С)",
    "InstructorName": "",
    "InstructorLink": ""
  },
  {
    "DayOfWeek": "Пятница",
    "StartTime": "2024-03-04T14:00:00",
    "EndTime": "2024-03-04T15:30:00",
    "WeekType": "Верхняя неделя",
    "Classroom": "А ВУЦ",
    "Group": "2494",
    "Subject": "Комплексные системы управления техническими средствами корабля (С)",
    "InstructorName": "",
    "InstructorLink": ""
  },
  {
    "DayOfWeek": "Пятница",
    "StartTime": "2024-03-04T14:00:00",
    "EndTime": "2024-03-04T15:30:00",
    "WeekType": "Нижняя неделя",
    "Classroom": "А ВУЦ",
    "Group": "2494",
    "Subject": "Комплексные системы управления техническими средствами корабля (С)",
    "InstructorName": "",
    "InstructorLink": ""
  },
  {
    "DayOfWeek": "Суббота",
    "StartTime": "2024-03-04T10:10:00",
    "EndTime": "2024-03-04T11:40:00",
    "WeekType": "Верхняя неделя",
    "Classroom": "А 407",
    "Group": "2494",
    "Subject": "Системы электроэнергетики",
    "InstructorName": "Белянцева Наталья Валентиновна",
    "InstructorLink": "https://www.smtu.ru/ru/viewperson/123509/"
  },
  {
    "DayOfWeek": "Суббота",
    "StartTime": "2024-03-04T10:10:00",
    "EndTime": "2024-03-04T11:40:00",
    "WeekType": "Нижняя неделя",
    "Classroom": "А 407",
    "Group": "2494",
    "Subject": "Судовые ядерные энергетические установки",
    "InstructorName": "Шкляров Никита Вячеславович",
    "InstructorLink": "https://www.smtu.ru/ru/viewperson/109143/"
  },
  {
    "DayOfWeek": "Суббота",
    "StartTime": "2024-03-04T11:50:00",
    "EndTime": "2024-03-04T13:20:00",
    "WeekType": "Верхняя неделя",
    "Classroom": "А 319",
    "Group": "2494",
    "Subject": "Системы электроэнергетики",
    "InstructorName": "Белянцева Наталья Валентиновна",
    "InstructorLink": "https://www.smtu.ru/ru/viewperson/123509/"
  },
  {
    "DayOfWeek": "Суббота",
    "StartTime": "2024-03-04T11:50:00",
    "EndTime": "2024-03-04T13:20:00",
    "WeekType": "Нижняя неделя",
    "Classroom": "А 417-2",
    "Group": "2494",
    "Subject": "Судовые ядерные энергетические установки",
    "InstructorName": "Шкляров Никита Вячеславович",
    "InstructorLink": "https://www.smtu.ru/ru/viewperson/109143/"
  },
  {
    "DayOfWeek": "Суббота",
    "StartTime": "2024-03-04T14:00:00",
    "EndTime": "2024-03-04T15:30:00",
    "WeekType": "Нижняя неделя",
    "Classroom": "А 319",
    "Group": "2494",
    "Subject": "Системы электроэнергетики",
    "InstructorName": "Белянцева Наталья Валентиновна",
    "InstructorLink": "https://www.smtu.ru/ru/viewperson/123509/"
  }
]