[
  {
    "DayOfWeek": "Понедельник",
    "StartTime": "2024-03-04T11:50:00",
    "EndTime": "2024-03-04T13:20:00",
    "WeekType": "Обе недели",
    "Classroom": "А 339",
    "Group": "2525",
    "Subject": "Основы научных исследований и испытаний двигателей",
    "InstructorName": "Минасян Минас Арменакович",
    "InstructorLink": "https://www.smtu.ru/ru/viewperson/100754/"
  },
  {
    "DayOfWeek": "Понедельник",
    "StartTime": "2024-03-04T14:00:00",
    "EndTime": "2024-03-04T15:30:00",
    "WeekType": "Обе недели",
    "Classroom": "А 339",
    "Group": "2525",
    "Subject": "Основы научных исследований и испытаний двигателей",
    "InstructorName": "Минасян Минас Арменакович",
    "InstructorLink": "https://www.smtu.ru/ru/viewperson/100754/"
  },
  {
    "DayOfWeek": "Вторник",
    "StartTime": "2024-03-04T15:40:00",
    "EndTime": "2024-03-04T17:10:00",
    "WeekType": "Обе недели",
    "Classroom": "А 339",
    "Group": "2525",
    "Subject": "Теоретические основы эксплуатации двигателей внутреннего сгорания",
    "InstructorName": "Галиев Ильдар Ринатович",
    "InstructorLink": ""
  },
  {
    "DayOfWeek": "Вторник",
    "StartTime": "2024-03-04T17:20:00",
    "EndTime": "2024-03-04T18:50:00",
    "WeekType": "Обе недели",
    "Classroom": "А 339",
    "Group": "2525",
    "Subject": "Теоретические основы эксплуатации двигателей внутреннего сгорания",
    "InstructorName": "Галиев Ильдар Ринатович",
    "InstructorLink": ""
  },
  {
    "DayOfWeek": "Вторник",
    "StartTime": "2024-03-04T19:00:00",
    "EndTime": "2024-03-04T20:30:00",
    "WeekType": "Верхняя неделя",
    "Classroom": "А 339",
    "Group": "2525",
    "Subject": "Теоретические основы эксплуатации двигателей внутреннего сгорания",
    "InstructorName": "Галиев Ильдар Ринатович",
    "InstructorLink": ""
  },
  {
    "DayOfWeek": "Среда",
    "StartTime": "2024-03-04T17:20:00",
    "EndTime": "2024-03-04T18:50:00",
    "WeekType": "Нижняя неделя",
    "Classroom": "А 340",
    "Group": "2525",
    "Subject": "Отечественное и зарубежное двигателестроение",
    "InstructorName": "Скоморовский Станислав Альбинович",
    "InstructorLink": "https://www.smtu.ru/ru/viewperson/101084/"
  },
  {
    "DayOfWeek": "Среда",
    "StartTime": "2024-03-04T19:00:00",
    "EndTime": "2024-03-04T20:30:00",
    "WeekType": "Верхняя неделя",
    "Classroom": "А 340",
    "Group": "2525",
    "Subject": "Консультация",
    "InstructorName": "Скоморовский Станислав Альбинович",
    "InstructorLink": "https://www.smtu.ru/ru/viewperson/101084/"
  },
  {
    "DayOfWeek": "Среда",
    "StartTime": "2024-03-04T19:00:00",
    "EndTime": "2024-03-04T20:30:00",
    "WeekType": "Нижняя неделя",
    "Classroom": "А 340",
    "Group": "2525",
    "Subject": "Отечественное и зарубежное двигателестроение",
    "InstructorName": "Скоморовский Станислав Альбинович",
    "InstructorLink": "https://www.smtu.ru/ru/viewperson/101084/"
  },
  {
    "DayOfWeek": "Четверг",
    "StartTime": "2024-03-04T15:40:00",
    "EndTime": "2024-03-04T17:10:00",
    "WeekType": "Верхняя неделя",
    "Classroom": "А 339",
    "Group": "2525",
    "Subject": "Отечественное и зарубежное двигателестроение",
    "InstructorName": "Скоморовский Станислав Альбинович",
    "InstructorLink": "https://www.smtu.ru/ru/viewperson/101084/"
  },
  {
    "DayOfWeek": "Четверг",
    "StartTime": "2024-03-04T15:40:00",
    "EndTime": "2024-03-04T17:10:00",
    "WeekType": "Нижняя неделя",
    "Classroom": "Б 316",
    "Group": "2525",
    "Subject": "Теоретические основы эксплуатации двигателей внутреннего сгорания",
    "InstructorName": "Галиев Ильдар Ринатович",
    "InstructorLink": ""
  },
  {
    "DayOfWeek": "Четверг",
    "StartTime": "2024-03-04T17:20:00",
    "EndTime": "2024-03-04T18:50:00",
    "WeekType": "Верхняя неделя",
    "Classroom": "А 339",
    "Group": "2525",
    "Subject": "Отечественное и зарубежное двигателестроение",
    "InstructorName": "Скоморовский Станислав Альбинович",
    "InstructorLink": "https://www.smtu.ru/ru/viewperson/101084/"
  },
  {
    "DayOfWeek": "Четверг",
    "StartTime": "2024-03-04T17:20:00",
    "EndTime": "2024-03-04T18:50:00",
    "WeekType": "Нижняя неделя",
    "Classroom": "Б 316",
    "Group": "2525",
    "Subject": "Теоретические основы эксплуатации двигателей внутреннего сгорания",
    "InstructorName": "Галиев Ильдар Ринатович",
    "InstructorLink": ""
  }
]