[
  {
    "DayOfWeek": "Вторник",
    "StartTime": "2024-03-04T17:20:00",
    "EndTime": "2024-03-04T18:50:00",
    "WeekType": "Обе недели",
    "Classroom": "А 413",
    "Group": "2594",
    "Subject": "Комплексы автоматизации судов",
    "InstructorName": "Буковский Илья Валерьевич",
    "InstructorLink": ""
  },
  {
    "DayOfWeek": "Вторник",
    "StartTime": "2024-03-04T19:00:00",
    "EndTime": "2024-03-04T20:30:00",
    "WeekType": "Обе недели",
    "Classroom": "А 413",
    "Group": "2594",
    "Subject": "Комплексы автоматизации судов",
    "InstructorName": "Буковский Илья Валерьевич",
    "InstructorLink": ""
  },
  {
    "DayOfWeek": "Среда",
    "StartTime": "2024-03-04T14:00:00",
    "EndTime": "2024-03-04T15:30:00",
    "WeekType": "Нижняя неделя",
    "Classroom": "А 458",
    "Group": "2594",
    "Subject": "Проектирование защищенных автоматизированных систем",
    "InstructorName": "Баглюк Юрий Васильевич",
    "InstructorLink": ""
  },
  {
    "DayOfWeek": "Среда",
    "StartTime": "2024-03-04T15:40:00",
    "EndTime": "2024-03-04T17:10:00",
    "WeekType": "Обе недели",
    "Classroom": "А 458",
    "Group": "2594",
    "Subject": "Проектирование защищенных автоматизированных систем",
    "InstructorName": "Баглюк Юрий Васильевич",
    "InstructorLink": ""
  },
  {
    "DayOfWeek": "Среда",
    "StartTime": "2024-03-04T17:20:00",
    "EndTime": "2024-03-04T18:50:00",
    "WeekType": "Обе недели",
    "Classroom": "А 458",
    "Group": "2594",
    "Subject": "Проектирование защищенных автоматизированных систем",
    "InstructorName": "Баглюк Юрий Васильевич",
    "InstructorLink": ""
  },
  {
    "DayOfWeek": "Пятница",
    "StartTime": "2024-03-04T14:00:00",
    "EndTime": "2024-03-04T15:30:00",
    "WeekType": "Верхняя неделя",
    "Classroom": "А 450",
    "Group": "2594",
    "Subject": "Современное состояние и перспективы развития морских робототехнических комплексов",
    "InstructorName": "Баглюк Юрий Васильевич",
    "InstructorLink": ""
  },
  {
    "DayOfWeek": "Пятница",
    "StartTime": "2024-03-04T15:40:00",
    "EndTime": "2024-03-04T17:10:00",
    "WeekType": "Верхняя неделя",
    "Classroom": "А 450",
    "Group": "2594",
    "Subject": "Современное состояние и перспективы развития морских робототехнических комплексов",
    "InstructorName": "Баглюк Юрий Васильевич",
    "InstructorLink": ""
  },
  {
    "DayOfWeek": "Суббота",
    "StartTime": "2024-03-04T08:30:00",
    "EndTime": "2024-03-04T10:00:00",
    "WeekType": "Верхняя неделя",
    "Classroom": "А 517",
    "Group": "2594",
    "Subject": "Современное состояние и перспективы развития морских робототехнических комплексов",
    "InstructorName": "Воронцов Дмитрий Николаевич",
    "InstructorLink": "https://www.smtu.ru/ru/viewperson/102138/"
  },
  {
    "DayOfWeek": "Суббота",
    "StartTime": "2024-03-04T10:10:00",
    "EndTime": "2024-03-04T11:40:00",
    "WeekType": "Верхняя неделя",
    "Classroom": "А 517",
    "Group": "2594",
    "Subject": "Современное состояние и перспективы развития морских робототехнических комплексов",
    "InstructorName": "Воронцов Дмитрий Николаевич",
    "InstructorLink": "https://www.smtu.ru/ru/viewperson/102138/"
  }
]