[{
    "NameContact": "Берхова Евдокия Михайловна",
  "Position": [ "сотрудник кафедры" ],
    "TaughtSubjects": null,
    "AcademicDegree": null,
    "TeachingExperience": "более 40 лет",
    "Telephone": null,
    "Email": null,
    "TgLink": null,
    "ScheduleLink":null,
    "Information": "Более 40 лет является сотрудником кафедры киберфизических систем (бывшая кафедра морской электроники). На данный момент помогает студентам в выполнении лабораторных работ, а также следит за оборудованием для практических работ и порядком в аудиториях."
  }
]