[
  {
    "DayOfWeek": "Понедельник",
    "StartTime": "2024-03-04T10:10:00",
    "EndTime": "2024-03-04T11:40:00",
    "WeekType": "Верхняя неделя",
    "Classroom": "А 407",
    "Group": "20113",
    "Subject": "Энергетические установки судов",
    "InstructorName": "Степанова Анна Сергеевна",
    "InstructorLink": ""
  },
  {
    "DayOfWeek": "Понедельник",
    "StartTime": "2024-03-04T11:50:00",
    "EndTime": "2024-03-04T13:20:00",
    "WeekType": "Верхняя неделя",
    "Classroom": "А 407",
    "Group": "20113",
    "Subject": "Энергетические установки судов",
    "InstructorName": "Степанова Анна Сергеевна",
    "InstructorLink": ""
  },
  {
    "DayOfWeek": "Понедельник",
    "StartTime": "2024-03-04T14:00:00",
    "EndTime": "2024-03-04T15:30:00",
    "WeekType": "Верхняя неделя",
    "Classroom": "Б 610",
    "Group": "20113",
    "Subject": "Кораблестроительное черчение",
    "InstructorName": "Апалько Татьяна Анатольевна",
    "InstructorLink": "https://www.smtu.ru/ru/viewperson/100048/"
  },
  {
    "DayOfWeek": "Понедельник",
    "StartTime": "2024-03-04T14:00:00",
    "EndTime": "2024-03-04T15:30:00",
    "WeekType": "Верхняя неделя",
    "Classroom": "Б 609",
    "Group": "20113",
    "Subject": "Кораблестроительное черчение",
    "InstructorName": "Апалько Татьяна Анатольевна",
    "InstructorLink": "https://www.smtu.ru/ru/viewperson/100048/"
  },
  {
    "DayOfWeek": "Понедельник",
    "StartTime": "2024-03-04T15:40:00",
    "EndTime": "2024-03-04T17:10:00",
    "WeekType": "Верхняя неделя",
    "Classroom": "Б 610",
    "Group": "20113",
    "Subject": "Кораблестроительное черчение",
    "InstructorName": "Апалько Татьяна Анатольевна",
    "InstructorLink": "https://www.smtu.ru/ru/viewperson/100048/"
  },
  {
    "DayOfWeek": "Понедельник",
    "StartTime": "2024-03-04T15:40:00",
    "EndTime": "2024-03-04T17:10:00",
    "WeekType": "Верхняя неделя",
    "Classroom": "Б 609",
    "Group": "20113",
    "Subject": "Кораблестроительное черчение",
    "InstructorName": "Апалько Татьяна Анатольевна",
    "InstructorLink": "https://www.smtu.ru/ru/viewperson/100048/"
  },
  {
    "DayOfWeek": "Вторник",
    "StartTime": "2024-03-04T08:30:00",
    "EndTime": "2024-03-04T10:00:00",
    "WeekType": "Обе недели",
    "Classroom": "У 414",
    "Group": "20113",
    "Subject": "Информационные технологии",
    "InstructorName": "Акуленок Анатолий Васильевич",
    "InstructorLink": ""
  },
  {
    "DayOfWeek": "Вторник",
    "StartTime": "2024-03-04T10:10:00",
    "EndTime": "2024-03-04T11:40:00",
    "WeekType": "Обе недели",
    "Classroom": "У 414",
    "Group": "20113",
    "Subject": "Информационные технологии",
    "InstructorName": "Акуленок Анатолий Васильевич",
    "InstructorLink": ""
  },
  {
    "DayOfWeek": "Вторник",
    "StartTime": "2024-03-04T11:50:00",
    "EndTime": "2024-03-04T13:20:00",
    "WeekType": "Верхняя неделя",
    "Classroom": "У 101",
    "Group": "20113",
    "Subject": "История России",
    "InstructorName": "Шмелева Марина Юрьевна",
    "InstructorLink": "https://www.smtu.ru/ru/viewperson/101369/"
  },
  {
    "DayOfWeek": "Вторник",
    "StartTime": "2024-03-04T11:50:00",
    "EndTime": "2024-03-04T13:20:00",
    "WeekType": "Нижняя неделя",
    "Classroom": "У 103",
    "Group": "20113",
    "Subject": "Высшая математика",
    "InstructorName": "Сорокин Вадим Николаевич",
    "InstructorLink": ""
  },
  {
    "DayOfWeek": "Вторник",
    "StartTime": "2024-03-04T14:00:00",
    "EndTime": "2024-03-04T15:30:00",
    "WeekType": "Верхняя неделя",
    "Classroom": "У 103",
    "Group": "20113",
    "Subject": "Высшая математика",
    "InstructorName": "Сорокин Вадим Николаевич",
    "InstructorLink": ""
  },
  {
    "DayOfWeek": "Вторник",
    "StartTime": "2024-03-04T14:00:00",
    "EndTime": "2024-03-04T15:30:00",
    "WeekType": "Нижняя неделя",
    "Classroom": "У 103",
    "Group": "20113",
    "Subject": "Теоретическая механика",
    "InstructorName": "Мелконян Армен Левонович",
    "InstructorLink": "https://www.smtu.ru/ru/viewperson/100749/"
  },
  {
    "DayOfWeek": "Среда",
    "StartTime": "2024-03-04T11:50:00",
    "EndTime": "2024-03-04T13:20:00",
    "WeekType": "Верхняя неделя",
    "Classroom": "У каф.ФВ",
    "Group": "20113",
    "Subject": "Физическая культура и спорт (элективная)",
    "InstructorName": "",
    "InstructorLink": ""
  },
  {
    "DayOfWeek": "Среда",
    "StartTime": "2024-03-04T11:50:00",
    "EndTime": "2024-03-04T13:20:00",
    "WeekType": "Нижняя неделя",
    "Classroom": "У 101",
    "Group": "20113",
    "Subject": "Высшая математика",
    "InstructorName": "Сорокин Вадим Николаевич",
    "InstructorLink": ""
  },
  {
    "DayOfWeek": "Среда",
    "StartTime": "2024-03-04T14:00:00",
    "EndTime": "2024-03-04T15:30:00",
    "WeekType": "Верхняя неделя",
    "Classroom": "У 107",
    "Group": "20113",
    "Subject": "Высшая математика",
    "InstructorName": "Сорокин Вадим Николаевич",
    "InstructorLink": ""
  },
  {
    "DayOfWeek": "Среда",
    "StartTime": "2024-03-04T14:00:00",
    "EndTime": "2024-03-04T15:30:00",
    "WeekType": "Нижняя неделя",
    "Classroom": "У каф.ФВ",
    "Group": "20113",
    "Subject": "Физическая культура и спорт (элективная)",
    "InstructorName": "",
    "InstructorLink": ""
  },
  {
    "DayOfWeek": "Среда",
    "StartTime": "2024-03-04T15:40:00",
    "EndTime": "2024-03-04T17:10:00",
    "WeekType": "Обе недели",
    "Classroom": "У 101",
    "Group": "20113",
    "Subject": "Физика",
    "InstructorName": "Монозон Борис Семенович",
    "InstructorLink": ""
  },
  {
    "DayOfWeek": "Четверг",
    "StartTime": "2024-03-04T08:30:00",
    "EndTime": "2024-03-04T10:00:00",
    "WeekType": "Обе недели",
    "Classroom": "У 450",
    "Group": "20113",
    "Subject": "Высшая математика",
    "InstructorName": "Сорокин Вадим Николаевич",
    "InstructorLink": ""
  },
  {
    "DayOfWeek": "Четверг",
    "StartTime": "2024-03-04T10:10:00",
    "EndTime": "2024-03-04T11:40:00",
    "WeekType": "Обе недели",
    "Classroom": "У 450",
    "Group": "20113",
    "Subject": "Высшая математика",
    "InstructorName": "Сорокин Вадим Николаевич",
    "InstructorLink": ""
  },
  {
    "DayOfWeek": "Четверг",
    "StartTime": "2024-03-04T11:50:00",
    "EndTime": "2024-03-04T13:20:00",
    "WeekType": "Обе недели",
    "Classroom": "У 211",
    "Group": "20113",
    "Subject": "Инженерная графика",
    "InstructorName": "Чехович Сергей Владиславович",
    "InstructorLink": "https://www.smtu.ru/ru/viewperson/101320/"
  },
  {
    "DayOfWeek": "Четверг",
    "StartTime": "2024-03-04T14:00:00",
    "EndTime": "2024-03-04T15:30:00",
    "WeekType": "Верхняя неделя",
    "Classroom": "У 211",
    "Group": "20113",
    "Subject": "Инженерная графика",
    "InstructorName": "Чехович Сергей Владиславович",
    "InstructorLink": "https://www.smtu.ru/ru/viewperson/101320/"
  },
  {
    "DayOfWeek": "Пятница",
    "StartTime": "2024-03-04T08:30:00",
    "EndTime": "2024-03-04T10:00:00",
    "WeekType": "Обе недели",
    "Classroom": "У 101",
    "Group": "20113",
    "Subject": "Культурология",
    "InstructorName": "Добряк Инна Владимировна",
    "InstructorLink": "https://www.smtu.ru/ru/viewperson/100346/"
  },
  {
    "DayOfWeek": "Пятница",
    "StartTime": "2024-03-04T10:10:00",
    "EndTime": "2024-03-04T11:40:00",
    "WeekType": "Обе недели",
    "Classroom": "У 105",
    "Group": "20113",
    "Subject": "История России",
    "InstructorName": "Девятова Марина Эрастовна",
    "InstructorLink": "https://www.smtu.ru/ru/viewperson/100324/"
  },
  {
    "DayOfWeek": "Пятница",
    "StartTime": "2024-03-04T11:50:00",
    "EndTime": "2024-03-04T13:20:00",
    "WeekType": "Верхняя неделя",
    "Classroom": "У 502",
    "Group": "20113",
    "Subject": "История России",
    "InstructorName": "Девятова Марина Эрастовна",
    "InstructorLink": "https://www.smtu.ru/ru/viewperson/100324/"
  },
  {
    "DayOfWeek": "Пятница",
    "StartTime": "2024-03-04T11:50:00",
    "EndTime": "2024-03-04T13:20:00",
    "WeekType": "Нижняя неделя",
    "Classroom": "У 326",
    "Group": "20113",
    "Subject": "Физика",
    "InstructorName": "Клюбин Владимир Владимирович",
    "InstructorLink": "https://www.smtu.ru/ru/viewperson/100526/"
  },
  {
    "DayOfWeek": "Пятница",
    "StartTime": "2024-03-04T14:00:00",
    "EndTime": "2024-03-04T15:30:00",
    "WeekType": "Обе недели",
    "Classroom": "У каф.ФВ",
    "Group": "20113",
    "Subject": "Физическая культура и спорт (элективная)",
    "InstructorName": "",
    "InstructorLink": ""
  },
  {
    "DayOfWeek": "Суббота",
    "StartTime": "2024-03-04T08:30:00",
    "EndTime": "2024-03-04T10:00:00",
    "WeekType": "Верхняя неделя",
    "Classroom": "У 420",
    "Group": "20113",
    "Subject": "Иностранный язык",
    "InstructorName": "Ковалев Андрей Петрович",
    "InstructorLink": "https://www.smtu.ru/ru/viewperson/122808/"
  },
  {
    "DayOfWeek": "Суббота",
    "StartTime": "2024-03-04T10:10:00",
    "EndTime": "2024-03-04T11:40:00",
    "WeekType": "Обе недели",
    "Classroom": "У 420",
    "Group": "20113",
    "Subject": "Иностранный язык",
    "InstructorName": "Ковалев Андрей Петрович",
    "InstructorLink": "https://www.smtu.ru/ru/viewperson/122808/"
  },
  {
    "DayOfWeek": "Суббота",
    "StartTime": "2024-03-04T11:50:00",
    "EndTime": "2024-03-04T13:20:00",
    "WeekType": "Верхняя неделя",
    "Classroom": "У 322",
    "Group": "20113",
    "Subject": "Физика",
    "InstructorName": "Игнатьева Любовь Анатольевна",
    "InstructorLink": ""
  },
  {
    "DayOfWeek": "Суббота",
    "StartTime": "2024-03-04T11:50:00",
    "EndTime": "2024-03-04T13:20:00",
    "WeekType": "Верхняя неделя",
    "Classroom": "У 320",
    "Group": "20113",
    "Subject": "Физика",
    "InstructorName": "Игнатьева Любовь Анатольевна",
    "InstructorLink": ""
  },
  {
    "DayOfWeek": "Суббота",
    "StartTime": "2024-03-04T11:50:00",
    "EndTime": "2024-03-04T13:20:00",
    "WeekType": "Нижняя неделя",
    "Classroom": "У 420",
    "Group": "20113",
    "Subject": "Иностранный язык",
    "InstructorName": "Ковалев Андрей Петрович",
    "InstructorLink": "https://www.smtu.ru/ru/viewperson/122808/"
  },
  {
    "DayOfWeek": "Суббота",
    "StartTime": "2024-03-04T14:00:00",
    "EndTime": "2024-03-04T15:30:00",
    "WeekType": "Обе недели",
    "Classroom": "У 506",
    "Group": "20113",
    "Subject": "Теоретическая механика",
    "InstructorName": "Бабанин Николай Викторович",
    "InstructorLink": ""
  }
]