[
  {
    "DayOfWeek": "Понедельник",
    "StartTime": "2024-03-04T14:00:00",
    "EndTime": "2024-03-04T15:30:00",
    "WeekType": "Обе недели",
    "Classroom": "У 101",
    "Group": "20121",
    "Subject": "История России",
    "InstructorName": "Пантелеева Екатерина Валерьевна",
    "InstructorLink": "https://www.smtu.ru/ru/viewperson/100873/"
  },
  {
    "DayOfWeek": "Понедельник",
    "StartTime": "2024-03-04T15:40:00",
    "EndTime": "2024-03-04T17:10:00",
    "WeekType": "Верхняя неделя",
    "Classroom": "У 437",
    "Group": "20121",
    "Subject": "Дискретная математика",
    "InstructorName": "Пономарёв Алексей Александрович",
    "InstructorLink": "https://www.smtu.ru/ru/viewperson/122756/"
  },
  {
    "DayOfWeek": "Понедельник",
    "StartTime": "2024-03-04T15:40:00",
    "EndTime": "2024-03-04T17:10:00",
    "WeekType": "Нижняя неделя",
    "Classroom": "У 531",
    "Group": "20121",
    "Subject": "История России",
    "InstructorName": "Пантелеева Екатерина Валерьевна",
    "InstructorLink": "https://www.smtu.ru/ru/viewperson/100873/"
  },
  {
    "DayOfWeek": "Вторник",
    "StartTime": "2024-03-04T10:10:00",
    "EndTime": "2024-03-04T11:40:00",
    "WeekType": "Верхняя неделя",
    "Classroom": "У 301",
    "Group": "20121",
    "Subject": "Физика",
    "InstructorName": "Колесников Юрий Леонидович",
    "InstructorLink": "https://www.smtu.ru/ru/viewperson/122535/"
  },
  {
    "DayOfWeek": "Вторник",
    "StartTime": "2024-03-04T10:10:00",
    "EndTime": "2024-03-04T11:40:00",
    "WeekType": "Нижняя неделя",
    "Classroom": "У 320",
    "Group": "20121",
    "Subject": "Физика",
    "InstructorName": "Колесников Юрий Леонидович",
    "InstructorLink": "https://www.smtu.ru/ru/viewperson/122535/"
  },
  {
    "DayOfWeek": "Вторник",
    "StartTime": "2024-03-04T10:10:00",
    "EndTime": "2024-03-04T11:40:00",
    "WeekType": "Нижняя неделя",
    "Classroom": "У 322",
    "Group": "20121",
    "Subject": "Физика",
    "InstructorName": "Колесников Юрий Леонидович",
    "InstructorLink": "https://www.smtu.ru/ru/viewperson/122535/"
  },
  {
    "DayOfWeek": "Вторник",
    "StartTime": "2024-03-04T11:50:00",
    "EndTime": "2024-03-04T13:20:00",
    "WeekType": "Обе недели",
    "Classroom": "У 446",
    "Group": "20121",
    "Subject": "Иностранный язык",
    "InstructorName": "Петренко Валентина Ивановна",
    "InstructorLink": "https://www.smtu.ru/ru/viewperson/107963/"
  },
  {
    "DayOfWeek": "Вторник",
    "StartTime": "2024-03-04T14:00:00",
    "EndTime": "2024-03-04T15:30:00",
    "WeekType": "Обе недели",
    "Classroom": "У каф.ФВ",
    "Group": "20121",
    "Subject": "Физическая культура и спорт (элективная)",
    "InstructorName": "",
    "InstructorLink": ""
  },
  {
    "DayOfWeek": "Среда",
    "StartTime": "2024-03-04T11:50:00",
    "EndTime": "2024-03-04T13:20:00",
    "WeekType": "Обе недели",
    "Classroom": "У каф.ФВ",
    "Group": "20121",
    "Subject": "Физическая культура и спорт (элективная)",
    "InstructorName": "",
    "InstructorLink": ""
  },
  {
    "DayOfWeek": "Среда",
    "StartTime": "2024-03-04T14:00:00",
    "EndTime": "2024-03-04T15:30:00",
    "WeekType": "Обе недели",
    "Classroom": "У 167",
    "Group": "20121",
    "Subject": "Дискретная математика",
    "InstructorName": "Пономарёв Алексей Александрович",
    "InstructorLink": "https://www.smtu.ru/ru/viewperson/122756/"
  },
  {
    "DayOfWeek": "Среда",
    "StartTime": "2024-03-04T15:40:00",
    "EndTime": "2024-03-04T17:10:00",
    "WeekType": "Обе недели",
    "Classroom": "У 514",
    "Group": "20121",
    "Subject": "Алгебра и геометрия",
    "InstructorName": "Пак Элла Ефимовна",
    "InstructorLink": "https://www.smtu.ru/ru/viewperson/123073/"
  },
  {
    "DayOfWeek": "Четверг",
    "StartTime": "2024-03-04T10:10:00",
    "EndTime": "2024-03-04T11:40:00",
    "WeekType": "Верхняя неделя",
    "Classroom": "У 447",
    "Group": "20121",
    "Subject": "Иностранный язык",
    "InstructorName": "Петренко Валентина Ивановна",
    "InstructorLink": "https://www.smtu.ru/ru/viewperson/107963/"
  },
  {
    "DayOfWeek": "Четверг",
    "StartTime": "2024-03-04T10:10:00",
    "EndTime": "2024-03-04T11:40:00",
    "WeekType": "Нижняя неделя",
    "Classroom": "У 167",
    "Group": "20121",
    "Subject": "Математическая логика и теория алгоритмов",
    "InstructorName": "Пономарёв Алексей Александрович",
    "InstructorLink": "https://www.smtu.ru/ru/viewperson/122756/"
  },
  {
    "DayOfWeek": "Четверг",
    "StartTime": "2024-03-04T11:50:00",
    "EndTime": "2024-03-04T13:20:00",
    "WeekType": "Обе недели",
    "Classroom": "У 107",
    "Group": "20121",
    "Subject": "Алгебра и геометрия",
    "InstructorName": "Пак Элла Ефимовна",
    "InstructorLink": "https://www.smtu.ru/ru/viewperson/123073/"
  },
  {
    "DayOfWeek": "Четверг",
    "StartTime": "2024-03-04T14:00:00",
    "EndTime": "2024-03-04T15:30:00",
    "WeekType": "Обе недели",
    "Classroom": "У 161",
    "Group": "20121",
    "Subject": "Физика",
    "InstructorName": "Колесников Юрий Леонидович",
    "InstructorLink": "https://www.smtu.ru/ru/viewperson/122535/"
  },
  {
    "DayOfWeek": "Четверг",
    "StartTime": "2024-03-04T15:40:00",
    "EndTime": "2024-03-04T17:10:00",
    "WeekType": "Обе недели",
    "Classroom": "У 212",
    "Group": "20121",
    "Subject": "Алгебра и геометрия",
    "InstructorName": "Распопова Наталья Викторовна",
    "InstructorLink": ""
  },
  {
    "DayOfWeek": "Пятница",
    "StartTime": "2024-03-04T11:50:00",
    "EndTime": "2024-03-04T13:20:00",
    "WeekType": "Верхняя неделя",
    "Classroom": "У 101",
    "Group": "20121",
    "Subject": "История России",
    "InstructorName": "Добряк Инна Владимировна",
    "InstructorLink": "https://www.smtu.ru/ru/viewperson/100346/"
  },
  {
    "DayOfWeek": "Пятница",
    "StartTime": "2024-03-04T14:00:00",
    "EndTime": "2024-03-04T15:30:00",
    "WeekType": "Верхняя неделя",
    "Classroom": "У 409",
    "Group": "20121",
    "Subject": "Иностранный язык",
    "InstructorName": "Петренко Валентина Ивановна",
    "InstructorLink": "https://www.smtu.ru/ru/viewperson/107963/"
  },
  {
    "DayOfWeek": "Пятница",
    "StartTime": "2024-03-04T14:00:00",
    "EndTime": "2024-03-04T15:30:00",
    "WeekType": "Нижняя неделя",
    "Classroom": "У 105",
    "Group": "20121",
    "Subject": "Экология",
    "InstructorName": "Чихонадских Елена Александровна",
    "InstructorLink": "https://www.smtu.ru/ru/viewperson/101326/"
  },
  {
    "DayOfWeek": "Пятница",
    "StartTime": "2024-03-04T15:40:00",
    "EndTime": "2024-03-04T17:10:00",
    "WeekType": "Верхняя неделя",
    "Classroom": "У 438",
    "Group": "20121",
    "Subject": "Математическая логика и теория алгоритмов",
    "InstructorName": "Пономарёв Алексей Александрович",
    "InstructorLink": "https://www.smtu.ru/ru/viewperson/122756/"
  },
  {
    "DayOfWeek": "Пятница",
    "StartTime": "2024-03-04T15:40:00",
    "EndTime": "2024-03-04T17:10:00",
    "WeekType": "Нижняя неделя",
    "Classroom": "У 340(1)",
    "Group": "20121",
    "Subject": "Экология",
    "InstructorName": "Чихонадских Елена Александровна",
    "InstructorLink": "https://www.smtu.ru/ru/viewperson/101326/"
  },
  {
    "DayOfWeek": "Суббота",
    "StartTime": "2024-03-04T08:30:00",
    "EndTime": "2024-03-04T10:00:00",
    "WeekType": "Обе недели",
    "Classroom": "У 319",
    "Group": "20121",
    "Subject": "Программирование",
    "InstructorName": "Поделенюк Павел Петрович",
    "InstructorLink": ""
  },
  {
    "DayOfWeek": "Суббота",
    "StartTime": "2024-03-04T08:30:00",
    "EndTime": "2024-03-04T10:00:00",
    "WeekType": "Обе недели",
    "Classroom": "У 318",
    "Group": "20121",
    "Subject": "Программирование",
    "InstructorName": "Минин Максим Сергеевич",
    "InstructorLink": ""
  },
  {
    "DayOfWeek": "Суббота",
    "StartTime": "2024-03-04T10:10:00",
    "EndTime": "2024-03-04T11:40:00",
    "WeekType": "Обе недели",
    "Classroom": "У 319",
    "Group": "20121",
    "Subject": "Программирование",
    "InstructorName": "Поделенюк Павел Петрович",
    "InstructorLink": ""
  },
  {
    "DayOfWeek": "Суббота",
    "StartTime": "2024-03-04T10:10:00",
    "EndTime": "2024-03-04T11:40:00",
    "WeekType": "Обе недели",
    "Classroom": "У 318",
    "Group": "20121",
    "Subject": "Программирование",
    "InstructorName": "Минин Максим Сергеевич",
    "InstructorLink": ""
  },
  {
    "DayOfWeek": "Суббота",
    "StartTime": "2024-03-04T11:50:00",
    "EndTime": "2024-03-04T13:20:00",
    "WeekType": "Верхняя неделя",
    "Classroom": "У 319",
    "Group": "20121",
    "Subject": "Программирование",
    "InstructorName": "Поделенюк Павел Петрович",
    "InstructorLink": ""
  },
  {
    "DayOfWeek": "Суббота",
    "StartTime": "2024-03-04T11:50:00",
    "EndTime": "2024-03-04T13:20:00",
    "WeekType": "Верхняя неделя",
    "Classroom": "У 318",
    "Group": "20121",
    "Subject": "Программирование",
    "InstructorName": "Минин Максим Сергеевич",
    "InstructorLink": ""
  },
  {
    "DayOfWeek": "Суббота",
    "StartTime": "2024-03-04T11:50:00",
    "EndTime": "2024-03-04T13:20:00",
    "WeekType": "Нижняя неделя",
    "Classroom": "У 437",
    "Group": "20121",
    "Subject": "Алгебра и геометрия",
    "InstructorName": "Распопова Наталья Викторовна",
    "InstructorLink": ""
  }
]