[
  {
    "DayOfWeek": "Понедельник",
    "StartTime": "2024-03-04T10:10:00",
    "EndTime": "2024-03-04T11:40:00",
    "WeekType": "Обе недели",
    "Classroom": "У УИК207",
    "Group": "20178",
    "Subject": "Компьютерный анализ технологических объектов и процессов",
    "InstructorName": "Иванов Сергей Юрьевич",
    "InstructorLink": ""
  },
  {
    "DayOfWeek": "Понедельник",
    "StartTime": "2024-03-04T11:50:00",
    "EndTime": "2024-03-04T13:20:00",
    "WeekType": "Обе недели",
    "Classroom": "У УИК104",
    "Group": "20178",
    "Subject": "Проектирование спецоборудования лазерной обработки",
    "InstructorName": "Певзнер Яков Борисович",
    "InstructorLink": ""
  },
  {
    "DayOfWeek": "Понедельник",
    "StartTime": "2024-03-04T14:00:00",
    "EndTime": "2024-03-04T15:30:00",
    "WeekType": "Обе недели",
    "Classroom": "У УИК207",
    "Group": "20178",
    "Subject": "Проектирование спецоборудования лазерной обработки",
    "InstructorName": "Певзнер Яков Борисович",
    "InstructorLink": ""
  },
  {
    "DayOfWeek": "Вторник",
    "StartTime": "2024-03-04T10:10:00",
    "EndTime": "2024-03-04T11:40:00",
    "WeekType": "Обе недели",
    "Classroom": "У Конгресс-центр 421",
    "Group": "20178",
    "Subject": "ДПО «Кибербезопасность цифрового производства», с 6 февраля по 23 апреля",
    "InstructorName": "Гарькушев Александр Юрьевич",
    "InstructorLink": "https://www.smtu.ru/ru/viewperson/122911/"
  },
  {
    "DayOfWeek": "Вторник",
    "StartTime": "2024-03-04T11:50:00",
    "EndTime": "2024-03-04T13:20:00",
    "WeekType": "Обе недели",
    "Classroom": "У Конгресс-центр 421",
    "Group": "20178",
    "Subject": "ДПО «Кибербезопасность цифрового производства», с 6 февраля по 23 апреля",
    "InstructorName": "Гарькушев Александр Юрьевич",
    "InstructorLink": "https://www.smtu.ru/ru/viewperson/122911/"
  },
  {
    "DayOfWeek": "Вторник",
    "StartTime": "2024-03-04T14:00:00",
    "EndTime": "2024-03-04T15:30:00",
    "WeekType": "Обе недели",
    "Classroom": "У Конгресс-центр 421",
    "Group": "20178",
    "Subject": "ДПО «Кибербезопасность цифрового производства», с 6 февраля по 23 апреля",
    "InstructorName": "Гарькушев Александр Юрьевич",
    "InstructorLink": "https://www.smtu.ru/ru/viewperson/122911/"
  },
  {
    "DayOfWeek": "Среда",
    "StartTime": "2024-03-04T10:10:00",
    "EndTime": "2024-03-04T11:40:00",
    "WeekType": "Верхняя неделя",
    "Classroom": "У УИК207",
    "Group": "20178",
    "Subject": "Компьютерный анализ технологических объектов и процессов",
    "InstructorName": "Юдин Илья Николаевич",
    "InstructorLink": ""
  },
  {
    "DayOfWeek": "Среда",
    "StartTime": "2024-03-04T10:10:00",
    "EndTime": "2024-03-04T11:40:00",
    "WeekType": "Нижняя неделя",
    "Classroom": "У УИК104",
    "Group": "20178",
    "Subject": "Технологии обработки материалов концентрированными потоками энергии",
    "InstructorName": "Цибульский Игорь Александрович",
    "InstructorLink": "https://www.smtu.ru/ru/viewperson/106209/"
  },
  {
    "DayOfWeek": "Среда",
    "StartTime": "2024-03-04T11:50:00",
    "EndTime": "2024-03-04T13:20:00",
    "WeekType": "Верхняя неделя",
    "Classroom": "У УИК207",
    "Group": "20178",
    "Subject": "Компьютерный анализ технологических объектов и процессов",
    "InstructorName": "Юдин Илья Николаевич",
    "InstructorLink": ""
  },
  {
    "DayOfWeek": "Среда",
    "StartTime": "2024-03-04T11:50:00",
    "EndTime": "2024-03-04T13:20:00",
    "WeekType": "Нижняя неделя",
    "Classroom": "У УИК104",
    "Group": "20178",
    "Subject": "Технологии обработки материалов концентрированными потоками энергии",
    "InstructorName": "Цибульский Игорь Александрович",
    "InstructorLink": "https://www.smtu.ru/ru/viewperson/106209/"
  },
  {
    "DayOfWeek": "Среда",
    "StartTime": "2024-03-04T14:00:00",
    "EndTime": "2024-03-04T15:30:00",
    "WeekType": "Нижняя неделя",
    "Classroom": "У УИК207",
    "Group": "20178",
    "Subject": "Технологии обработки материалов концентрированными потоками энергии",
    "InstructorName": "Цибульский Игорь Александрович",
    "InstructorLink": "https://www.smtu.ru/ru/viewperson/106209/"
  },
  {
    "DayOfWeek": "Четверг",
    "StartTime": "2024-03-04T10:10:00",
    "EndTime": "2024-03-04T11:40:00",
    "WeekType": "Обе недели",
    "Classroom": "У УИК104",
    "Group": "20178",
    "Subject": "Исследовательская деятельность в лаборатории",
    "InstructorName": "Земляков Евгений Вячеславович",
    "InstructorLink": "https://www.smtu.ru/ru/viewperson/104606/"
  },
  {
    "DayOfWeek": "Четверг",
    "StartTime": "2024-03-04T11:50:00",
    "EndTime": "2024-03-04T13:20:00",
    "WeekType": "Обе недели",
    "Classroom": "У УИК104",
    "Group": "20178",
    "Subject": "Исследовательская деятельность в лаборатории",
    "InstructorName": "Земляков Евгений Вячеславович",
    "InstructorLink": "https://www.smtu.ru/ru/viewperson/104606/"
  },
  {
    "DayOfWeek": "Четверг",
    "StartTime": "2024-03-04T14:00:00",
    "EndTime": "2024-03-04T15:30:00",
    "WeekType": "Обе недели",
    "Classroom": "У Конгресс-центр 421",
    "Group": "20178",
    "Subject": "ДПО «Технологическая подготовка производства изделий судостроения с применением лазерных технологий», с 8 по 29 февраля; с 14 марта по 2 мая; с 16 по 23 мая",
    "InstructorName": "Корсмик Рудольф Сергеевич",
    "InstructorLink": ""
  },
  {
    "DayOfWeek": "Четверг",
    "StartTime": "2024-03-04T15:40:00",
    "EndTime": "2024-03-04T17:10:00",
    "WeekType": "Обе недели",
    "Classroom": "У Конгресс-центр 421",
    "Group": "20178",
    "Subject": "ДПО «Технологическая подготовка производства изделий судостроения с применением лазерных технологий», с 8 по 29 февраля; с 14 марта по 2 мая; с 16 по 23 мая",
    "InstructorName": "Корсмик Рудольф Сергеевич",
    "InstructorLink": ""
  },
  {
    "DayOfWeek": "Четверг",
    "StartTime": "2024-03-04T17:20:00",
    "EndTime": "2024-03-04T18:50:00",
    "WeekType": "Обе недели",
    "Classroom": "У Конгресс-центр 421",
    "Group": "20178",
    "Subject": "ДПО «Технологическая подготовка производства изделий судостроения с применением лазерных технологий», 23 мая",
    "InstructorName": "Корсмик Рудольф Сергеевич",
    "InstructorLink": ""
  },
  {
    "DayOfWeek": "Пятница",
    "StartTime": "2024-03-04T11:50:00",
    "EndTime": "2024-03-04T13:20:00",
    "WeekType": "Верхняя неделя",
    "Classroom": "У Конгресс-центр 417",
    "Group": "20178",
    "Subject": "Промышленная электроника и программируемые логические контроллеры",
    "InstructorName": "Бабкин Константин Дмитриевич",
    "InstructorLink": ""
  },
  {
    "DayOfWeek": "Пятница",
    "StartTime": "2024-03-04T11:50:00",
    "EndTime": "2024-03-04T13:20:00",
    "WeekType": "Нижняя неделя",
    "Classroom": "У Конгресс-центр 417",
    "Group": "20178",
    "Subject": "Промышленная электроника и программируемые логические контроллеры",
    "InstructorName": "Станкевич Станислав Леонидович",
    "InstructorLink": ""
  },
  {
    "DayOfWeek": "Пятница",
    "StartTime": "2024-03-04T14:00:00",
    "EndTime": "2024-03-04T15:30:00",
    "WeekType": "Верхняя неделя",
    "Classroom": "У 505",
    "Group": "20178",
    "Subject": "Иностранный язык в профессиональной деятельности",
    "InstructorName": "Трофимова Светлана Леонидовна",
    "InstructorLink": "https://www.smtu.ru/ru/viewperson/101204/"
  },
  {
    "DayOfWeek": "Пятница",
    "StartTime": "2024-03-04T14:00:00",
    "EndTime": "2024-03-04T15:30:00",
    "WeekType": "Нижняя неделя",
    "Classroom": "У УИК207",
    "Group": "20178",
    "Subject": "Аддитивные технологии",
    "InstructorName": "Земляков Евгений Вячеславович",
    "InstructorLink": "https://www.smtu.ru/ru/viewperson/104606/"
  },
  {
    "DayOfWeek": "Пятница",
    "StartTime": "2024-03-04T15:40:00",
    "EndTime": "2024-03-04T17:10:00",
    "WeekType": "Верхняя неделя",
    "Classroom": "У 407",
    "Group": "20178",
    "Subject": "Философские проблемы науки и техники",
    "InstructorName": "Медведев Владимир Иванович",
    "InstructorLink": "https://www.smtu.ru/ru/viewperson/100748/"
  },
  {
    "DayOfWeek": "Пятница",
    "StartTime": "2024-03-04T15:40:00",
    "EndTime": "2024-03-04T17:10:00",
    "WeekType": "Нижняя неделя",
    "Classroom": "У УИК104",
    "Group": "20178",
    "Subject": "Аддитивные технологии",
    "InstructorName": "Вильданов Артур Маратович",
    "InstructorLink": "https://www.smtu.ru/ru/viewperson/123773/"
  },
  {
    "DayOfWeek": "Пятница",
    "StartTime": "2024-03-04T17:20:00",
    "EndTime": "2024-03-04T18:50:00",
    "WeekType": "Верхняя неделя",
    "Classroom": "У 504",
    "Group": "20178",
    "Subject": "Философские проблемы науки и техники",
    "InstructorName": "Медведев Владимир Иванович",
    "InstructorLink": "https://www.smtu.ru/ru/viewperson/100748/"
  },
  {
    "DayOfWeek": "Пятница",
    "StartTime": "2024-03-04T17:20:00",
    "EndTime": "2024-03-04T18:50:00",
    "WeekType": "Нижняя неделя",
    "Classroom": "У УИК104",
    "Group": "20178",
    "Subject": "Аддитивные технологии",
    "InstructorName": "Вильданов Артур Маратович",
    "InstructorLink": "https://www.smtu.ru/ru/viewperson/123773/"
  }
]