[
  {
    "DayOfWeek": "Понедельник",
    "StartTime": "2024-03-04T08:30:00",
    "EndTime": "2024-03-04T10:00:00",
    "WeekType": "Обе недели",
    "Classroom": "У 211",
    "Group": "20171",
    "Subject": "Инженерная графика",
    "InstructorName": "Анисимов Антон Александрович",
    "InstructorLink": ""
  },
  {
    "DayOfWeek": "Понедельник",
    "StartTime": "2024-03-04T10:10:00",
    "EndTime": "2024-03-04T11:40:00",
    "WeekType": "Верхняя неделя",
    "Classroom": "У 211",
    "Group": "20171",
    "Subject": "Инженерная графика",
    "InstructorName": "Анисимов Антон Александрович",
    "InstructorLink": ""
  },
  {
    "DayOfWeek": "Понедельник",
    "StartTime": "2024-03-04T10:10:00",
    "EndTime": "2024-03-04T11:40:00",
    "WeekType": "Нижняя неделя",
    "Classroom": "У 101",
    "Group": "20171",
    "Subject": "История России",
    "InstructorName": "Добряк Инна Владимировна",
    "InstructorLink": "https://www.smtu.ru/ru/viewperson/100346/"
  },
  {
    "DayOfWeek": "Понедельник",
    "StartTime": "2024-03-04T11:50:00",
    "EndTime": "2024-03-04T13:20:00",
    "WeekType": "Обе недели",
    "Classroom": "У 101",
    "Group": "20171",
    "Subject": "История России",
    "InstructorName": "Пантелеева Екатерина Валерьевна",
    "InstructorLink": "https://www.smtu.ru/ru/viewperson/100873/"
  },
  {
    "DayOfWeek": "Понедельник",
    "StartTime": "2024-03-04T14:00:00",
    "EndTime": "2024-03-04T15:30:00",
    "WeekType": "Нижняя неделя",
    "Classroom": "У 161",
    "Group": "20171",
    "Subject": "Правоведение",
    "InstructorName": "Радько Анастасия Сергеевна",
    "InstructorLink": "https://www.smtu.ru/ru/viewperson/100966/"
  },
  {
    "DayOfWeek": "Вторник",
    "StartTime": "2024-03-04T08:30:00",
    "EndTime": "2024-03-04T10:00:00",
    "WeekType": "Верхняя неделя",
    "Classroom": "У 105",
    "Group": "20171",
    "Subject": "Теоретическая механика",
    "InstructorName": "Титова Юлияна Францевна",
    "InstructorLink": "https://www.smtu.ru/ru/viewperson/101184/"
  },
  {
    "DayOfWeek": "Вторник",
    "StartTime": "2024-03-04T10:10:00",
    "EndTime": "2024-03-04T11:40:00",
    "WeekType": "Обе недели",
    "Classroom": "У 504",
    "Group": "20171",
    "Subject": "Высшая математика",
    "InstructorName": "Свиркина Лариса Анатольевна",
    "InstructorLink": "https://www.smtu.ru/ru/viewperson/122619/"
  },
  {
    "DayOfWeek": "Вторник",
    "StartTime": "2024-03-04T11:50:00",
    "EndTime": "2024-03-04T13:20:00",
    "WeekType": "Обе недели",
    "Classroom": "У 161",
    "Group": "20171",
    "Subject": "Физика",
    "InstructorName": "Колесников Юрий Леонидович",
    "InstructorLink": "https://www.smtu.ru/ru/viewperson/122535/"
  },
  {
    "DayOfWeek": "Вторник",
    "StartTime": "2024-03-04T14:00:00",
    "EndTime": "2024-03-04T15:30:00",
    "WeekType": "Верхняя неделя",
    "Classroom": "У 514",
    "Group": "20171",
    "Subject": "Высшая математика",
    "InstructorName": "Свиркина Лариса Анатольевна",
    "InstructorLink": "https://www.smtu.ru/ru/viewperson/122619/"
  },
  {
    "DayOfWeek": "Вторник",
    "StartTime": "2024-03-04T14:00:00",
    "EndTime": "2024-03-04T15:30:00",
    "WeekType": "Нижняя неделя",
    "Classroom": "У 437",
    "Group": "20171",
    "Subject": "Высшая математика",
    "InstructorName": "Свиркина Лариса Анатольевна",
    "InstructorLink": "https://www.smtu.ru/ru/viewperson/122619/"
  },
  {
    "DayOfWeek": "Среда",
    "StartTime": "2024-03-04T14:00:00",
    "EndTime": "2024-03-04T15:30:00",
    "WeekType": "Обе недели",
    "Classroom": "У каф.ФВ",
    "Group": "20171",
    "Subject": "Физическая культура и спорт (элективная)",
    "InstructorName": "",
    "InstructorLink": ""
  },
  {
    "DayOfWeek": "Среда",
    "StartTime": "2024-03-04T15:40:00",
    "EndTime": "2024-03-04T17:10:00",
    "WeekType": "Верхняя неделя",
    "Classroom": "У 212",
    "Group": "20171",
    "Subject": "Правоведение",
    "InstructorName": "Радько Анастасия Сергеевна",
    "InstructorLink": "https://www.smtu.ru/ru/viewperson/100966/"
  },
  {
    "DayOfWeek": "Среда",
    "StartTime": "2024-03-04T15:40:00",
    "EndTime": "2024-03-04T17:10:00",
    "WeekType": "Нижняя неделя",
    "Classroom": "У УИК207",
    "Group": "20171",
    "Subject": "Введение в лазерные технологии",
    "InstructorName": "Соловьёв Владимир Дмитриевич",
    "InstructorLink": ""
  },
  {
    "DayOfWeek": "Среда",
    "StartTime": "2024-03-04T17:20:00",
    "EndTime": "2024-03-04T18:50:00",
    "WeekType": "Верхняя неделя",
    "Classroom": "У 340(1)",
    "Group": "20171",
    "Subject": "Экология",
    "InstructorName": "Чихонадских Елена Александровна",
    "InstructorLink": "https://www.smtu.ru/ru/viewperson/101326/"
  },
  {
    "DayOfWeek": "Среда",
    "StartTime": "2024-03-04T17:20:00",
    "EndTime": "2024-03-04T18:50:00",
    "WeekType": "Нижняя неделя",
    "Classroom": "У УИК207",
    "Group": "20171",
    "Subject": "Введение в лазерные технологии",
    "InstructorName": "Соловьёв Владимир Дмитриевич",
    "InstructorLink": ""
  },
  {
    "DayOfWeek": "Четверг",
    "StartTime": "2024-03-04T08:30:00",
    "EndTime": "2024-03-04T10:00:00",
    "WeekType": "Нижняя неделя",
    "Classroom": "У 502",
    "Group": "20171",
    "Subject": "История России",
    "InstructorName": "Прудникова Татьяна Юрьевна",
    "InstructorLink": "https://www.smtu.ru/ru/viewperson/100952/"
  },
  {
    "DayOfWeek": "Четверг",
    "StartTime": "2024-03-04T10:10:00",
    "EndTime": "2024-03-04T11:40:00",
    "WeekType": "Обе недели",
    "Classroom": "У 506",
    "Group": "20171",
    "Subject": "Теоретическая механика",
    "InstructorName": "Титова Юлияна Францевна",
    "InstructorLink": "https://www.smtu.ru/ru/viewperson/101184/"
  },
  {
    "DayOfWeek": "Четверг",
    "StartTime": "2024-03-04T11:50:00",
    "EndTime": "2024-03-04T13:20:00",
    "WeekType": "Верхняя неделя",
    "Classroom": "У 322",
    "Group": "20171",
    "Subject": "Физика",
    "InstructorName": "Колесников Юрий Леонидович",
    "InstructorLink": "https://www.smtu.ru/ru/viewperson/122535/"
  },
  {
    "DayOfWeek": "Четверг",
    "StartTime": "2024-03-04T11:50:00",
    "EndTime": "2024-03-04T13:20:00",
    "WeekType": "Верхняя неделя",
    "Classroom": "У 320",
    "Group": "20171",
    "Subject": "Физика",
    "InstructorName": "Колесников Юрий Леонидович",
    "InstructorLink": "https://www.smtu.ru/ru/viewperson/122535/"
  },
  {
    "DayOfWeek": "Четверг",
    "StartTime": "2024-03-04T11:50:00",
    "EndTime": "2024-03-04T13:20:00",
    "WeekType": "Нижняя неделя",
    "Classroom": "У 304",
    "Group": "20171",
    "Subject": "Физика",
    "InstructorName": "Колесников Юрий Леонидович",
    "InstructorLink": "https://www.smtu.ru/ru/viewperson/122535/"
  },
  {
    "DayOfWeek": "Четверг",
    "StartTime": "2024-03-04T14:00:00",
    "EndTime": "2024-03-04T15:30:00",
    "WeekType": "Обе недели",
    "Classroom": "У 437",
    "Group": "20171",
    "Subject": "Высшая математика",
    "InstructorName": "Свиркина Лариса Анатольевна",
    "InstructorLink": "https://www.smtu.ru/ru/viewperson/122619/"
  },
  {
    "DayOfWeek": "Пятница",
    "StartTime": "2024-03-04T14:00:00",
    "EndTime": "2024-03-04T15:30:00",
    "WeekType": "Нижняя неделя",
    "Classroom": "У 105",
    "Group": "20171",
    "Subject": "Экология",
    "InstructorName": "Чихонадских Елена Александровна",
    "InstructorLink": "https://www.smtu.ru/ru/viewperson/101326/"
  },
  {
    "DayOfWeek": "Пятница",
    "StartTime": "2024-03-04T15:40:00",
    "EndTime": "2024-03-04T17:10:00",
    "WeekType": "Обе недели",
    "Classroom": "У 414",
    "Group": "20171",
    "Subject": "Информационные технологии",
    "InstructorName": "Кудашов Роман Дмитриевич",
    "InstructorLink": ""
  },
  {
    "DayOfWeek": "Пятница",
    "StartTime": "2024-03-04T17:20:00",
    "EndTime": "2024-03-04T18:50:00",
    "WeekType": "Обе недели",
    "Classroom": "У 414",
    "Group": "20171",
    "Subject": "Информационные технологии",
    "InstructorName": "Кудашов Роман Дмитриевич",
    "InstructorLink": ""
  },
  {
    "DayOfWeek": "Суббота",
    "StartTime": "2024-03-04T08:30:00",
    "EndTime": "2024-03-04T10:00:00",
    "WeekType": "Обе недели",
    "Classroom": "У 446",
    "Group": "20171",
    "Subject": "Иностранный язык",
    "InstructorName": "Киселева Людмила Борисовна",
    "InstructorLink": "https://www.smtu.ru/ru/viewperson/100520/"
  },
  {
    "DayOfWeek": "Суббота",
    "StartTime": "2024-03-04T10:10:00",
    "EndTime": "2024-03-04T11:40:00",
    "WeekType": "Обе недели",
    "Classroom": "У 446",
    "Group": "20171",
    "Subject": "Иностранный язык",
    "InstructorName": "Киселева Людмила Борисовна",
    "InstructorLink": "https://www.smtu.ru/ru/viewperson/100520/"
  },
  {
    "DayOfWeek": "Суббота",
    "StartTime": "2024-03-04T11:50:00",
    "EndTime": "2024-03-04T13:20:00",
    "WeekType": "Обе недели",
    "Classroom": "У каф.ФВ",
    "Group": "20171",
    "Subject": "Физическая культура и спорт (элективная)",
    "InstructorName": "",
    "InstructorLink": ""
  }
]