[
  {
    "DayOfWeek": "Понедельник",
    "StartTime": "2024-03-04T10:10:00",
    "EndTime": "2024-03-04T11:40:00",
    "WeekType": "Нижняя неделя",
    "Classroom": "У 101",
    "Group": "20180",
    "Subject": "История России",
    "InstructorName": "Добряк Инна Владимировна",
    "InstructorLink": "https://www.smtu.ru/ru/viewperson/100346/"
  },
  {
    "DayOfWeek": "Понедельник",
    "StartTime": "2024-03-04T11:50:00",
    "EndTime": "2024-03-04T13:20:00",
    "WeekType": "Обе недели",
    "Classroom": "У 101",
    "Group": "20180",
    "Subject": "История России",
    "InstructorName": "Пантелеева Екатерина Валерьевна",
    "InstructorLink": "https://www.smtu.ru/ru/viewperson/100873/"
  },
  {
    "DayOfWeek": "Понедельник",
    "StartTime": "2024-03-04T14:00:00",
    "EndTime": "2024-03-04T15:30:00",
    "WeekType": "Обе недели",
    "Classroom": "У 438",
    "Group": "20180",
    "Subject": "Высшая математика",
    "InstructorName": "Русина Лариса Германовна",
    "InstructorLink": "https://www.smtu.ru/ru/viewperson/123501/"
  },
  {
    "DayOfWeek": "Понедельник",
    "StartTime": "2024-03-04T15:40:00",
    "EndTime": "2024-03-04T17:10:00",
    "WeekType": "Верхняя неделя",
    "Classroom": "У 438",
    "Group": "20180",
    "Subject": "Высшая математика",
    "InstructorName": "Русина Лариса Германовна",
    "InstructorLink": "https://www.smtu.ru/ru/viewperson/123501/"
  },
  {
    "DayOfWeek": "Вторник",
    "StartTime": "2024-03-04T10:10:00",
    "EndTime": "2024-03-04T11:40:00",
    "WeekType": "Обе недели",
    "Classroom": "У каф.ФВ",
    "Group": "20180",
    "Subject": "Физическая культура и спорт (элективная)",
    "InstructorName": "",
    "InstructorLink": ""
  },
  {
    "DayOfWeek": "Вторник",
    "StartTime": "2024-03-04T11:50:00",
    "EndTime": "2024-03-04T13:20:00",
    "WeekType": "Верхняя неделя",
    "Classroom": "У 303ю",
    "Group": "20180",
    "Subject": "История России",
    "InstructorName": "Пантелеева Екатерина Валерьевна",
    "InstructorLink": "https://www.smtu.ru/ru/viewperson/100873/"
  },
  {
    "DayOfWeek": "Вторник",
    "StartTime": "2024-03-04T11:50:00",
    "EndTime": "2024-03-04T13:20:00",
    "WeekType": "Нижняя неделя",
    "Classroom": "У 105",
    "Group": "20180",
    "Subject": "Высшая математика",
    "InstructorName": "Володичева Маргарита Ивановна",
    "InstructorLink": "https://www.smtu.ru/ru/viewperson/100229/"
  },
  {
    "DayOfWeek": "Вторник",
    "StartTime": "2024-03-04T14:00:00",
    "EndTime": "2024-03-04T15:30:00",
    "WeekType": "Обе недели",
    "Classroom": "У 10",
    "Group": "20180",
    "Subject": "Физика",
    "InstructorName": "Король Андрей Владимирович",
    "InstructorLink": ""
  },
  {
    "DayOfWeek": "Вторник",
    "StartTime": "2024-03-04T15:40:00",
    "EndTime": "2024-03-04T17:10:00",
    "WeekType": "Верхняя неделя",
    "Classroom": "У 322",
    "Group": "20180",
    "Subject": "Физика",
    "InstructorName": "Король Андрей Владимирович",
    "InstructorLink": ""
  },
  {
    "DayOfWeek": "Вторник",
    "StartTime": "2024-03-04T15:40:00",
    "EndTime": "2024-03-04T17:10:00",
    "WeekType": "Верхняя неделя",
    "Classroom": "У 320",
    "Group": "20180",
    "Subject": "Физика",
    "InstructorName": "Король Андрей Владимирович",
    "InstructorLink": ""
  },
  {
    "DayOfWeek": "Вторник",
    "StartTime": "2024-03-04T15:40:00",
    "EndTime": "2024-03-04T17:10:00",
    "WeekType": "Нижняя неделя",
    "Classroom": "У 304",
    "Group": "20180",
    "Subject": "Физика",
    "InstructorName": "Король Андрей Владимирович",
    "InstructorLink": ""
  },
  {
    "DayOfWeek": "Среда",
    "StartTime": "2024-03-04T08:30:00",
    "EndTime": "2024-03-04T10:00:00",
    "WeekType": "Верхняя неделя",
    "Classroom": "У 414",
    "Group": "20180",
    "Subject": "Технологии и методы программирования",
    "InstructorName": "Глускер Михаил Яковлевич",
    "InstructorLink": "https://www.smtu.ru/ru/viewperson/122623/"
  },
  {
    "DayOfWeek": "Среда",
    "StartTime": "2024-03-04T10:10:00",
    "EndTime": "2024-03-04T11:40:00",
    "WeekType": "Обе недели",
    "Classroom": "У 414",
    "Group": "20180",
    "Subject": "Технологии и методы программирования",
    "InstructorName": "Глускер Михаил Яковлевич",
    "InstructorLink": "https://www.smtu.ru/ru/viewperson/122623/"
  },
  {
    "DayOfWeek": "Среда",
    "StartTime": "2024-03-04T11:50:00",
    "EndTime": "2024-03-04T13:20:00",
    "WeekType": "Обе недели",
    "Classroom": "У 414",
    "Group": "20180",
    "Subject": "Информационные технологии",
    "InstructorName": "Акуленок Ирина Николаевна",
    "InstructorLink": ""
  },
  {
    "DayOfWeek": "Среда",
    "StartTime": "2024-03-04T14:00:00",
    "EndTime": "2024-03-04T15:30:00",
    "WeekType": "Обе недели",
    "Classroom": "У 414",
    "Group": "20180",
    "Subject": "Информационные технологии",
    "InstructorName": "Акуленок Ирина Николаевна",
    "InstructorLink": ""
  },
  {
    "DayOfWeek": "Четверг",
    "StartTime": "2024-03-04T10:10:00",
    "EndTime": "2024-03-04T11:40:00",
    "WeekType": "Нижняя неделя",
    "Classroom": "У 434",
    "Group": "20180",
    "Subject": "Средства и системы технического обеспечения обработки, хранения и передачи информации",
    "InstructorName": "Акуленок Ирина Николаевна",
    "InstructorLink": ""
  },
  {
    "DayOfWeek": "Четверг",
    "StartTime": "2024-03-04T11:50:00",
    "EndTime": "2024-03-04T13:20:00",
    "WeekType": "Нижняя неделя",
    "Classroom": "У 414",
    "Group": "20180",
    "Subject": "Средства и системы технического обеспечения обработки, хранения и передачи информации",
    "InstructorName": "Акуленок Ирина Николаевна",
    "InstructorLink": ""
  },
  {
    "DayOfWeek": "Четверг",
    "StartTime": "2024-03-04T14:00:00",
    "EndTime": "2024-03-04T15:30:00",
    "WeekType": "Верхняя неделя",
    "Classroom": "У УЛК-06",
    "Group": "20180",
    "Subject": "Комплексная система защиты информации на предприятии",
    "InstructorName": "Гарькушев Александр Юрьевич",
    "InstructorLink": "https://www.smtu.ru/ru/viewperson/122911/"
  },
  {
    "DayOfWeek": "Четверг",
    "StartTime": "2024-03-04T14:00:00",
    "EndTime": "2024-03-04T15:30:00",
    "WeekType": "Нижняя неделя",
    "Classroom": "У 10",
    "Group": "20180",
    "Subject": "Комплексная система защиты информации на предприятии",
    "InstructorName": "Карпова Ирина Леонидовна",
    "InstructorLink": "https://www.smtu.ru/ru/viewperson/123207/"
  },
  {
    "DayOfWeek": "Четверг",
    "StartTime": "2024-03-04T15:40:00",
    "EndTime": "2024-03-04T17:10:00",
    "WeekType": "Обе недели",
    "Classroom": "У 105",
    "Group": "20180",
    "Subject": "Высшая математика",
    "InstructorName": "Володичева Маргарита Ивановна",
    "InstructorLink": "https://www.smtu.ru/ru/viewperson/100229/"
  },
  {
    "DayOfWeek": "Пятница",
    "StartTime": "2024-03-04T08:30:00",
    "EndTime": "2024-03-04T10:00:00",
    "WeekType": "Обе недели",
    "Classroom": "У каф.ФВ",
    "Group": "20180",
    "Subject": "Физическая культура и спорт (элективная)",
    "InstructorName": "",
    "InstructorLink": ""
  },
  {
    "DayOfWeek": "Пятница",
    "StartTime": "2024-03-04T10:10:00",
    "EndTime": "2024-03-04T11:40:00",
    "WeekType": "Обе недели",
    "Classroom": "У 446",
    "Group": "20180",
    "Subject": "Иностранный язык",
    "InstructorName": "Трофимова Светлана Леонидовна",
    "InstructorLink": "https://www.smtu.ru/ru/viewperson/101204/"
  },
  {
    "DayOfWeek": "Пятница",
    "StartTime": "2024-03-04T11:50:00",
    "EndTime": "2024-03-04T13:20:00",
    "WeekType": "Обе недели",
    "Classroom": "У 446",
    "Group": "20180",
    "Subject": "Иностранный язык",
    "InstructorName": "Трофимова Светлана Леонидовна",
    "InstructorLink": "https://www.smtu.ru/ru/viewperson/101204/"
  }
]