[
  {
    "DayOfWeek": "Понедельник",
    "StartTime": "2024-03-04T08:30:00",
    "EndTime": "2024-03-04T10:00:00",
    "WeekType": "Обе недели",
    "Classroom": "А ВУЦ",
    "Group": "20200",
    "Subject": "Военная подготовка (офицеры запаса)",
    "InstructorName": "",
    "InstructorLink": ""
  },
  {
    "DayOfWeek": "Понедельник",
    "StartTime": "2024-03-04T10:10:00",
    "EndTime": "2024-03-04T11:40:00",
    "WeekType": "Обе недели",
    "Classroom": "А ВУЦ",
    "Group": "20200",
    "Subject": "Военная подготовка (офицеры запаса)",
    "InstructorName": "",
    "InstructorLink": ""
  },
  {
    "DayOfWeek": "Понедельник",
    "StartTime": "2024-03-04T11:50:00",
    "EndTime": "2024-03-04T13:20:00",
    "WeekType": "Обе недели",
    "Classroom": "А ВУЦ",
    "Group": "20200",
    "Subject": "Военная подготовка (офицеры запаса)",
    "InstructorName": "",
    "InstructorLink": ""
  },
  {
    "DayOfWeek": "Вторник",
    "StartTime": "2024-03-04T10:10:00",
    "EndTime": "2024-03-04T11:40:00",
    "WeekType": "Верхняя неделя",
    "Classroom": "У 434",
    "Group": "20200",
    "Subject": "Операционные системы и сети ЭВМ",
    "InstructorName": "Горавнева Татьяна Сергеевна",
    "InstructorLink": "https://www.smtu.ru/ru/viewperson/100281/"
  },
  {
    "DayOfWeek": "Вторник",
    "StartTime": "2024-03-04T10:10:00",
    "EndTime": "2024-03-04T11:40:00",
    "WeekType": "Нижняя неделя",
    "Classroom": "У 434",
    "Group": "20200",
    "Subject": "Операционные системы и сети ЭВМ",
    "InstructorName": "Горавнева Татьяна Сергеевна",
    "InstructorLink": "https://www.smtu.ru/ru/viewperson/100281/"
  },
  {
    "DayOfWeek": "Вторник",
    "StartTime": "2024-03-04T11:50:00",
    "EndTime": "2024-03-04T13:20:00",
    "WeekType": "Обе недели",
    "Classroom": "У 434",
    "Group": "20200",
    "Subject": "Операционные системы и сети ЭВМ",
    "InstructorName": "Горавнева Татьяна Сергеевна",
    "InstructorLink": "https://www.smtu.ru/ru/viewperson/100281/"
  },
  {
    "DayOfWeek": "Вторник",
    "StartTime": "2024-03-04T14:00:00",
    "EndTime": "2024-03-04T15:30:00",
    "WeekType": "Верхняя неделя",
    "Classroom": "У 407",
    "Group": "20200",
    "Subject": "Правоведение",
    "InstructorName": "Алексеев Георгий Валерьевич",
    "InstructorLink": ""
  },
  {
    "DayOfWeek": "Вторник",
    "StartTime": "2024-03-04T14:00:00",
    "EndTime": "2024-03-04T15:30:00",
    "WeekType": "Нижняя неделя",
    "Classroom": "У 167",
    "Group": "20200",
    "Subject": "Правоведение",
    "InstructorName": "Алексеев Георгий Валерьевич",
    "InstructorLink": ""
  },
  {
    "DayOfWeek": "Вторник",
    "StartTime": "2024-03-04T15:40:00",
    "EndTime": "2024-03-04T17:10:00",
    "WeekType": "Обе недели",
    "Classroom": "У каф.ФВ",
    "Group": "20200",
    "Subject": "Физическая культура и спорт (элективная)",
    "InstructorName": "",
    "InstructorLink": ""
  },
  {
    "DayOfWeek": "Среда",
    "StartTime": "2024-03-04T10:10:00",
    "EndTime": "2024-03-04T11:40:00",
    "WeekType": "Обе недели",
    "Classroom": "Б 511",
    "Group": "20200",
    "Subject": "Теория функций комплексного переменного",
    "InstructorName": "Федорова Татьяна Александровна",
    "InstructorLink": "https://www.smtu.ru/ru/viewperson/101243/"
  },
  {
    "DayOfWeek": "Среда",
    "StartTime": "2024-03-04T11:50:00",
    "EndTime": "2024-03-04T13:20:00",
    "WeekType": "Обе недели",
    "Classroom": "Б 511",
    "Group": "20200",
    "Subject": "Теория функций комплексного переменного",
    "InstructorName": "Федорова Татьяна Александровна",
    "InstructorLink": "https://www.smtu.ru/ru/viewperson/101243/"
  },
  {
    "DayOfWeek": "Четверг",
    "StartTime": "2024-03-04T08:30:00",
    "EndTime": "2024-03-04T10:00:00",
    "WeekType": "Обе недели",
    "Classroom": "Б 511",
    "Group": "20200",
    "Subject": "Теория вероятностей и математическая статистика",
    "InstructorName": "Сафронов Кирилл Сергеевич",
    "InstructorLink": ""
  },
  {
    "DayOfWeek": "Четверг",
    "StartTime": "2024-03-04T10:10:00",
    "EndTime": "2024-03-04T11:40:00",
    "WeekType": "Верхняя неделя",
    "Classroom": "Б 511",
    "Group": "20200",
    "Subject": "Теория вероятностей и математическая статистика",
    "InstructorName": "Сафронов Кирилл Сергеевич",
    "InstructorLink": ""
  },
  {
    "DayOfWeek": "Четверг",
    "StartTime": "2024-03-04T10:10:00",
    "EndTime": "2024-03-04T11:40:00",
    "WeekType": "Нижняя неделя",
    "Classroom": "Б ЛУИТ",
    "Group": "20200",
    "Subject": "Теория графов",
    "InstructorName": "Мальцев Даниил Денисович",
    "InstructorLink": ""
  },
  {
    "DayOfWeek": "Четверг",
    "StartTime": "2024-03-04T11:50:00",
    "EndTime": "2024-03-04T13:20:00",
    "WeekType": "Верхняя неделя",
    "Classroom": "Б 505(2)",
    "Group": "20200",
    "Subject": "Теория графов",
    "InstructorName": "Мальцев Даниил Денисович",
    "InstructorLink": ""
  },
  {
    "DayOfWeek": "Четверг",
    "StartTime": "2024-03-04T11:50:00",
    "EndTime": "2024-03-04T13:20:00",
    "WeekType": "Нижняя неделя",
    "Classroom": "Б ЛУИТ",
    "Group": "20200",
    "Subject": "Теория графов",
    "InstructorName": "Мальцев Даниил Денисович",
    "InstructorLink": ""
  },
  {
    "DayOfWeek": "Четверг",
    "StartTime": "2024-03-04T14:00:00",
    "EndTime": "2024-03-04T15:30:00",
    "WeekType": "Верхняя неделя",
    "Classroom": "Б 505(2)",
    "Group": "20200",
    "Subject": "Теория графов",
    "InstructorName": "Мальцев Даниил Денисович",
    "InstructorLink": ""
  },
  {
    "DayOfWeek": "Пятница",
    "StartTime": "2024-03-04T08:30:00",
    "EndTime": "2024-03-04T10:00:00",
    "WeekType": "Верхняя неделя",
    "Classroom": "Б 505(1)",
    "Group": "20200",
    "Subject": "Вариационное исчисление",
    "InstructorName": "Рыжов Владимир Александрович",
    "InstructorLink": "https://www.smtu.ru/ru/viewperson/101012/"
  },
  {
    "DayOfWeek": "Пятница",
    "StartTime": "2024-03-04T10:10:00",
    "EndTime": "2024-03-04T11:40:00",
    "WeekType": "Верхняя неделя",
    "Classroom": "Б 505(1)",
    "Group": "20200",
    "Subject": "Вариационное исчисление",
    "InstructorName": "Рыжов Владимир Александрович",
    "InstructorLink": "https://www.smtu.ru/ru/viewperson/101012/"
  },
  {
    "DayOfWeek": "Пятница",
    "StartTime": "2024-03-04T11:50:00",
    "EndTime": "2024-03-04T13:20:00",
    "WeekType": "Верхняя неделя",
    "Classroom": "Б 505(1)",
    "Group": "20200",
    "Subject": "Вариационное исчисление",
    "InstructorName": "Рыжов Владимир Александрович",
    "InstructorLink": "https://www.smtu.ru/ru/viewperson/101012/"
  },
  {
    "DayOfWeek": "Суббота",
    "StartTime": "2024-03-04T08:30:00",
    "EndTime": "2024-03-04T10:00:00",
    "WeekType": "Обе недели",
    "Classroom": "У каф.ФВ",
    "Group": "20200",
    "Subject": "Физическая культура и спорт (элективная)",
    "InstructorName": "",
    "InstructorLink": ""
  },
  {
    "DayOfWeek": "Суббота",
    "StartTime": "2024-03-04T10:10:00",
    "EndTime": "2024-03-04T11:40:00",
    "WeekType": "Верхняя неделя",
    "Classroom": "У 438",
    "Group": "20200",
    "Subject": "Дополнительные главы математического анализа",
    "InstructorName": "Свиркина Лариса Анатольевна",
    "InstructorLink": "https://www.smtu.ru/ru/viewperson/122619/"
  },
  {
    "DayOfWeek": "Суббота",
    "StartTime": "2024-03-04T10:10:00",
    "EndTime": "2024-03-04T11:40:00",
    "WeekType": "Нижняя неделя",
    "Classroom": "У 438",
    "Group": "20200",
    "Subject": "Дополнительные главы математического анализа",
    "InstructorName": "Свиркина Лариса Анатольевна",
    "InstructorLink": "https://www.smtu.ru/ru/viewperson/122619/"
  },
  {
    "DayOfWeek": "Суббота",
    "StartTime": "2024-03-04T11:50:00",
    "EndTime": "2024-03-04T13:20:00",
    "WeekType": "Обе недели",
    "Classroom": "У 438",
    "Group": "20200",
    "Subject": "Дополнительные главы математического анализа",
    "InstructorName": "Свиркина Лариса Анатольевна",
    "InstructorLink": "https://www.smtu.ru/ru/viewperson/122619/"
  }
]