[
  {
    "DayOfWeek": "Понедельник",
    "StartTime": "2024-03-04T08:30:00",
    "EndTime": "2024-03-04T10:00:00",
    "WeekType": "Обе недели",
    "Classroom": "А ВУЦ",
    "Group": "20280",
    "Subject": "Военная подготовка (офицеры запаса)",
    "InstructorName": "",
    "InstructorLink": ""
  },
  {
    "DayOfWeek": "Понедельник",
    "StartTime": "2024-03-04T10:10:00",
    "EndTime": "2024-03-04T11:40:00",
    "WeekType": "Обе недели",
    "Classroom": "А ВУЦ",
    "Group": "20280",
    "Subject": "Военная подготовка (офицеры запаса)",
    "InstructorName": "",
    "InstructorLink": ""
  },
  {
    "DayOfWeek": "Понедельник",
    "StartTime": "2024-03-04T11:50:00",
    "EndTime": "2024-03-04T13:20:00",
    "WeekType": "Обе недели",
    "Classroom": "А ВУЦ",
    "Group": "20280",
    "Subject": "Военная подготовка (офицеры запаса)",
    "InstructorName": "",
    "InstructorLink": ""
  },
  {
    "DayOfWeek": "Вторник",
    "StartTime": "2024-03-04T11:50:00",
    "EndTime": "2024-03-04T13:20:00",
    "WeekType": "Верхняя неделя",
    "Classroom": "А 407",
    "Group": "20280",
    "Subject": "Документоведение и конфиденциальное делопроизводство",
    "InstructorName": "Прокофьева Ольга Евгеньевна",
    "InstructorLink": ""
  },
  {
    "DayOfWeek": "Вторник",
    "StartTime": "2024-03-04T11:50:00",
    "EndTime": "2024-03-04T13:20:00",
    "WeekType": "Нижняя неделя",
    "Classroom": "А 417-1",
    "Group": "20280",
    "Subject": "Документоведение и конфиденциальное делопроизводство",
    "InstructorName": "Прокофьева Ольга Евгеньевна",
    "InstructorLink": ""
  },
  {
    "DayOfWeek": "Вторник",
    "StartTime": "2024-03-04T14:00:00",
    "EndTime": "2024-03-04T15:30:00",
    "WeekType": "Обе недели",
    "Classroom": "А 417-1",
    "Group": "20280",
    "Subject": "Документоведение и конфиденциальное делопроизводство",
    "InstructorName": "Прокофьева Ольга Евгеньевна",
    "InstructorLink": ""
  },
  {
    "DayOfWeek": "Вторник",
    "StartTime": "2024-03-04T15:40:00",
    "EndTime": "2024-03-04T17:10:00",
    "WeekType": "Обе недели",
    "Classroom": "А 413",
    "Group": "20280",
    "Subject": "Сертификация систем и средств защиты информации",
    "InstructorName": "Алексеев Анатолий Владимирович",
    "InstructorLink": "https://www.smtu.ru/ru/viewperson/100015/"
  },
  {
    "DayOfWeek": "Вторник",
    "StartTime": "2024-03-04T17:20:00",
    "EndTime": "2024-03-04T18:50:00",
    "WeekType": "Нижняя неделя",
    "Classroom": "А 407",
    "Group": "20280",
    "Subject": "Сертификация систем и средств защиты информации",
    "InstructorName": "Алексеев Анатолий Владимирович",
    "InstructorLink": "https://www.smtu.ru/ru/viewperson/100015/"
  },
  {
    "DayOfWeek": "Среда",
    "StartTime": "2024-03-04T08:30:00",
    "EndTime": "2024-03-04T10:00:00",
    "WeekType": "Верхняя неделя",
    "Classroom": "У каф.ФВ",
    "Group": "20280",
    "Subject": "Физическая культура и спорт (элективная)",
    "InstructorName": "",
    "InstructorLink": ""
  },
  {
    "DayOfWeek": "Среда",
    "StartTime": "2024-03-04T08:30:00",
    "EndTime": "2024-03-04T10:00:00",
    "WeekType": "Нижняя неделя",
    "Classroom": "У 107",
    "Group": "20280",
    "Subject": "Философия",
    "InstructorName": "Солдатов Андрей Александрович",
    "InstructorLink": "https://www.smtu.ru/ru/viewperson/101131/"
  },
  {
    "DayOfWeek": "Среда",
    "StartTime": "2024-03-04T10:10:00",
    "EndTime": "2024-03-04T11:40:00",
    "WeekType": "Обе недели",
    "Classroom": "У УЛК-06",
    "Group": "20280",
    "Subject": "Сети и системы передачи информации",
    "InstructorName": "Гарькушев Александр Юрьевич",
    "InstructorLink": "https://www.smtu.ru/ru/viewperson/122911/"
  },
  {
    "DayOfWeek": "Среда",
    "StartTime": "2024-03-04T11:50:00",
    "EndTime": "2024-03-04T13:20:00",
    "WeekType": "Обе недели",
    "Classroom": "У УЛК-06",
    "Group": "20280",
    "Subject": "Нормативное сопровождение информационной безопасности",
    "InstructorName": "Гарькушев Александр Юрьевич",
    "InstructorLink": "https://www.smtu.ru/ru/viewperson/122911/"
  },
  {
    "DayOfWeek": "Среда",
    "StartTime": "2024-03-04T14:00:00",
    "EndTime": "2024-03-04T15:30:00",
    "WeekType": "Верхняя неделя",
    "Classroom": "У УЛК-06",
    "Group": "20280",
    "Subject": "Безопасность операционных систем",
    "InstructorName": "Гарькушев Александр Юрьевич",
    "InstructorLink": "https://www.smtu.ru/ru/viewperson/122911/"
  },
  {
    "DayOfWeek": "Среда",
    "StartTime": "2024-03-04T14:00:00",
    "EndTime": "2024-03-04T15:30:00",
    "WeekType": "Нижняя неделя",
    "Classroom": "У УЛК-06",
    "Group": "20280",
    "Subject": "Защита информации от утечки по техническим каналам",
    "InstructorName": "Гарькушев Александр Юрьевич",
    "InstructorLink": "https://www.smtu.ru/ru/viewperson/122911/"
  },
  {
    "DayOfWeek": "Среда",
    "StartTime": "2024-03-04T15:40:00",
    "EndTime": "2024-03-04T17:10:00",
    "WeekType": "Верхняя неделя",
    "Classroom": "У 543",
    "Group": "20280",
    "Subject": "Философия",
    "InstructorName": "Солдатов Андрей Александрович",
    "InstructorLink": "https://www.smtu.ru/ru/viewperson/101131/"
  },
  {
    "DayOfWeek": "Четверг",
    "StartTime": "2024-03-04T08:30:00",
    "EndTime": "2024-03-04T10:00:00",
    "WeekType": "Обе недели",
    "Classroom": "У каф.ФВ",
    "Group": "20280",
    "Subject": "Физическая культура и спорт (элективная)",
    "InstructorName": "",
    "InstructorLink": ""
  },
  {
    "DayOfWeek": "Четверг",
    "StartTime": "2024-03-04T10:10:00",
    "EndTime": "2024-03-04T11:40:00",
    "WeekType": "Верхняя неделя",
    "Classroom": "У УЛК-06",
    "Group": "20280",
    "Subject": "Сети и системы передачи информации",
    "InstructorName": "Гарькушев Александр Юрьевич",
    "InstructorLink": "https://www.smtu.ru/ru/viewperson/122911/"
  },
  {
    "DayOfWeek": "Четверг",
    "StartTime": "2024-03-04T10:10:00",
    "EndTime": "2024-03-04T11:40:00",
    "WeekType": "Нижняя неделя",
    "Classroom": "У 410",
    "Group": "20280",
    "Subject": "Нормативное сопровождение информационной безопасности",
    "InstructorName": "Карпова Ирина Леонидовна",
    "InstructorLink": "https://www.smtu.ru/ru/viewperson/123207/"
  },
  {
    "DayOfWeek": "Четверг",
    "StartTime": "2024-03-04T11:50:00",
    "EndTime": "2024-03-04T13:20:00",
    "WeekType": "Верхняя неделя",
    "Classroom": "У УЛК-06",
    "Group": "20280",
    "Subject": "Сети и системы передачи информации",
    "InstructorName": "Гарькушев Александр Юрьевич",
    "InstructorLink": "https://www.smtu.ru/ru/viewperson/122911/"
  },
  {
    "DayOfWeek": "Четверг",
    "StartTime": "2024-03-04T11:50:00",
    "EndTime": "2024-03-04T13:20:00",
    "WeekType": "Нижняя неделя",
    "Classroom": "У 410",
    "Group": "20280",
    "Subject": "Нормативное сопровождение информационной безопасности",
    "InstructorName": "Карпова Ирина Леонидовна",
    "InstructorLink": "https://www.smtu.ru/ru/viewperson/123207/"
  },
  {
    "DayOfWeek": "Пятница",
    "StartTime": "2024-03-04T08:30:00",
    "EndTime": "2024-03-04T10:00:00",
    "WeekType": "Верхняя неделя",
    "Classroom": "У 451",
    "Group": "20280",
    "Subject": "Дискретная математика",
    "InstructorName": "Володичева Маргарита Ивановна",
    "InstructorLink": "https://www.smtu.ru/ru/viewperson/100229/"
  },
  {
    "DayOfWeek": "Пятница",
    "StartTime": "2024-03-04T10:10:00",
    "EndTime": "2024-03-04T11:40:00",
    "WeekType": "Верхняя неделя",
    "Classroom": "У 451",
    "Group": "20280",
    "Subject": "Дискретная математика",
    "InstructorName": "Володичева Маргарита Ивановна",
    "InstructorLink": "https://www.smtu.ru/ru/viewperson/100229/"
  },
  {
    "DayOfWeek": "Пятница",
    "StartTime": "2024-03-04T10:10:00",
    "EndTime": "2024-03-04T11:40:00",
    "WeekType": "Нижняя неделя",
    "Classroom": "У 443",
    "Group": "20280",
    "Subject": "Математическая логика и теория алгоритмов",
    "InstructorName": "Ловягин Юрий Никитич",
    "InstructorLink": "https://www.smtu.ru/ru/viewperson/104352/"
  },
  {
    "DayOfWeek": "Пятница",
    "StartTime": "2024-03-04T11:50:00",
    "EndTime": "2024-03-04T13:20:00",
    "WeekType": "Обе недели",
    "Classroom": "У 161",
    "Group": "20280",
    "Subject": "Математическая логика и теория алгоритмов",
    "InstructorName": "Ловягин Юрий Никитич",
    "InstructorLink": "https://www.smtu.ru/ru/viewperson/104352/"
  },
  {
    "DayOfWeek": "Пятница",
    "StartTime": "2024-03-04T14:00:00",
    "EndTime": "2024-03-04T15:30:00",
    "WeekType": "Обе недели",
    "Classroom": "У 435",
    "Group": "20280",
    "Subject": "Аппаратные средства вычислительной техники",
    "InstructorName": "Капонен Валерий Арвиевич",
    "InstructorLink": ""
  },
  {
    "DayOfWeek": "Пятница",
    "StartTime": "2024-03-04T15:40:00",
    "EndTime": "2024-03-04T17:10:00",
    "WeekType": "Нижняя неделя",
    "Classroom": "У 435",
    "Group": "20280",
    "Subject": "Аппаратные средства вычислительной техники",
    "InstructorName": "Капонен Валерий Арвиевич",
    "InstructorLink": ""
  },
  {
    "DayOfWeek": "Суббота",
    "StartTime": "2024-03-04T08:30:00",
    "EndTime": "2024-03-04T10:00:00",
    "WeekType": "Верхняя неделя",
    "Classroom": "У УЛК-06",
    "Group": "20280",
    "Subject": "Безопасность операционных систем",
    "InstructorName": "Гарькушев Александр Юрьевич",
    "InstructorLink": "https://www.smtu.ru/ru/viewperson/122911/"
  },
  {
    "DayOfWeek": "Суббота",
    "StartTime": "2024-03-04T08:30:00",
    "EndTime": "2024-03-04T10:00:00",
    "WeekType": "Нижняя неделя",
    "Classroom": "У УЛК-06",
    "Group": "20280",
    "Subject": "Защита информации от утечки по техническим каналам",
    "InstructorName": "Гарькушев Александр Юрьевич",
    "InstructorLink": "https://www.smtu.ru/ru/viewperson/122911/"
  },
  {
    "DayOfWeek": "Суббота",
    "StartTime": "2024-03-04T10:10:00",
    "EndTime": "2024-03-04T11:40:00",
    "WeekType": "Верхняя неделя",
    "Classroom": "У УЛК-06",
    "Group": "20280",
    "Subject": "Безопасность операционных систем",
    "InstructorName": "Гарькушев Александр Юрьевич",
    "InstructorLink": "https://www.smtu.ru/ru/viewperson/122911/"
  },
  {
    "DayOfWeek": "Суббота",
    "StartTime": "2024-03-04T10:10:00",
    "EndTime": "2024-03-04T11:40:00",
    "WeekType": "Нижняя неделя",
    "Classroom": "У 107",
    "Group": "20280",
    "Subject": "Дискретная математика",
    "InstructorName": "Володичева Маргарита Ивановна",
    "InstructorLink": "https://www.smtu.ru/ru/viewperson/100229/"
  },
  {
    "DayOfWeek": "Суббота",
    "StartTime": "2024-03-04T11:50:00",
    "EndTime": "2024-03-04T13:20:00",
    "WeekType": "Верхняя неделя",
    "Classroom": "У 105",
    "Group": "20280",
    "Subject": "Дискретная математика",
    "InstructorName": "Володичева Маргарита Ивановна",
    "InstructorLink": "https://www.smtu.ru/ru/viewperson/100229/"
  },
  {
    "DayOfWeek": "Суббота",
    "StartTime": "2024-03-04T11:50:00",
    "EndTime": "2024-03-04T13:20:00",
    "WeekType": "Нижняя неделя",
    "Classroom": "У каф.ФВ",
    "Group": "20280",
    "Subject": "Физическая культура и спорт (элективная)",
    "InstructorName": "",
    "InstructorLink": ""
  }
]