[
  {
    "DayOfWeek": "Понедельник",
    "StartTime": "2024-03-04T11:50:00",
    "EndTime": "2024-03-04T13:20:00",
    "WeekType": "Обе недели",
    "Classroom": "Б 505(2)",
    "Group": "20300",
    "Subject": "Методы вычислительной гидродинамики",
    "InstructorName": "Тряскин Никита Владимирович",
    "InstructorLink": ""
  },
  {
    "DayOfWeek": "Понедельник",
    "StartTime": "2024-03-04T14:00:00",
    "EndTime": "2024-03-04T15:30:00",
    "WeekType": "Обе недели",
    "Classroom": "Б 505(2)",
    "Group": "20300",
    "Subject": "Методы вычислительной гидродинамики",
    "InstructorName": "Тряскин Никита Владимирович",
    "InstructorLink": ""
  },
  {
    "DayOfWeek": "Вторник",
    "StartTime": "2024-03-04T08:30:00",
    "EndTime": "2024-03-04T10:00:00",
    "WeekType": "Верхняя неделя",
    "Classroom": "Б 511",
    "Group": "20300",
    "Subject": "Теория управления",
    "InstructorName": "Федорова Татьяна Александровна",
    "InstructorLink": "https://www.smtu.ru/ru/viewperson/101243/"
  },
  {
    "DayOfWeek": "Вторник",
    "StartTime": "2024-03-04T08:30:00",
    "EndTime": "2024-03-04T10:00:00",
    "WeekType": "Нижняя неделя",
    "Classroom": "Б 511",
    "Group": "20300",
    "Subject": "Теория управления",
    "InstructorName": "Федорова Татьяна Александровна",
    "InstructorLink": "https://www.smtu.ru/ru/viewperson/101243/"
  },
  {
    "DayOfWeek": "Вторник",
    "StartTime": "2024-03-04T10:10:00",
    "EndTime": "2024-03-04T11:40:00",
    "WeekType": "Верхняя неделя",
    "Classroom": "Б 511",
    "Group": "20300",
    "Subject": "Теория управления",
    "InstructorName": "Федорова Татьяна Александровна",
    "InstructorLink": "https://www.smtu.ru/ru/viewperson/101243/"
  },
  {
    "DayOfWeek": "Вторник",
    "StartTime": "2024-03-04T10:10:00",
    "EndTime": "2024-03-04T11:40:00",
    "WeekType": "Нижняя неделя",
    "Classroom": "Б 500",
    "Group": "20300",
    "Subject": "Математическое моделирование",
    "InstructorName": "Сафронов Кирилл Сергеевич",
    "InstructorLink": ""
  },
  {
    "DayOfWeek": "Вторник",
    "StartTime": "2024-03-04T11:50:00",
    "EndTime": "2024-03-04T13:20:00",
    "WeekType": "Обе недели",
    "Classroom": "Б 500",
    "Group": "20300",
    "Subject": "Математическое моделирование",
    "InstructorName": "Сафронов Кирилл Сергеевич",
    "InstructorLink": ""
  },
  {
    "DayOfWeek": "Вторник",
    "StartTime": "2024-03-04T14:00:00",
    "EndTime": "2024-03-04T15:30:00",
    "WeekType": "Обе недели",
    "Classroom": "Б 500",
    "Group": "20300",
    "Subject": "Математическое моделирование",
    "InstructorName": "Сафронов Кирилл Сергеевич",
    "InstructorLink": ""
  },
  {
    "DayOfWeek": "Среда",
    "StartTime": "2024-03-04T08:30:00",
    "EndTime": "2024-03-04T10:00:00",
    "WeekType": "Обе недели",
    "Classroom": "Б 500",
    "Group": "20300",
    "Subject": "Теория случайных процессов",
    "InstructorName": "Сафронов Кирилл Сергеевич",
    "InstructorLink": ""
  },
  {
    "DayOfWeek": "Среда",
    "StartTime": "2024-03-04T10:10:00",
    "EndTime": "2024-03-04T11:40:00",
    "WeekType": "Обе недели",
    "Classroom": "Б 500",
    "Group": "20300",
    "Subject": "Теория случайных процессов",
    "InstructorName": "Сафронов Кирилл Сергеевич",
    "InstructorLink": ""
  },
  {
    "DayOfWeek": "Среда",
    "StartTime": "2024-03-04T11:50:00",
    "EndTime": "2024-03-04T13:20:00",
    "WeekType": "Верхняя неделя",
    "Classroom": "Б 500",
    "Group": "20300",
    "Subject": "Численные методы",
    "InstructorName": "Хазанов Владимир Борисович",
    "InstructorLink": "https://www.smtu.ru/ru/viewperson/101267/"
  },
  {
    "DayOfWeek": "Среда",
    "StartTime": "2024-03-04T11:50:00",
    "EndTime": "2024-03-04T13:20:00",
    "WeekType": "Нижняя неделя",
    "Classroom": "Б 500",
    "Group": "20300",
    "Subject": "Численные методы",
    "InstructorName": "Хазанов Владимир Борисович",
    "InstructorLink": "https://www.smtu.ru/ru/viewperson/101267/"
  },
  {
    "DayOfWeek": "Среда",
    "StartTime": "2024-03-04T14:00:00",
    "EndTime": "2024-03-04T15:30:00",
    "WeekType": "Обе недели",
    "Classroom": "Б 500",
    "Group": "20300",
    "Subject": "Численные методы",
    "InstructorName": "Хазанов Владимир Борисович",
    "InstructorLink": "https://www.smtu.ru/ru/viewperson/101267/"
  },
  {
    "DayOfWeek": "Четверг",
    "StartTime": "2024-03-04T10:10:00",
    "EndTime": "2024-03-04T11:40:00",
    "WeekType": "Верхняя неделя",
    "Classroom": "У каф.ФВ",
    "Group": "20300",
    "Subject": "Физическая культура и спорт (элективная)",
    "InstructorName": "",
    "InstructorLink": ""
  },
  {
    "DayOfWeek": "Четверг",
    "StartTime": "2024-03-04T11:50:00",
    "EndTime": "2024-03-04T13:20:00",
    "WeekType": "Верхняя неделя",
    "Classroom": "У 534",
    "Group": "20300",
    "Subject": "Безопасность жизнедеятельности",
    "InstructorName": "Бронникова Лилия Васильевна",
    "InstructorLink": "https://www.smtu.ru/ru/viewperson/100159/"
  },
  {
    "DayOfWeek": "Четверг",
    "StartTime": "2024-03-04T14:00:00",
    "EndTime": "2024-03-04T15:30:00",
    "WeekType": "Верхняя неделя",
    "Classroom": "У 107",
    "Group": "20300",
    "Subject": "Безопасность жизнедеятельности",
    "InstructorName": "Бронникова Лилия Васильевна",
    "InstructorLink": "https://www.smtu.ru/ru/viewperson/100159/"
  },
  {
    "DayOfWeek": "Четверг",
    "StartTime": "2024-03-04T14:00:00",
    "EndTime": "2024-03-04T15:30:00",
    "WeekType": "Нижняя неделя",
    "Classroom": "У каф.ФВ",
    "Group": "20300",
    "Subject": "Физическая культура и спорт (элективная)",
    "InstructorName": "",
    "InstructorLink": ""
  },
  {
    "DayOfWeek": "Четверг",
    "StartTime": "2024-03-04T15:40:00",
    "EndTime": "2024-03-04T17:10:00",
    "WeekType": "Верхняя неделя",
    "Classroom": "У 407",
    "Group": "20300",
    "Subject": "Экономика",
    "InstructorName": "Янченко Арина Юрьевна",
    "InstructorLink": "https://www.smtu.ru/ru/viewperson/101396/"
  },
  {
    "DayOfWeek": "Четверг",
    "StartTime": "2024-03-04T15:40:00",
    "EndTime": "2024-03-04T17:10:00",
    "WeekType": "Нижняя неделя",
    "Classroom": "У 534",
    "Group": "20300",
    "Subject": "Безопасность жизнедеятельности",
    "InstructorName": "Бронникова Лилия Васильевна",
    "InstructorLink": "https://www.smtu.ru/ru/viewperson/100159/"
  },
  {
    "DayOfWeek": "Четверг",
    "StartTime": "2024-03-04T17:20:00",
    "EndTime": "2024-03-04T18:50:00",
    "WeekType": "Обе недели",
    "Classroom": "У 101",
    "Group": "20300",
    "Subject": "Экономика",
    "InstructorName": "Янченко Арина Юрьевна",
    "InstructorLink": "https://www.smtu.ru/ru/viewperson/101396/"
  },
  {
    "DayOfWeek": "Четверг",
    "StartTime": "2024-03-04T19:00:00",
    "EndTime": "2024-03-04T20:30:00",
    "WeekType": "Нижняя неделя",
    "Classroom": "У 209",
    "Group": "20300",
    "Subject": "Экономика",
    "InstructorName": "Янченко Арина Юрьевна",
    "InstructorLink": "https://www.smtu.ru/ru/viewperson/101396/"
  },
  {
    "DayOfWeek": "Пятница",
    "StartTime": "2024-03-04T08:30:00",
    "EndTime": "2024-03-04T10:00:00",
    "WeekType": "Обе недели",
    "Classroom": "А ВУЦ",
    "Group": "20300",
    "Subject": "Военная подготовка (офицеры запаса)",
    "InstructorName": "",
    "InstructorLink": ""
  },
  {
    "DayOfWeek": "Пятница",
    "StartTime": "2024-03-04T10:10:00",
    "EndTime": "2024-03-04T11:40:00",
    "WeekType": "Обе недели",
    "Classroom": "А ВУЦ",
    "Group": "20300",
    "Subject": "Военная подготовка (офицеры запаса)",
    "InstructorName": "",
    "InstructorLink": ""
  },
  {
    "DayOfWeek": "Пятница",
    "StartTime": "2024-03-04T11:50:00",
    "EndTime": "2024-03-04T13:20:00",
    "WeekType": "Обе недели",
    "Classroom": "А ВУЦ",
    "Group": "20300",
    "Subject": "Военная подготовка (офицеры запаса)",
    "InstructorName": "",
    "InstructorLink": ""
  }
]