[
  {
    "DayOfWeek": "Понедельник",
    "StartTime": "2024-03-04T08:30:00",
    "EndTime": "2024-03-04T10:00:00",
    "WeekType": "Нижняя неделя",
    "Classroom": "У 534",
    "Group": "20320",
    "Subject": "Безопасность жизнедеятельности",
    "InstructorName": "Бронникова Лилия Васильевна",
    "InstructorLink": "https://www.smtu.ru/ru/viewperson/100159/"
  },
  {
    "DayOfWeek": "Понедельник",
    "StartTime": "2024-03-04T10:10:00",
    "EndTime": "2024-03-04T11:40:00",
    "WeekType": "Обе недели",
    "Classroom": "У 504",
    "Group": "20320",
    "Subject": "Экономика",
    "InstructorName": "Кожина Елена Владимировна",
    "InstructorLink": "https://www.smtu.ru/ru/viewperson/123129/"
  },
  {
    "DayOfWeek": "Понедельник",
    "StartTime": "2024-03-04T11:50:00",
    "EndTime": "2024-03-04T13:20:00",
    "WeekType": "Обе недели",
    "Classroom": "У 504",
    "Group": "20320",
    "Subject": "Экономика",
    "InstructorName": "Кожина Елена Владимировна",
    "InstructorLink": "https://www.smtu.ru/ru/viewperson/123129/"
  },
  {
    "DayOfWeek": "Понедельник",
    "StartTime": "2024-03-04T14:00:00",
    "EndTime": "2024-03-04T15:30:00",
    "WeekType": "Верхняя неделя",
    "Classroom": "У 532",
    "Group": "20320",
    "Subject": "Безопасность жизнедеятельности",
    "InstructorName": "Бронникова Лилия Васильевна",
    "InstructorLink": "https://www.smtu.ru/ru/viewperson/100159/"
  },
  {
    "DayOfWeek": "Понедельник",
    "StartTime": "2024-03-04T14:00:00",
    "EndTime": "2024-03-04T15:30:00",
    "WeekType": "Нижняя неделя",
    "Classroom": "У 319",
    "Group": "20320",
    "Subject": "Механика управляемого движения роботов",
    "InstructorName": "Моисеев Илья Сергеевич",
    "InstructorLink": ""
  },
  {
    "DayOfWeek": "Понедельник",
    "StartTime": "2024-03-04T15:40:00",
    "EndTime": "2024-03-04T17:10:00",
    "WeekType": "Верхняя неделя",
    "Classroom": "У УЛК-13",
    "Group": "20320",
    "Subject": "Системы навигации автономных роботов",
    "InstructorName": "Воронцов Дмитрий Николаевич",
    "InstructorLink": "https://www.smtu.ru/ru/viewperson/102138/"
  },
  {
    "DayOfWeek": "Вторник",
    "StartTime": "2024-03-04T08:30:00",
    "EndTime": "2024-03-04T10:00:00",
    "WeekType": "Обе недели",
    "Classroom": "У УЛК-03",
    "Group": "20320",
    "Subject": "Приводы мехатронных и робототехнических систем",
    "InstructorName": "Гриценко Кристина Вадимовна",
    "InstructorLink": ""
  },
  {
    "DayOfWeek": "Вторник",
    "StartTime": "2024-03-04T10:10:00",
    "EndTime": "2024-03-04T11:40:00",
    "WeekType": "Верхняя неделя",
    "Classroom": "У УЛК-03",
    "Group": "20320",
    "Subject": "Приводы мехатронных и робототехнических систем",
    "InstructorName": "Гриценко Кристина Вадимовна",
    "InstructorLink": ""
  },
  {
    "DayOfWeek": "Вторник",
    "StartTime": "2024-03-04T10:10:00",
    "EndTime": "2024-03-04T11:40:00",
    "WeekType": "Нижняя неделя",
    "Classroom": "У УЛК-03",
    "Group": "20320",
    "Subject": "Приводы мехатронных и робототехнических систем",
    "InstructorName": "Гриценко Кристина Вадимовна",
    "InstructorLink": ""
  },
  {
    "DayOfWeek": "Вторник",
    "StartTime": "2024-03-04T11:50:00",
    "EndTime": "2024-03-04T13:20:00",
    "WeekType": "Нижняя неделя",
    "Classroom": "У 316",
    "Group": "20320",
    "Subject": "Механика управляемого движения роботов",
    "InstructorName": "Моисеев Илья Сергеевич",
    "InstructorLink": ""
  },
  {
    "DayOfWeek": "Вторник",
    "StartTime": "2024-03-04T14:00:00",
    "EndTime": "2024-03-04T15:30:00",
    "WeekType": "Нижняя неделя",
    "Classroom": "У 316",
    "Group": "20320",
    "Subject": "Механика управляемого движения роботов",
    "InstructorName": "Моисеев Илья Сергеевич",
    "InstructorLink": ""
  },
  {
    "DayOfWeek": "Среда",
    "StartTime": "2024-03-04T14:00:00",
    "EndTime": "2024-03-04T15:30:00",
    "WeekType": "Обе недели",
    "Classroom": "У каф.ФВ",
    "Group": "20320",
    "Subject": "Физическая культура и спорт (элективная)",
    "InstructorName": "",
    "InstructorLink": ""
  },
  {
    "DayOfWeek": "Среда",
    "StartTime": "2024-03-04T15:40:00",
    "EndTime": "2024-03-04T17:10:00",
    "WeekType": "Обе недели",
    "Classroom": "У 318",
    "Group": "20320",
    "Subject": "Человеко-машинные интерфейсы",
    "InstructorName": "Минин Максим Сергеевич",
    "InstructorLink": ""
  },
  {
    "DayOfWeek": "Среда",
    "StartTime": "2024-03-04T17:20:00",
    "EndTime": "2024-03-04T18:50:00",
    "WeekType": "Обе недели",
    "Classroom": "У 318",
    "Group": "20320",
    "Subject": "Человеко-машинные интерфейсы",
    "InstructorName": "Минин Максим Сергеевич",
    "InstructorLink": ""
  },
  {
    "DayOfWeek": "Четверг",
    "StartTime": "2024-03-04T08:30:00",
    "EndTime": "2024-03-04T10:00:00",
    "WeekType": "Обе недели",
    "Classroom": "У каф.ФВ",
    "Group": "20320",
    "Subject": "Физическая культура и спорт (элективная)",
    "InstructorName": "",
    "InstructorLink": ""
  },
  {
    "DayOfWeek": "Четверг",
    "StartTime": "2024-03-04T10:10:00",
    "EndTime": "2024-03-04T11:40:00",
    "WeekType": "Обе недели",
    "Classroom": "У 316",
    "Group": "20320",
    "Subject": "Современная теория автоматического управления",
    "InstructorName": "Портнов Иван Максимович",
    "InstructorLink": ""
  },
  {
    "DayOfWeek": "Четверг",
    "StartTime": "2024-03-04T11:50:00",
    "EndTime": "2024-03-04T13:20:00",
    "WeekType": "Верхняя неделя",
    "Classroom": "У 318",
    "Group": "20320",
    "Subject": "Современная теория автоматического управления",
    "InstructorName": "Портнов Иван Максимович",
    "InstructorLink": ""
  },
  {
    "DayOfWeek": "Четверг",
    "StartTime": "2024-03-04T11:50:00",
    "EndTime": "2024-03-04T13:20:00",
    "WeekType": "Нижняя неделя",
    "Classroom": "У 316",
    "Group": "20320",
    "Subject": "Современная теория автоматического управления",
    "InstructorName": "Портнов Иван Максимович",
    "InstructorLink": ""
  },
  {
    "DayOfWeek": "Четверг",
    "StartTime": "2024-03-04T14:00:00",
    "EndTime": "2024-03-04T15:30:00",
    "WeekType": "Верхняя неделя",
    "Classroom": "У 107",
    "Group": "20320",
    "Subject": "Безопасность жизнедеятельности",
    "InstructorName": "Бронникова Лилия Васильевна",
    "InstructorLink": "https://www.smtu.ru/ru/viewperson/100159/"
  },
  {
    "DayOfWeek": "Четверг",
    "StartTime": "2024-03-04T14:00:00",
    "EndTime": "2024-03-04T15:30:00",
    "WeekType": "Нижняя неделя",
    "Classroom": "У 318",
    "Group": "20320",
    "Subject": "Современная теория автоматического управления",
    "InstructorName": "Портнов Иван Максимович",
    "InstructorLink": ""
  },
  {
    "DayOfWeek": "Четверг",
    "StartTime": "2024-03-04T15:40:00",
    "EndTime": "2024-03-04T17:10:00",
    "WeekType": "Верхняя неделя",
    "Classroom": "У УЛК-13",
    "Group": "20320",
    "Subject": "Системы навигации автономных роботов",
    "InstructorName": "Воронцов Дмитрий Николаевич",
    "InstructorLink": "https://www.smtu.ru/ru/viewperson/102138/"
  },
  {
    "DayOfWeek": "Четверг",
    "StartTime": "2024-03-04T15:40:00",
    "EndTime": "2024-03-04T17:10:00",
    "WeekType": "Нижняя неделя",
    "Classroom": "У УЛК-13",
    "Group": "20320",
    "Subject": "Системы навигации автономных роботов",
    "InstructorName": "Воронцов Дмитрий Николаевич",
    "InstructorLink": "https://www.smtu.ru/ru/viewperson/102138/"
  },
  {
    "DayOfWeek": "Пятница",
    "StartTime": "2024-03-04T08:30:00",
    "EndTime": "2024-03-04T10:00:00",
    "WeekType": "Обе недели",
    "Classroom": "А ВУЦ",
    "Group": "20320",
    "Subject": "Военная подготовка (офицеры запаса)",
    "InstructorName": "",
    "InstructorLink": ""
  },
  {
    "DayOfWeek": "Пятница",
    "StartTime": "2024-03-04T10:10:00",
    "EndTime": "2024-03-04T11:40:00",
    "WeekType": "Обе недели",
    "Classroom": "А ВУЦ",
    "Group": "20320",
    "Subject": "Военная подготовка (офицеры запаса)",
    "InstructorName": "",
    "InstructorLink": ""
  },
  {
    "DayOfWeek": "Пятница",
    "StartTime": "2024-03-04T11:50:00",
    "EndTime": "2024-03-04T13:20:00",
    "WeekType": "Обе недели",
    "Classroom": "А ВУЦ",
    "Group": "20320",
    "Subject": "Военная подготовка (офицеры запаса)",
    "InstructorName": "",
    "InstructorLink": ""
  }
]