[
  {
    "DayOfWeek": "Понедельник",
    "StartTime": "2024-03-04T08:30:00",
    "EndTime": "2024-03-04T10:00:00",
    "WeekType": "Верхняя неделя",
    "Classroom": "У 103",
    "Group": "20321",
    "Subject": "Безопасность жизнедеятельности",
    "InstructorName": "Бронникова Лилия Васильевна",
    "InstructorLink": "https://www.smtu.ru/ru/viewperson/100159/"
  },
  {
    "DayOfWeek": "Понедельник",
    "StartTime": "2024-03-04T08:30:00",
    "EndTime": "2024-03-04T10:00:00",
    "WeekType": "Нижняя неделя",
    "Classroom": "У каф.ФВ",
    "Group": "20321",
    "Subject": "Физическая культура и спорт (элективная)",
    "InstructorName": "",
    "InstructorLink": ""
  },
  {
    "DayOfWeek": "Понедельник",
    "StartTime": "2024-03-04T10:10:00",
    "EndTime": "2024-03-04T11:40:00",
    "WeekType": "Обе недели",
    "Classroom": "У 504",
    "Group": "20321",
    "Subject": "Экономика",
    "InstructorName": "Кожина Елена Владимировна",
    "InstructorLink": "https://www.smtu.ru/ru/viewperson/123129/"
  },
  {
    "DayOfWeek": "Понедельник",
    "StartTime": "2024-03-04T11:50:00",
    "EndTime": "2024-03-04T13:20:00",
    "WeekType": "Верхняя неделя",
    "Classroom": "У УЛК-13",
    "Group": "20321",
    "Subject": "Автономные киберфизические системы",
    "InstructorName": "Воронцов Дмитрий Николаевич",
    "InstructorLink": "https://www.smtu.ru/ru/viewperson/102138/"
  },
  {
    "DayOfWeek": "Понедельник",
    "StartTime": "2024-03-04T11:50:00",
    "EndTime": "2024-03-04T13:20:00",
    "WeekType": "Нижняя неделя",
    "Classroom": "У 534",
    "Group": "20321",
    "Subject": "Безопасность жизнедеятельности",
    "InstructorName": "Бокатов Антон Юрьевич",
    "InstructorLink": "https://www.smtu.ru/ru/viewperson/100134/"
  },
  {
    "DayOfWeek": "Понедельник",
    "StartTime": "2024-03-04T14:00:00",
    "EndTime": "2024-03-04T15:30:00",
    "WeekType": "Верхняя неделя",
    "Classroom": "У УЛК-13",
    "Group": "20321",
    "Subject": "Автономные киберфизические системы",
    "InstructorName": "Воронцов Дмитрий Николаевич",
    "InstructorLink": "https://www.smtu.ru/ru/viewperson/102138/"
  },
  {
    "DayOfWeek": "Понедельник",
    "StartTime": "2024-03-04T14:00:00",
    "EndTime": "2024-03-04T15:30:00",
    "WeekType": "Нижняя неделя",
    "Classroom": "У 532",
    "Group": "20321",
    "Subject": "Безопасность жизнедеятельности",
    "InstructorName": "Бронникова Лилия Васильевна",
    "InstructorLink": "https://www.smtu.ru/ru/viewperson/100159/"
  },
  {
    "DayOfWeek": "Понедельник",
    "StartTime": "2024-03-04T15:40:00",
    "EndTime": "2024-03-04T17:10:00",
    "WeekType": "Верхняя неделя",
    "Classroom": "У каф.ФВ",
    "Group": "20321",
    "Subject": "Физическая культура и спорт (элективная)",
    "InstructorName": "",
    "InstructorLink": ""
  },
  {
    "DayOfWeek": "Вторник",
    "StartTime": "2024-03-04T08:30:00",
    "EndTime": "2024-03-04T10:00:00",
    "WeekType": "Обе недели",
    "Classroom": "У 319",
    "Group": "20321",
    "Subject": "ЭВМ и периферийные устройства",
    "InstructorName": "Минин Максим Сергеевич",
    "InstructorLink": ""
  },
  {
    "DayOfWeek": "Вторник",
    "StartTime": "2024-03-04T10:10:00",
    "EndTime": "2024-03-04T11:40:00",
    "WeekType": "Обе недели",
    "Classroom": "У 319",
    "Group": "20321",
    "Subject": "ЭВМ и периферийные устройства",
    "InstructorName": "Минин Максим Сергеевич",
    "InstructorLink": ""
  },
  {
    "DayOfWeek": "Вторник",
    "StartTime": "2024-03-04T11:50:00",
    "EndTime": "2024-03-04T13:20:00",
    "WeekType": "Верхняя неделя",
    "Classroom": "У 319",
    "Group": "20321",
    "Subject": "ЭВМ и периферийные устройства",
    "InstructorName": "Минин Максим Сергеевич",
    "InstructorLink": ""
  },
  {
    "DayOfWeek": "Вторник",
    "StartTime": "2024-03-04T11:50:00",
    "EndTime": "2024-03-04T13:20:00",
    "WeekType": "Нижняя неделя",
    "Classroom": "У 319",
    "Group": "20321",
    "Subject": "Программное обеспечение киберфизических систем",
    "InstructorName": "Портнов Иван Максимович",
    "InstructorLink": ""
  },
  {
    "DayOfWeek": "Вторник",
    "StartTime": "2024-03-04T14:00:00",
    "EndTime": "2024-03-04T15:30:00",
    "WeekType": "Обе недели",
    "Classroom": "У 319",
    "Group": "20321",
    "Subject": "Программное обеспечение киберфизических систем",
    "InstructorName": "Портнов Иван Максимович",
    "InstructorLink": ""
  },
  {
    "DayOfWeek": "Вторник",
    "StartTime": "2024-03-04T15:40:00",
    "EndTime": "2024-03-04T17:10:00",
    "WeekType": "Обе недели",
    "Classroom": "У каф.ФВ",
    "Group": "20321",
    "Subject": "Физическая культура и спорт (элективная)",
    "InstructorName": "",
    "InstructorLink": ""
  },
  {
    "DayOfWeek": "Среда",
    "StartTime": "2024-03-04T10:10:00",
    "EndTime": "2024-03-04T11:40:00",
    "WeekType": "Обе недели",
    "Classroom": "У 316",
    "Group": "20321",
    "Subject": "Современные методы вычислительной математики",
    "InstructorName": "Моисеев Илья Сергеевич",
    "InstructorLink": ""
  },
  {
    "DayOfWeek": "Среда",
    "StartTime": "2024-03-04T11:50:00",
    "EndTime": "2024-03-04T13:20:00",
    "WeekType": "Верхняя неделя",
    "Classroom": "У 316",
    "Group": "20321",
    "Subject": "Современные методы вычислительной математики",
    "InstructorName": "Моисеев Илья Сергеевич",
    "InstructorLink": ""
  },
  {
    "DayOfWeek": "Среда",
    "StartTime": "2024-03-04T11:50:00",
    "EndTime": "2024-03-04T13:20:00",
    "WeekType": "Нижняя неделя",
    "Classroom": "У 316",
    "Group": "20321",
    "Subject": "Современные методы вычислительной математики",
    "InstructorName": "Моисеев Илья Сергеевич",
    "InstructorLink": ""
  },
  {
    "DayOfWeek": "Среда",
    "StartTime": "2024-03-04T14:00:00",
    "EndTime": "2024-03-04T15:30:00",
    "WeekType": "Верхняя неделя",
    "Classroom": "У 319",
    "Group": "20321",
    "Subject": "Системы сбора и передачи данных",
    "InstructorName": "Черный Сергей Григорьевич",
    "InstructorLink": ""
  },
  {
    "DayOfWeek": "Среда",
    "StartTime": "2024-03-04T14:00:00",
    "EndTime": "2024-03-04T15:30:00",
    "WeekType": "Нижняя неделя",
    "Classroom": "У 316",
    "Group": "20321",
    "Subject": "Системы сбора и передачи данных",
    "InstructorName": "Черный Сергей Григорьевич",
    "InstructorLink": ""
  },
  {
    "DayOfWeek": "Среда",
    "StartTime": "2024-03-04T15:40:00",
    "EndTime": "2024-03-04T17:10:00",
    "WeekType": "Нижняя неделя",
    "Classroom": "У 319",
    "Group": "20321",
    "Subject": "Системы сбора и передачи данных",
    "InstructorName": "Черный Сергей Григорьевич",
    "InstructorLink": ""
  },
  {
    "DayOfWeek": "Четверг",
    "StartTime": "2024-03-04T14:00:00",
    "EndTime": "2024-03-04T15:30:00",
    "WeekType": "Верхняя неделя",
    "Classroom": "У 511",
    "Group": "20321",
    "Subject": "Экономика",
    "InstructorName": "Кожина Елена Владимировна",
    "InstructorLink": "https://www.smtu.ru/ru/viewperson/123129/"
  },
  {
    "DayOfWeek": "Четверг",
    "StartTime": "2024-03-04T14:00:00",
    "EndTime": "2024-03-04T15:30:00",
    "WeekType": "Нижняя неделя",
    "Classroom": "У 514",
    "Group": "20321",
    "Subject": "Экономика",
    "InstructorName": "Кожина Елена Владимировна",
    "InstructorLink": "https://www.smtu.ru/ru/viewperson/123129/"
  },
  {
    "DayOfWeek": "Четверг",
    "StartTime": "2024-03-04T15:40:00",
    "EndTime": "2024-03-04T17:10:00",
    "WeekType": "Обе недели",
    "Classroom": "У 318",
    "Group": "20321",
    "Subject": "Прикладная информатика",
    "InstructorName": "Царева Полина Евгеньевна",
    "InstructorLink": ""
  },
  {
    "DayOfWeek": "Четверг",
    "StartTime": "2024-03-04T17:20:00",
    "EndTime": "2024-03-04T18:50:00",
    "WeekType": "Обе недели",
    "Classroom": "У 319",
    "Group": "20321",
    "Subject": "Облачные технологии",
    "InstructorName": "Черный Сергей Григорьевич",
    "InstructorLink": ""
  },
  {
    "DayOfWeek": "Четверг",
    "StartTime": "2024-03-04T19:00:00",
    "EndTime": "2024-03-04T20:30:00",
    "WeekType": "Верхняя неделя",
    "Classroom": "У 319",
    "Group": "20321",
    "Subject": "Облачные технологии",
    "InstructorName": "Черный Сергей Григорьевич",
    "InstructorLink": ""
  },
  {
    "DayOfWeek": "Пятница",
    "StartTime": "2024-03-04T08:30:00",
    "EndTime": "2024-03-04T10:00:00",
    "WeekType": "Обе недели",
    "Classroom": "А ВУЦ",
    "Group": "20321",
    "Subject": "Военная подготовка (офицеры запаса)",
    "InstructorName": "",
    "InstructorLink": ""
  },
  {
    "DayOfWeek": "Пятница",
    "StartTime": "2024-03-04T10:10:00",
    "EndTime": "2024-03-04T11:40:00",
    "WeekType": "Обе недели",
    "Classroom": "А ВУЦ",
    "Group": "20321",
    "Subject": "Военная подготовка (офицеры запаса)",
    "InstructorName": "",
    "InstructorLink": ""
  },
  {
    "DayOfWeek": "Пятница",
    "StartTime": "2024-03-04T11:50:00",
    "EndTime": "2024-03-04T13:20:00",
    "WeekType": "Обе недели",
    "Classroom": "А ВУЦ",
    "Group": "20321",
    "Subject": "Военная подготовка (офицеры запаса)",
    "InstructorName": "",
    "InstructorLink": ""
  },
  {
    "DayOfWeek": "Суббота",
    "StartTime": "2024-03-04T11:50:00",
    "EndTime": "2024-03-04T13:20:00",
    "WeekType": "Нижняя неделя",
    "Classroom": "У 318",
    "Group": "20321",
    "Subject": "Прикладная информатика",
    "InstructorName": "Гнездилов Владислав Юрьевич",
    "InstructorLink": ""
  },
  {
    "DayOfWeek": "Суббота",
    "StartTime": "2024-03-04T14:00:00",
    "EndTime": "2024-03-04T15:30:00",
    "WeekType": "Нижняя неделя",
    "Classroom": "У 318",
    "Group": "20321",
    "Subject": "Прикладная информатика",
    "InstructorName": "Гнездилов Владислав Юрьевич",
    "InstructorLink": ""
  }
]