[
  {
    "DayOfWeek": "Понедельник",
    "StartTime": "2024-03-04T08:30:00",
    "EndTime": "2024-03-04T10:00:00",
    "WeekType": "Обе недели",
    "Classroom": "Б 503",
    "Group": "20350",
    "Subject": "Методы оптимизации",
    "InstructorName": "Федорова Татьяна Александровна",
    "InstructorLink": "https://www.smtu.ru/ru/viewperson/101243/"
  },
  {
    "DayOfWeek": "Понедельник",
    "StartTime": "2024-03-04T10:10:00",
    "EndTime": "2024-03-04T11:40:00",
    "WeekType": "Обе недели",
    "Classroom": "Б 503",
    "Group": "20350",
    "Subject": "Методы оптимизации",
    "InstructorName": "Федорова Татьяна Александровна",
    "InstructorLink": "https://www.smtu.ru/ru/viewperson/101243/"
  },
  {
    "DayOfWeek": "Понедельник",
    "StartTime": "2024-03-04T11:50:00",
    "EndTime": "2024-03-04T13:20:00",
    "WeekType": "Верхняя неделя",
    "Classroom": "Б 503",
    "Group": "20350",
    "Subject": "Методы оптимизации",
    "InstructorName": "Федорова Татьяна Александровна",
    "InstructorLink": "https://www.smtu.ru/ru/viewperson/101243/"
  },
  {
    "DayOfWeek": "Вторник",
    "StartTime": "2024-03-04T08:30:00",
    "EndTime": "2024-03-04T10:00:00",
    "WeekType": "Верхняя неделя",
    "Classroom": "У 167",
    "Group": "20350",
    "Subject": "Безопасность жизнедеятельности",
    "InstructorName": "Бронникова Лилия Васильевна",
    "InstructorLink": "https://www.smtu.ru/ru/viewperson/100159/"
  },
  {
    "DayOfWeek": "Вторник",
    "StartTime": "2024-03-04T10:10:00",
    "EndTime": "2024-03-04T11:40:00",
    "WeekType": "Верхняя неделя",
    "Classroom": "У 511",
    "Group": "20350",
    "Subject": "Экономика",
    "InstructorName": "Янченко Арина Юрьевна",
    "InstructorLink": "https://www.smtu.ru/ru/viewperson/101396/"
  },
  {
    "DayOfWeek": "Вторник",
    "StartTime": "2024-03-04T10:10:00",
    "EndTime": "2024-03-04T11:40:00",
    "WeekType": "Нижняя неделя",
    "Classroom": "У каф.ФВ",
    "Group": "20350",
    "Subject": "Физическая культура и спорт (элективная)",
    "InstructorName": "",
    "InstructorLink": ""
  },
  {
    "DayOfWeek": "Вторник",
    "StartTime": "2024-03-04T11:50:00",
    "EndTime": "2024-03-04T13:20:00",
    "WeekType": "Верхняя неделя",
    "Classroom": "У 518",
    "Group": "20350",
    "Subject": "Экономика",
    "InstructorName": "Янченко Арина Юрьевна",
    "InstructorLink": "https://www.smtu.ru/ru/viewperson/101396/"
  },
  {
    "DayOfWeek": "Вторник",
    "StartTime": "2024-03-04T11:50:00",
    "EndTime": "2024-03-04T13:20:00",
    "WeekType": "Нижняя неделя",
    "Classroom": "У 534",
    "Group": "20350",
    "Subject": "Безопасность жизнедеятельности",
    "InstructorName": "Бронникова Лилия Васильевна",
    "InstructorLink": "https://www.smtu.ru/ru/viewperson/100159/"
  },
  {
    "DayOfWeek": "Вторник",
    "StartTime": "2024-03-04T14:00:00",
    "EndTime": "2024-03-04T15:30:00",
    "WeekType": "Верхняя неделя",
    "Classroom": "У каф.ФВ",
    "Group": "20350",
    "Subject": "Физическая культура и спорт (элективная)",
    "InstructorName": "",
    "InstructorLink": ""
  },
  {
    "DayOfWeek": "Вторник",
    "StartTime": "2024-03-04T14:00:00",
    "EndTime": "2024-03-04T15:30:00",
    "WeekType": "Нижняя неделя",
    "Classroom": "У 534",
    "Group": "20350",
    "Subject": "Безопасность жизнедеятельности",
    "InstructorName": "Бронникова Лилия Васильевна",
    "InstructorLink": "https://www.smtu.ru/ru/viewperson/100159/"
  },
  {
    "DayOfWeek": "Среда",
    "StartTime": "2024-03-04T10:10:00",
    "EndTime": "2024-03-04T11:40:00",
    "WeekType": "Обе недели",
    "Classroom": "Б 510",
    "Group": "20350",
    "Subject": "ЭВМ и периферийные устройства",
    "InstructorName": "Галушин Сергей Яковлевич",
    "InstructorLink": ""
  },
  {
    "DayOfWeek": "Среда",
    "StartTime": "2024-03-04T11:50:00",
    "EndTime": "2024-03-04T13:20:00",
    "WeekType": "Верхняя неделя",
    "Classroom": "Б 510",
    "Group": "20350",
    "Subject": "ЭВМ и периферийные устройства",
    "InstructorName": "Галушин Сергей Яковлевич",
    "InstructorLink": ""
  },
  {
    "DayOfWeek": "Среда",
    "StartTime": "2024-03-04T11:50:00",
    "EndTime": "2024-03-04T13:20:00",
    "WeekType": "Нижняя неделя",
    "Classroom": "Б 415",
    "Group": "20350",
    "Subject": "ЭВМ и периферийные устройства",
    "InstructorName": "Павлов Павел Валентинович",
    "InstructorLink": ""
  },
  {
    "DayOfWeek": "Среда",
    "StartTime": "2024-03-04T14:00:00",
    "EndTime": "2024-03-04T15:30:00",
    "WeekType": "Нижняя неделя",
    "Classroom": "Б 415",
    "Group": "20350",
    "Subject": "ЭВМ и периферийные устройства",
    "InstructorName": "Павлов Павел Валентинович",
    "InstructorLink": ""
  },
  {
    "DayOfWeek": "Четверг",
    "StartTime": "2024-03-04T10:10:00",
    "EndTime": "2024-03-04T11:40:00",
    "WeekType": "Нижняя неделя",
    "Classroom": "У каф.ФВ",
    "Group": "20350",
    "Subject": "Физическая культура и спорт (элективная)",
    "InstructorName": "",
    "InstructorLink": ""
  },
  {
    "DayOfWeek": "Четверг",
    "StartTime": "2024-03-04T11:50:00",
    "EndTime": "2024-03-04T13:20:00",
    "WeekType": "Верхняя неделя",
    "Classroom": "У 434",
    "Group": "20350",
    "Subject": "Проектирование процессов",
    "InstructorName": "Дышкантюк Александр Владимирович",
    "InstructorLink": "https://www.smtu.ru/ru/viewperson/123155/"
  },
  {
    "DayOfWeek": "Четверг",
    "StartTime": "2024-03-04T11:50:00",
    "EndTime": "2024-03-04T13:20:00",
    "WeekType": "Нижняя неделя",
    "Classroom": "У 434",
    "Group": "20350",
    "Subject": "Проектирование процессов",
    "InstructorName": "Дышкантюк Александр Владимирович",
    "InstructorLink": "https://www.smtu.ru/ru/viewperson/123155/"
  },
  {
    "DayOfWeek": "Четверг",
    "StartTime": "2024-03-04T14:00:00",
    "EndTime": "2024-03-04T15:30:00",
    "WeekType": "Верхняя неделя",
    "Classroom": "У 439",
    "Group": "20350",
    "Subject": "Теория систем и системный анализ",
    "InstructorName": "Журава Владимир Макарович",
    "InstructorLink": "https://www.smtu.ru/ru/viewperson/100398/"
  },
  {
    "DayOfWeek": "Четверг",
    "StartTime": "2024-03-04T14:00:00",
    "EndTime": "2024-03-04T15:30:00",
    "WeekType": "Нижняя неделя",
    "Classroom": "У 205-205a",
    "Group": "20350",
    "Subject": "Проектирование судов с использованием когнитивных технологий",
    "InstructorName": "Липис Алексей Викторович",
    "InstructorLink": "https://www.smtu.ru/ru/viewperson/100677/"
  },
  {
    "DayOfWeek": "Четверг",
    "StartTime": "2024-03-04T15:40:00",
    "EndTime": "2024-03-04T17:10:00",
    "WeekType": "Обе недели",
    "Classroom": "У 439",
    "Group": "20350",
    "Subject": "Теория систем и системный анализ",
    "InstructorName": "Журава Владимир Макарович",
    "InstructorLink": "https://www.smtu.ru/ru/viewperson/100398/"
  },
  {
    "DayOfWeek": "Четверг",
    "StartTime": "2024-03-04T17:20:00",
    "EndTime": "2024-03-04T18:50:00",
    "WeekType": "Обе недели",
    "Classroom": "У 101",
    "Group": "20350",
    "Subject": "Экономика",
    "InstructorName": "Янченко Арина Юрьевна",
    "InstructorLink": "https://www.smtu.ru/ru/viewperson/101396/"
  },
  {
    "DayOfWeek": "Пятница",
    "StartTime": "2024-03-04T10:10:00",
    "EndTime": "2024-03-04T11:40:00",
    "WeekType": "Верхняя неделя",
    "Classroom": "У каф.ФВ",
    "Group": "20350",
    "Subject": "Физическая культура и спорт (элективная)",
    "InstructorName": "",
    "InstructorLink": ""
  },
  {
    "DayOfWeek": "Пятница",
    "StartTime": "2024-03-04T10:10:00",
    "EndTime": "2024-03-04T11:40:00",
    "WeekType": "Нижняя неделя",
    "Classroom": "У 415",
    "Group": "20350",
    "Subject": "Управление цифровым предприятием",
    "InstructorName": "Липис Алексей Викторович",
    "InstructorLink": "https://www.smtu.ru/ru/viewperson/100677/"
  },
  {
    "DayOfWeek": "Пятница",
    "StartTime": "2024-03-04T11:50:00",
    "EndTime": "2024-03-04T13:20:00",
    "WeekType": "Обе недели",
    "Classroom": "У 415",
    "Group": "20350",
    "Subject": "Управление цифровым предприятием",
    "InstructorName": "Липис Алексей Викторович",
    "InstructorLink": "https://www.smtu.ru/ru/viewperson/100677/"
  },
  {
    "DayOfWeek": "Пятница",
    "StartTime": "2024-03-04T14:00:00",
    "EndTime": "2024-03-04T15:30:00",
    "WeekType": "Обе недели",
    "Classroom": "У 439",
    "Group": "20350",
    "Subject": "Анализ больших данных",
    "InstructorName": "Ведерников Юрий Вадимович",
    "InstructorLink": "https://www.smtu.ru/ru/viewperson/123303/"
  },
  {
    "DayOfWeek": "Пятница",
    "StartTime": "2024-03-04T15:40:00",
    "EndTime": "2024-03-04T17:10:00",
    "WeekType": "Обе недели",
    "Classroom": "У 439",
    "Group": "20350",
    "Subject": "Анализ больших данных",
    "InstructorName": "Ведерников Юрий Вадимович",
    "InstructorLink": "https://www.smtu.ru/ru/viewperson/123303/"
  }
]