[
  {
    "DayOfWeek": "Понедельник",
    "StartTime": "2024-03-04T10:10:00",
    "EndTime": "2024-03-04T11:40:00",
    "WeekType": "Обе недели",
    "Classroom": "У каф.ФВ",
    "Group": "20371",
    "Subject": "Физическая культура и спорт (элективная)",
    "InstructorName": "",
    "InstructorLink": ""
  },
  {
    "DayOfWeek": "Понедельник",
    "StartTime": "2024-03-04T11:50:00",
    "EndTime": "2024-03-04T13:20:00",
    "WeekType": "Обе недели",
    "Classroom": "У 301",
    "Group": "20371",
    "Subject": "Теоретическая физика",
    "InstructorName": "Ларионов Николай Владимирович",
    "InstructorLink": "https://www.smtu.ru/ru/viewperson/104846/"
  },
  {
    "DayOfWeek": "Понедельник",
    "StartTime": "2024-03-04T14:00:00",
    "EndTime": "2024-03-04T15:30:00",
    "WeekType": "Обе недели",
    "Classroom": "У 301",
    "Group": "20371",
    "Subject": "Теоретическая физика",
    "InstructorName": "Ларионов Николай Владимирович",
    "InstructorLink": "https://www.smtu.ru/ru/viewperson/104846/"
  },
  {
    "DayOfWeek": "Вторник",
    "StartTime": "2024-03-04T08:30:00",
    "EndTime": "2024-03-04T10:00:00",
    "WeekType": "Верхняя неделя",
    "Classroom": "У 167",
    "Group": "20371",
    "Subject": "Безопасность жизнедеятельности",
    "InstructorName": "Бронникова Лилия Васильевна",
    "InstructorLink": "https://www.smtu.ru/ru/viewperson/100159/"
  },
  {
    "DayOfWeek": "Вторник",
    "StartTime": "2024-03-04T08:30:00",
    "EndTime": "2024-03-04T10:00:00",
    "WeekType": "Нижняя неделя",
    "Classroom": "У каф.ФВ",
    "Group": "20371",
    "Subject": "Физическая культура и спорт (элективная)",
    "InstructorName": "",
    "InstructorLink": ""
  },
  {
    "DayOfWeek": "Вторник",
    "StartTime": "2024-03-04T10:10:00",
    "EndTime": "2024-03-04T11:40:00",
    "WeekType": "Верхняя неделя",
    "Classroom": "У 511",
    "Group": "20371",
    "Subject": "Экономика",
    "InstructorName": "Янченко Арина Юрьевна",
    "InstructorLink": "https://www.smtu.ru/ru/viewperson/101396/"
  },
  {
    "DayOfWeek": "Вторник",
    "StartTime": "2024-03-04T10:10:00",
    "EndTime": "2024-03-04T11:40:00",
    "WeekType": "Нижняя неделя",
    "Classroom": "У УИК104",
    "Group": "20371",
    "Subject": "Лазерные технологии обработки материалов",
    "InstructorName": "Цибульский Игорь Александрович",
    "InstructorLink": "https://www.smtu.ru/ru/viewperson/106209/"
  },
  {
    "DayOfWeek": "Вторник",
    "StartTime": "2024-03-04T11:50:00",
    "EndTime": "2024-03-04T13:20:00",
    "WeekType": "Верхняя неделя",
    "Classroom": "У 518",
    "Group": "20371",
    "Subject": "Экономика",
    "InstructorName": "Янченко Арина Юрьевна",
    "InstructorLink": "https://www.smtu.ru/ru/viewperson/101396/"
  },
  {
    "DayOfWeek": "Вторник",
    "StartTime": "2024-03-04T11:50:00",
    "EndTime": "2024-03-04T13:20:00",
    "WeekType": "Нижняя неделя",
    "Classroom": "У 534",
    "Group": "20371",
    "Subject": "Безопасность жизнедеятельности",
    "InstructorName": "Бронникова Лилия Васильевна",
    "InstructorLink": "https://www.smtu.ru/ru/viewperson/100159/"
  },
  {
    "DayOfWeek": "Вторник",
    "StartTime": "2024-03-04T14:00:00",
    "EndTime": "2024-03-04T15:30:00",
    "WeekType": "Верхняя неделя",
    "Classroom": "У 534",
    "Group": "20371",
    "Subject": "Безопасность жизнедеятельности",
    "InstructorName": "Бронникова Лилия Васильевна",
    "InstructorLink": "https://www.smtu.ru/ru/viewperson/100159/"
  },
  {
    "DayOfWeek": "Вторник",
    "StartTime": "2024-03-04T14:00:00",
    "EndTime": "2024-03-04T15:30:00",
    "WeekType": "Нижняя неделя",
    "Classroom": "У УИК207",
    "Group": "20371",
    "Subject": "Лазерные технологии обработки материалов",
    "InstructorName": "Цибульский Игорь Александрович",
    "InstructorLink": "https://www.smtu.ru/ru/viewperson/106209/"
  },
  {
    "DayOfWeek": "Среда",
    "StartTime": "2024-03-04T14:00:00",
    "EndTime": "2024-03-04T15:30:00",
    "WeekType": "Верхняя неделя",
    "Classroom": "А 536",
    "Group": "20371",
    "Subject": "Основы технологии машиностроения",
    "InstructorName": "Голубева Дарья Евгеньевна",
    "InstructorLink": "https://www.smtu.ru/ru/viewperson/103341/"
  },
  {
    "DayOfWeek": "Среда",
    "StartTime": "2024-03-04T14:00:00",
    "EndTime": "2024-03-04T15:30:00",
    "WeekType": "Нижняя неделя",
    "Classroom": "А 536",
    "Group": "20371",
    "Subject": "Основы технологии машиностроения",
    "InstructorName": "Голубева Дарья Евгеньевна",
    "InstructorLink": "https://www.smtu.ru/ru/viewperson/103341/"
  },
  {
    "DayOfWeek": "Среда",
    "StartTime": "2024-03-04T15:40:00",
    "EndTime": "2024-03-04T17:10:00",
    "WeekType": "Обе недели",
    "Classroom": "А 450",
    "Group": "20371",
    "Subject": "Основы технологии машиностроения",
    "InstructorName": "Голубева Дарья Евгеньевна",
    "InstructorLink": "https://www.smtu.ru/ru/viewperson/103341/"
  },
  {
    "DayOfWeek": "Среда",
    "StartTime": "2024-03-04T17:20:00",
    "EndTime": "2024-03-04T18:50:00",
    "WeekType": "Обе недели",
    "Classroom": "Б 520",
    "Group": "20371",
    "Subject": "Теория сварочных деформаций и напряжений",
    "InstructorName": "Животовский Роман Петрович",
    "InstructorLink": ""
  },
  {
    "DayOfWeek": "Среда",
    "StartTime": "2024-03-04T19:00:00",
    "EndTime": "2024-03-04T20:30:00",
    "WeekType": "Обе недели",
    "Classroom": "Б 508",
    "Group": "20371",
    "Subject": "Теория сварочных деформаций и напряжений",
    "InstructorName": "Животовский Роман Петрович",
    "InstructorLink": ""
  },
  {
    "DayOfWeek": "Четверг",
    "StartTime": "2024-03-04T10:10:00",
    "EndTime": "2024-03-04T11:40:00",
    "WeekType": "Нижняя неделя",
    "Classroom": "У каф.ФВ",
    "Group": "20371",
    "Subject": "Физическая культура и спорт (элективная)",
    "InstructorName": "",
    "InstructorLink": ""
  },
  {
    "DayOfWeek": "Четверг",
    "StartTime": "2024-03-04T11:50:00",
    "EndTime": "2024-03-04T13:20:00",
    "WeekType": "Обе недели",
    "Classroom": "У УИК207",
    "Group": "20371",
    "Subject": "Технологическое оборудование лазерной обработки",
    "InstructorName": "Певзнер Яков Борисович",
    "InstructorLink": ""
  },
  {
    "DayOfWeek": "Четверг",
    "StartTime": "2024-03-04T14:00:00",
    "EndTime": "2024-03-04T15:30:00",
    "WeekType": "Обе недели",
    "Classroom": "У 301",
    "Group": "20371",
    "Subject": "Основы теплофизики и механики сплошных сред",
    "InstructorName": "Ларионов Николай Владимирович",
    "InstructorLink": "https://www.smtu.ru/ru/viewperson/104846/"
  },
  {
    "DayOfWeek": "Четверг",
    "StartTime": "2024-03-04T15:40:00",
    "EndTime": "2024-03-04T17:10:00",
    "WeekType": "Верхняя неделя",
    "Classroom": "У 304",
    "Group": "20371",
    "Subject": "Основы теплофизики и механики сплошных сред",
    "InstructorName": "Ларионов Николай Владимирович",
    "InstructorLink": "https://www.smtu.ru/ru/viewperson/104846/"
  },
  {
    "DayOfWeek": "Четверг",
    "StartTime": "2024-03-04T15:40:00",
    "EndTime": "2024-03-04T17:10:00",
    "WeekType": "Нижняя неделя",
    "Classroom": "У 301",
    "Group": "20371",
    "Subject": "Основы теплофизики и механики сплошных сред",
    "InstructorName": "Ларионов Николай Владимирович",
    "InstructorLink": "https://www.smtu.ru/ru/viewperson/104846/"
  },
  {
    "DayOfWeek": "Четверг",
    "StartTime": "2024-03-04T17:20:00",
    "EndTime": "2024-03-04T18:50:00",
    "WeekType": "Обе недели",
    "Classroom": "У 101",
    "Group": "20371",
    "Subject": "Экономика",
    "InstructorName": "Янченко Арина Юрьевна",
    "InstructorLink": "https://www.smtu.ru/ru/viewperson/101396/"
  },
  {
    "DayOfWeek": "Пятница",
    "StartTime": "2024-03-04T08:30:00",
    "EndTime": "2024-03-04T10:00:00",
    "WeekType": "Обе недели",
    "Classroom": "А ВУЦ",
    "Group": "20371",
    "Subject": "Военная подготовка (офицеры запаса)",
    "InstructorName": "",
    "InstructorLink": ""
  },
  {
    "DayOfWeek": "Пятница",
    "StartTime": "2024-03-04T10:10:00",
    "EndTime": "2024-03-04T11:40:00",
    "WeekType": "Обе недели",
    "Classroom": "А ВУЦ",
    "Group": "20371",
    "Subject": "Военная подготовка (офицеры запаса)",
    "InstructorName": "",
    "InstructorLink": ""
  },
  {
    "DayOfWeek": "Пятница",
    "StartTime": "2024-03-04T11:50:00",
    "EndTime": "2024-03-04T13:20:00",
    "WeekType": "Обе недели",
    "Classroom": "А ВУЦ",
    "Group": "20371",
    "Subject": "Военная подготовка (офицеры запаса)",
    "InstructorName": "",
    "InstructorLink": ""
  },
  {
    "DayOfWeek": "Суббота",
    "StartTime": "2024-03-04T08:30:00",
    "EndTime": "2024-03-04T10:00:00",
    "WeekType": "Обе недели",
    "Classroom": "У УИК207",
    "Group": "20371",
    "Subject": "Физика и оптика лазеров",
    "InstructorName": "Соловьёв Владимир Дмитриевич",
    "InstructorLink": ""
  },
  {
    "DayOfWeek": "Суббота",
    "StartTime": "2024-03-04T10:10:00",
    "EndTime": "2024-03-04T11:40:00",
    "WeekType": "Обе недели",
    "Classroom": "У УИК207",
    "Group": "20371",
    "Subject": "Физика и оптика лазеров",
    "InstructorName": "Соловьёв Владимир Дмитриевич",
    "InstructorLink": ""
  },
  {
    "DayOfWeek": "Суббота",
    "StartTime": "2024-03-04T11:50:00",
    "EndTime": "2024-03-04T13:20:00",
    "WeekType": "Обе недели",
    "Classroom": "У УИК207",
    "Group": "20371",
    "Subject": "Физика и оптика лазеров",
    "InstructorName": "Соловьёв Владимир Дмитриевич",
    "InstructorLink": ""
  }
]