[
  {
    "DayOfWeek": "Понедельник",
    "StartTime": "2024-03-04T08:30:00",
    "EndTime": "2024-03-04T10:00:00",
    "WeekType": "Обе недели",
    "Classroom": "Б 503",
    "Group": "20390",
    "Subject": "Методы оптимизации",
    "InstructorName": "Федорова Татьяна Александровна",
    "InstructorLink": "https://www.smtu.ru/ru/viewperson/101243/"
  },
  {
    "DayOfWeek": "Понедельник",
    "StartTime": "2024-03-04T10:10:00",
    "EndTime": "2024-03-04T11:40:00",
    "WeekType": "Обе недели",
    "Classroom": "Б 503",
    "Group": "20390",
    "Subject": "Методы оптимизации",
    "InstructorName": "Федорова Татьяна Александровна",
    "InstructorLink": "https://www.smtu.ru/ru/viewperson/101243/"
  },
  {
    "DayOfWeek": "Понедельник",
    "StartTime": "2024-03-04T11:50:00",
    "EndTime": "2024-03-04T13:20:00",
    "WeekType": "Верхняя неделя",
    "Classroom": "Б 503",
    "Group": "20390",
    "Subject": "Методы оптимизации",
    "InstructorName": "Федорова Татьяна Александровна",
    "InstructorLink": "https://www.smtu.ru/ru/viewperson/101243/"
  },
  {
    "DayOfWeek": "Понедельник",
    "StartTime": "2024-03-04T11:50:00",
    "EndTime": "2024-03-04T13:20:00",
    "WeekType": "Нижняя неделя",
    "Classroom": "Б 610",
    "Group": "20390",
    "Subject": "Проектирование судов",
    "InstructorName": "Захаров Андрей Сергеевич",
    "InstructorLink": "https://www.smtu.ru/ru/viewperson/100417/"
  },
  {
    "DayOfWeek": "Понедельник",
    "StartTime": "2024-03-04T14:00:00",
    "EndTime": "2024-03-04T15:30:00",
    "WeekType": "Обе недели",
    "Classroom": "У каф.ФВ",
    "Group": "20390",
    "Subject": "Физическая культура и спорт (элективная)",
    "InstructorName": "",
    "InstructorLink": ""
  },
  {
    "DayOfWeek": "Вторник",
    "StartTime": "2024-03-04T08:30:00",
    "EndTime": "2024-03-04T10:00:00",
    "WeekType": "Верхняя неделя",
    "Classroom": "У 167",
    "Group": "20390",
    "Subject": "Безопасность жизнедеятельности",
    "InstructorName": "Бронникова Лилия Васильевна",
    "InstructorLink": "https://www.smtu.ru/ru/viewperson/100159/"
  },
  {
    "DayOfWeek": "Вторник",
    "StartTime": "2024-03-04T10:10:00",
    "EndTime": "2024-03-04T11:40:00",
    "WeekType": "Верхняя неделя",
    "Classroom": "У 534",
    "Group": "20390",
    "Subject": "Безопасность жизнедеятельности",
    "InstructorName": "Бронникова Лилия Васильевна",
    "InstructorLink": "https://www.smtu.ru/ru/viewperson/100159/"
  },
  {
    "DayOfWeek": "Вторник",
    "StartTime": "2024-03-04T10:10:00",
    "EndTime": "2024-03-04T11:40:00",
    "WeekType": "Нижняя неделя",
    "Classroom": "У 534",
    "Group": "20390",
    "Subject": "Безопасность жизнедеятельности",
    "InstructorName": "Бронникова Лилия Васильевна",
    "InstructorLink": "https://www.smtu.ru/ru/viewperson/100159/"
  },
  {
    "DayOfWeek": "Вторник",
    "StartTime": "2024-03-04T11:50:00",
    "EndTime": "2024-03-04T13:20:00",
    "WeekType": "Верхняя неделя",
    "Classroom": "У 534",
    "Group": "20390",
    "Subject": "Безопасность жизнедеятельности",
    "InstructorName": "Бронникова Лилия Васильевна",
    "InstructorLink": "https://www.smtu.ru/ru/viewperson/100159/"
  },
  {
    "DayOfWeek": "Вторник",
    "StartTime": "2024-03-04T11:50:00",
    "EndTime": "2024-03-04T13:20:00",
    "WeekType": "Нижняя неделя",
    "Classroom": "У 518",
    "Group": "20390",
    "Subject": "Экономика",
    "InstructorName": "Янченко Арина Юрьевна",
    "InstructorLink": "https://www.smtu.ru/ru/viewperson/101396/"
  },
  {
    "DayOfWeek": "Вторник",
    "StartTime": "2024-03-04T14:00:00",
    "EndTime": "2024-03-04T15:30:00",
    "WeekType": "Нижняя неделя",
    "Classroom": "У 407",
    "Group": "20390",
    "Subject": "Экономика",
    "InstructorName": "Янченко Арина Юрьевна",
    "InstructorLink": "https://www.smtu.ru/ru/viewperson/101396/"
  },
  {
    "DayOfWeek": "Среда",
    "StartTime": "2024-03-04T10:10:00",
    "EndTime": "2024-03-04T11:40:00",
    "WeekType": "Обе недели",
    "Classroom": "Б 510",
    "Group": "20390",
    "Subject": "ЭВМ и периферийные устройства",
    "InstructorName": "Галушин Сергей Яковлевич",
    "InstructorLink": ""
  },
  {
    "DayOfWeek": "Среда",
    "StartTime": "2024-03-04T11:50:00",
    "EndTime": "2024-03-04T13:20:00",
    "WeekType": "Верхняя неделя",
    "Classroom": "Б 510",
    "Group": "20390",
    "Subject": "ЭВМ и периферийные устройства",
    "InstructorName": "Галушин Сергей Яковлевич",
    "InstructorLink": ""
  },
  {
    "DayOfWeek": "Среда",
    "StartTime": "2024-03-04T11:50:00",
    "EndTime": "2024-03-04T13:20:00",
    "WeekType": "Нижняя неделя",
    "Classroom": "Б 415",
    "Group": "20390",
    "Subject": "ЭВМ и периферийные устройства",
    "InstructorName": "Павлов Павел Валентинович",
    "InstructorLink": ""
  },
  {
    "DayOfWeek": "Среда",
    "StartTime": "2024-03-04T14:00:00",
    "EndTime": "2024-03-04T15:30:00",
    "WeekType": "Верхняя неделя",
    "Classroom": "Б 415",
    "Group": "20390",
    "Subject": "Проектирование судовых конструкций и систем",
    "InstructorName": "Дехтярь Ирина Владимировна",
    "InstructorLink": "https://www.smtu.ru/ru/viewperson/100333/"
  },
  {
    "DayOfWeek": "Среда",
    "StartTime": "2024-03-04T14:00:00",
    "EndTime": "2024-03-04T15:30:00",
    "WeekType": "Нижняя неделя",
    "Classroom": "Б 415",
    "Group": "20390",
    "Subject": "ЭВМ и периферийные устройства",
    "InstructorName": "Павлов Павел Валентинович",
    "InstructorLink": ""
  },
  {
    "DayOfWeek": "Среда",
    "StartTime": "2024-03-04T15:40:00",
    "EndTime": "2024-03-04T17:10:00",
    "WeekType": "Верхняя неделя",
    "Classroom": "Б 415",
    "Group": "20390",
    "Subject": "Проектирование судовых конструкций и систем",
    "InstructorName": "Дехтярь Ирина Владимировна",
    "InstructorLink": "https://www.smtu.ru/ru/viewperson/100333/"
  },
  {
    "DayOfWeek": "Четверг",
    "StartTime": "2024-03-04T11:50:00",
    "EndTime": "2024-03-04T13:20:00",
    "WeekType": "Обе недели",
    "Classroom": "У 439",
    "Group": "20390",
    "Subject": "Нейрокомпьютерные системы",
    "InstructorName": "Петров Олег Николаевич",
    "InstructorLink": "https://www.smtu.ru/ru/viewperson/100888/"
  },
  {
    "DayOfWeek": "Четверг",
    "StartTime": "2024-03-04T14:00:00",
    "EndTime": "2024-03-04T15:30:00",
    "WeekType": "Верхняя неделя",
    "Classroom": "У 439",
    "Group": "20390",
    "Subject": "Теория систем и системный анализ",
    "InstructorName": "Журава Владимир Макарович",
    "InstructorLink": "https://www.smtu.ru/ru/viewperson/100398/"
  },
  {
    "DayOfWeek": "Четверг",
    "StartTime": "2024-03-04T14:00:00",
    "EndTime": "2024-03-04T15:30:00",
    "WeekType": "Нижняя неделя",
    "Classroom": "У 167",
    "Group": "20390",
    "Subject": "Нейрокомпьютерные системы",
    "InstructorName": "Петров Олег Николаевич",
    "InstructorLink": "https://www.smtu.ru/ru/viewperson/100888/"
  },
  {
    "DayOfWeek": "Четверг",
    "StartTime": "2024-03-04T15:40:00",
    "EndTime": "2024-03-04T17:10:00",
    "WeekType": "Обе недели",
    "Classroom": "У 439",
    "Group": "20390",
    "Subject": "Теория систем и системный анализ",
    "InstructorName": "Журава Владимир Макарович",
    "InstructorLink": "https://www.smtu.ru/ru/viewperson/100398/"
  },
  {
    "DayOfWeek": "Четверг",
    "StartTime": "2024-03-04T17:20:00",
    "EndTime": "2024-03-04T18:50:00",
    "WeekType": "Обе недели",
    "Classroom": "У 101",
    "Group": "20390",
    "Subject": "Экономика",
    "InstructorName": "Янченко Арина Юрьевна",
    "InstructorLink": "https://www.smtu.ru/ru/viewperson/101396/"
  },
  {
    "DayOfWeek": "Пятница",
    "StartTime": "2024-03-04T08:30:00",
    "EndTime": "2024-03-04T10:00:00",
    "WeekType": "Обе недели",
    "Classroom": "А ВУЦ",
    "Group": "20390",
    "Subject": "Военная подготовка (офицеры запаса)",
    "InstructorName": "",
    "InstructorLink": ""
  },
  {
    "DayOfWeek": "Пятница",
    "StartTime": "2024-03-04T10:10:00",
    "EndTime": "2024-03-04T11:40:00",
    "WeekType": "Обе недели",
    "Classroom": "А ВУЦ",
    "Group": "20390",
    "Subject": "Военная подготовка (офицеры запаса)",
    "InstructorName": "",
    "InstructorLink": ""
  },
  {
    "DayOfWeek": "Пятница",
    "StartTime": "2024-03-04T11:50:00",
    "EndTime": "2024-03-04T13:20:00",
    "WeekType": "Обе недели",
    "Classroom": "А ВУЦ",
    "Group": "20390",
    "Subject": "Военная подготовка (офицеры запаса)",
    "InstructorName": "",
    "InstructorLink": ""
  },
  {
    "DayOfWeek": "Суббота",
    "StartTime": "2024-03-04T08:30:00",
    "EndTime": "2024-03-04T10:00:00",
    "WeekType": "Обе недели",
    "Classroom": "У 439",
    "Group": "20390",
    "Subject": "Прикладная информатика",
    "InstructorName": "Щеголева Надежда Львовна",
    "InstructorLink": ""
  },
  {
    "DayOfWeek": "Суббота",
    "StartTime": "2024-03-04T10:10:00",
    "EndTime": "2024-03-04T11:40:00",
    "WeekType": "Обе недели",
    "Classroom": "У 439",
    "Group": "20390",
    "Subject": "Прикладная информатика",
    "InstructorName": "Щеголева Надежда Львовна",
    "InstructorLink": ""
  },
  {
    "DayOfWeek": "Суббота",
    "StartTime": "2024-03-04T11:50:00",
    "EndTime": "2024-03-04T13:20:00",
    "WeekType": "Обе недели",
    "Classroom": "У каф.ФВ",
    "Group": "20390",
    "Subject": "Физическая культура и спорт (элективная)",
    "InstructorName": "",
    "InstructorLink": ""
  }
]