[{
  "NameContact": "Миним Максим Сергеевич",
  "Position":[ "сотрудник кафедры"],
  "TaughtSubjects": ["Программирование на Python", "Человеко-машинные интерфейсы"],
  "AcademicDegree": null,
  "TeachingExperience": "несколько лет",
  "Telephone": null,
  "Email": null,
  "TgLink": null,
  "ScheduleLink":null,
  "Information": "Получил степень бакалавра в Алтайском государственном университете по направлению \"Информатика и вычислительная техника\" и степень магистра в СПбГМТУ по направлению \"Технологии виртуальной, дополненной реальности и искусственный интеллект\". С 2022 является сотрудником кафедры киберфизических систем. Для обучающихся СПбГМТУ читает ряд курсов, в том числе программирование на Python и \"Человеко-машинные интерфейсы\", а также проводит научно-исследовательские работы в области клиенто-серверного взаимодействий и WEB-технологий."
}]