[
  {
    "DayOfWeek": "Понедельник",
    "StartTime": "2024-03-04T08:30:00",
    "EndTime": "2024-03-04T10:00:00",
    "WeekType": "Нижняя неделя",
    "Classroom": "У 419",
    "Group": "8140",
    "Subject": "Биология",
    "InstructorName": "Белобородова Ольга Петровна",
    "InstructorLink": ""
  },
  {
    "DayOfWeek": "Понедельник",
    "StartTime": "2024-03-04T10:10:00",
    "EndTime": "2024-03-04T11:40:00",
    "WeekType": "Верхняя неделя",
    "Classroom": "У 421",
    "Group": "8140",
    "Subject": "История",
    "InstructorName": "Левин Сергей Михайлович",
    "InstructorLink": ""
  },
  {
    "DayOfWeek": "Понедельник",
    "StartTime": "2024-03-04T10:10:00",
    "EndTime": "2024-03-04T11:40:00",
    "WeekType": "Нижняя неделя",
    "Classroom": "У 420",
    "Group": "8140",
    "Subject": "История",
    "InstructorName": "Левин Сергей Михайлович",
    "InstructorLink": ""
  },
  {
    "DayOfWeek": "Понедельник",
    "StartTime": "2024-03-04T11:50:00",
    "EndTime": "2024-03-04T13:20:00",
    "WeekType": "Обе недели",
    "Classroom": "У 423",
    "Group": "8140",
    "Subject": "Иностранный язык",
    "InstructorName": "Самодуров Алексей Дмитриевич",
    "InstructorLink": ""
  },
  {
    "DayOfWeek": "Понедельник",
    "StartTime": "2024-03-04T14:00:00",
    "EndTime": "2024-03-04T15:30:00",
    "WeekType": "Верхняя неделя",
    "Classroom": "У 421",
    "Group": "8140",
    "Subject": "Литература",
    "InstructorName": "Чистобаев Александр Валерьевич",
    "InstructorLink": ""
  },
  {
    "DayOfWeek": "Понедельник",
    "StartTime": "2024-03-04T15:40:00",
    "EndTime": "2024-03-04T17:10:00",
    "WeekType": "Верхняя неделя",
    "Classroom": "У 418",
    "Group": "8140",
    "Subject": "Литература",
    "InstructorName": "Чистобаев Александр Валерьевич",
    "InstructorLink": ""
  },
  {
    "DayOfWeek": "Вторник",
    "StartTime": "2024-03-04T10:10:00",
    "EndTime": "2024-03-04T11:40:00",
    "WeekType": "Обе недели",
    "Classroom": "У 418",
    "Group": "8140",
    "Subject": "Русский язык",
    "InstructorName": "Рогова Татьяна Ивановна",
    "InstructorLink": ""
  },
  {
    "DayOfWeek": "Вторник",
    "StartTime": "2024-03-04T11:50:00",
    "EndTime": "2024-03-04T13:20:00",
    "WeekType": "Обе недели",
    "Classroom": "У каф.ФВ",
    "Group": "8140",
    "Subject": "Физическая культура",
    "InstructorName": "Смирнов Андрей Дмитриевич",
    "InstructorLink": ""
  },
  {
    "DayOfWeek": "Вторник",
    "StartTime": "2024-03-04T14:00:00",
    "EndTime": "2024-03-04T15:30:00",
    "WeekType": "Верхняя неделя",
    "Classroom": "У каф.ФВ",
    "Group": "8140",
    "Subject": "Физическая культура",
    "InstructorName": "Смирнов Андрей Дмитриевич",
    "InstructorLink": ""
  },
  {
    "DayOfWeek": "Вторник",
    "StartTime": "2024-03-04T14:00:00",
    "EndTime": "2024-03-04T15:30:00",
    "WeekType": "Нижняя неделя",
    "Classroom": "У 421",
    "Group": "8140",
    "Subject": "Основы безопасности жизнедеятельности",
    "InstructorName": "Черников Владимир Юрьевич",
    "InstructorLink": ""
  },
  {
    "DayOfWeek": "Вторник",
    "StartTime": "2024-03-04T15:40:00",
    "EndTime": "2024-03-04T17:10:00",
    "WeekType": "Верхняя неделя",
    "Classroom": "У 419",
    "Group": "8140",
    "Subject": "Основы проектной деятельности",
    "InstructorName": "Кизилов Дмитрий Иванович",
    "InstructorLink": "https://www.smtu.ru/ru/viewperson/105211/"
  },
  {
    "DayOfWeek": "Среда",
    "StartTime": "2024-03-04T08:30:00",
    "EndTime": "2024-03-04T10:00:00",
    "WeekType": "Обе недели",
    "Classroom": "У 421",
    "Group": "8140",
    "Subject": "Математика",
    "InstructorName": "Гришкина Анастасия Валерьевна",
    "InstructorLink": ""
  },
  {
    "DayOfWeek": "Среда",
    "StartTime": "2024-03-04T10:10:00",
    "EndTime": "2024-03-04T11:40:00",
    "WeekType": "Верхняя неделя",
    "Classroom": "У 419",
    "Group": "8140",
    "Subject": "Обществознание",
    "InstructorName": "Ильина Екатерина Владимировна",
    "InstructorLink": ""
  },
  {
    "DayOfWeek": "Среда",
    "StartTime": "2024-03-04T10:10:00",
    "EndTime": "2024-03-04T11:40:00",
    "WeekType": "Нижняя неделя",
    "Classroom": "У 417",
    "Group": "8140",
    "Subject": "Обществознание",
    "InstructorName": "Ильина Екатерина Владимировна",
    "InstructorLink": ""
  },
  {
    "DayOfWeek": "Среда",
    "StartTime": "2024-03-04T11:50:00",
    "EndTime": "2024-03-04T13:20:00",
    "WeekType": "Обе недели",
    "Classroom": "У 304",
    "Group": "8140",
    "Subject": "Физика",
    "InstructorName": "Олейник Мария Михайловна",
    "InstructorLink": "https://www.smtu.ru/ru/viewperson/100842/"
  },
  {
    "DayOfWeek": "Среда",
    "StartTime": "2024-03-04T14:00:00",
    "EndTime": "2024-03-04T15:30:00",
    "WeekType": "Обе недели",
    "Classroom": "У 421",
    "Group": "8140",
    "Subject": "Химия",
    "InstructorName": "Белобородова Ольга Петровна",
    "InstructorLink": ""
  },
  {
    "DayOfWeek": "Четверг",
    "StartTime": "2024-03-04T10:10:00",
    "EndTime": "2024-03-04T11:40:00",
    "WeekType": "Обе недели",
    "Classroom": "У 319а(2)",
    "Group": "8140",
    "Subject": "Информатика",
    "InstructorName": "Макарова Юлия Сергеевна",
    "InstructorLink": ""
  },
  {
    "DayOfWeek": "Четверг",
    "StartTime": "2024-03-04T11:50:00",
    "EndTime": "2024-03-04T13:20:00",
    "WeekType": "Обе недели",
    "Classroom": "У 326",
    "Group": "8140",
    "Subject": "Физика",
    "InstructorName": "Олейник Мария Михайловна",
    "InstructorLink": "https://www.smtu.ru/ru/viewperson/100842/"
  },
  {
    "DayOfWeek": "Четверг",
    "StartTime": "2024-03-04T14:00:00",
    "EndTime": "2024-03-04T15:30:00",
    "WeekType": "Верхняя неделя",
    "Classroom": "У 421",
    "Group": "8140",
    "Subject": "Родная литература",
    "InstructorName": "Рогова Татьяна Ивановна",
    "InstructorLink": ""
  },
  {
    "DayOfWeek": "Четверг",
    "StartTime": "2024-03-04T14:00:00",
    "EndTime": "2024-03-04T15:30:00",
    "WeekType": "Нижняя неделя",
    "Classroom": "У 424",
    "Group": "8140",
    "Subject": "История",
    "InstructorName": "Левин Сергей Михайлович",
    "InstructorLink": ""
  },
  {
    "DayOfWeek": "Четверг",
    "StartTime": "2024-03-04T15:40:00",
    "EndTime": "2024-03-04T17:10:00",
    "WeekType": "Верхняя неделя",
    "Classroom": "У 421",
    "Group": "8140",
    "Subject": "Час куратора",
    "InstructorName": "Черников Владимир Юрьевич",
    "InstructorLink": ""
  },
  {
    "DayOfWeek": "Пятница",
    "StartTime": "2024-03-04T08:30:00",
    "EndTime": "2024-03-04T10:00:00",
    "WeekType": "Обе недели",
    "Classroom": "У 417",
    "Group": "8140",
    "Subject": "Математика",
    "InstructorName": "Гришкина Анастасия Валерьевна",
    "InstructorLink": ""
  },
  {
    "DayOfWeek": "Пятница",
    "StartTime": "2024-03-04T10:10:00",
    "EndTime": "2024-03-04T11:40:00",
    "WeekType": "Верхняя неделя",
    "Classroom": "У 423",
    "Group": "8140",
    "Subject": "Иностранный язык",
    "InstructorName": "Самодуров Алексей Дмитриевич",
    "InstructorLink": ""
  },
  {
    "DayOfWeek": "Пятница",
    "StartTime": "2024-03-04T10:10:00",
    "EndTime": "2024-03-04T11:40:00",
    "WeekType": "Нижняя неделя",
    "Classroom": "У 326",
    "Group": "8140",
    "Subject": "Астрономия",
    "InstructorName": "Абдуллина Яна Александровна",
    "InstructorLink": ""
  },
  {
    "DayOfWeek": "Пятница",
    "StartTime": "2024-03-04T11:50:00",
    "EndTime": "2024-03-04T13:20:00",
    "WeekType": "Обе недели",
    "Classroom": "У 417",
    "Group": "8140",
    "Subject": "Математика",
    "InstructorName": "Гришкина Анастасия Валерьевна",
    "InstructorLink": ""
  },
  {
    "DayOfWeek": "Пятница",
    "StartTime": "2024-03-04T14:00:00",
    "EndTime": "2024-03-04T15:30:00",
    "WeekType": "Верхняя неделя",
    "Classroom": "У 319а(2)",
    "Group": "8140",
    "Subject": "Информатика",
    "InstructorName": "Макарова Юлия Сергеевна",
    "InstructorLink": ""
  },
  {
    "DayOfWeek": "Пятница",
    "StartTime": "2024-03-04T14:00:00",
    "EndTime": "2024-03-04T15:30:00",
    "WeekType": "Нижняя неделя",
    "Classroom": "У 417",
    "Group": "8140",
    "Subject": "Литература",
    "InstructorName": "Чистобаев Александр Валерьевич",
    "InstructorLink": ""
  }
]