[
  {
    "DayOfWeek": "Понедельник",
    "StartTime": "2024-03-04T08:30:00",
    "EndTime": "2024-03-04T10:00:00",
    "WeekType": "Обе недели",
    "Classroom": "У 319а(2)",
    "Group": "8240",
    "Subject": "Основы автоматического управления",
    "InstructorName": "Холунин Сергей Анатольевич",
    "InstructorLink": "https://www.smtu.ru/ru/viewperson/122542/"
  },
  {
    "DayOfWeek": "Понедельник",
    "StartTime": "2024-03-04T10:10:00",
    "EndTime": "2024-03-04T11:40:00",
    "WeekType": "Обе недели",
    "Classroom": "У каф.ФВ",
    "Group": "8240",
    "Subject": "Физическая культура",
    "InstructorName": "Смирнов Андрей Дмитриевич",
    "InstructorLink": ""
  },
  {
    "DayOfWeek": "Понедельник",
    "StartTime": "2024-03-04T11:50:00",
    "EndTime": "2024-03-04T13:20:00",
    "WeekType": "Обе недели",
    "Classroom": "У 218",
    "Group": "8240",
    "Subject": "Электрические машины и электроприводы",
    "InstructorName": "Гриценко Кристина Вадимовна",
    "InstructorLink": ""
  },
  {
    "DayOfWeek": "Понедельник",
    "StartTime": "2024-03-04T14:00:00",
    "EndTime": "2024-03-04T15:30:00",
    "WeekType": "Обе недели",
    "Classroom": "У 319а(2)",
    "Group": "8240",
    "Subject": "Инженерная графика",
    "InstructorName": "Изотова Надежда Андреевна",
    "InstructorLink": ""
  },
  {
    "DayOfWeek": "Вторник",
    "StartTime": "2024-03-04T10:10:00",
    "EndTime": "2024-03-04T11:40:00",
    "WeekType": "Обе недели",
    "Classroom": "У 209",
    "Group": "8240",
    "Subject": "Инженерная графика",
    "InstructorName": "Изотова Надежда Андреевна",
    "InstructorLink": ""
  },
  {
    "DayOfWeek": "Вторник",
    "StartTime": "2024-03-04T11:50:00",
    "EndTime": "2024-03-04T13:20:00",
    "WeekType": "Верхняя неделя",
    "Classroom": "У 419",
    "Group": "8240",
    "Subject": "Элементы гидравлических и пневматических систем",
    "InstructorName": "Епифанцева Кристина Анатольевна",
    "InstructorLink": ""
  },
  {
    "DayOfWeek": "Вторник",
    "StartTime": "2024-03-04T11:50:00",
    "EndTime": "2024-03-04T13:20:00",
    "WeekType": "Нижняя неделя",
    "Classroom": "У 420",
    "Group": "8240",
    "Subject": "Элементы гидравлических и пневматических систем",
    "InstructorName": "Епифанцева Кристина Анатольевна",
    "InstructorLink": ""
  },
  {
    "DayOfWeek": "Вторник",
    "StartTime": "2024-03-04T14:00:00",
    "EndTime": "2024-03-04T15:30:00",
    "WeekType": "Верхняя неделя",
    "Classroom": "У 163",
    "Group": "8240",
    "Subject": "Математика",
    "InstructorName": "Саенко Сергей Игоревич",
    "InstructorLink": "https://www.smtu.ru/ru/viewperson/114495/"
  },
  {
    "DayOfWeek": "Вторник",
    "StartTime": "2024-03-04T14:00:00",
    "EndTime": "2024-03-04T15:30:00",
    "WeekType": "Нижняя неделя",
    "Classroom": "У 424",
    "Group": "8240",
    "Subject": "Математика",
    "InstructorName": "Саенко Сергей Игоревич",
    "InstructorLink": "https://www.smtu.ru/ru/viewperson/114495/"
  },
  {
    "DayOfWeek": "Вторник",
    "StartTime": "2024-03-04T15:40:00",
    "EndTime": "2024-03-04T17:10:00",
    "WeekType": "Обе недели",
    "Classroom": "У 420",
    "Group": "8240",
    "Subject": "Безопасность жизнедеятельности",
    "InstructorName": "Романов Александр Иванович",
    "InstructorLink": "https://www.smtu.ru/ru/viewperson/122500/"
  },
  {
    "DayOfWeek": "Среда",
    "StartTime": "2024-03-04T08:30:00",
    "EndTime": "2024-03-04T10:00:00",
    "WeekType": "Обе недели",
    "Classroom": "У 163",
    "Group": "8240",
    "Subject": "Основы вычислительной техники",
    "InstructorName": "Макарова Юлия Сергеевна",
    "InstructorLink": ""
  },
  {
    "DayOfWeek": "Среда",
    "StartTime": "2024-03-04T10:10:00",
    "EndTime": "2024-03-04T11:40:00",
    "WeekType": "Обе недели",
    "Classroom": "У 340(2)",
    "Group": "8240",
    "Subject": "Информатика / Адаптивные информационные и коммуникационные технологии",
    "InstructorName": "Изотова Надежда Андреевна",
    "InstructorLink": ""
  },
  {
    "DayOfWeek": "Среда",
    "StartTime": "2024-03-04T11:50:00",
    "EndTime": "2024-03-04T13:20:00",
    "WeekType": "Верхняя неделя",
    "Classroom": "У 191а",
    "Group": "8240",
    "Subject": "Материаловедение",
    "InstructorName": "Смирнова Дарья Леонидовна",
    "InstructorLink": ""
  },
  {
    "DayOfWeek": "Среда",
    "StartTime": "2024-03-04T14:00:00",
    "EndTime": "2024-03-04T15:30:00",
    "WeekType": "Верхняя неделя",
    "Classroom": "У 163",
    "Group": "8240",
    "Subject": "Материаловедение",
    "InstructorName": "Смирнова Дарья Леонидовна",
    "InstructorLink": ""
  },
  {
    "DayOfWeek": "Четверг",
    "StartTime": "2024-03-04T10:10:00",
    "EndTime": "2024-03-04T11:40:00",
    "WeekType": "Верхняя неделя",
    "Classroom": "У 424",
    "Group": "8240",
    "Subject": "Технология монтажа и пуско-наладочных мехатронных систем",
    "InstructorName": "Серебряков Михаил Юрьевич",
    "InstructorLink": ""
  },
  {
    "DayOfWeek": "Четверг",
    "StartTime": "2024-03-04T11:50:00",
    "EndTime": "2024-03-04T13:20:00",
    "WeekType": "Обе недели",
    "Classroom": "У 423",
    "Group": "8240",
    "Subject": "Иностранный язык в профессиональной деятельности",
    "InstructorName": "Кузьмина Мария Андреевна",
    "InstructorLink": ""
  },
  {
    "DayOfWeek": "Четверг",
    "StartTime": "2024-03-04T14:00:00",
    "EndTime": "2024-03-04T15:30:00",
    "WeekType": "Верхняя неделя",
    "Classroom": "У 163",
    "Group": "8240",
    "Subject": "Технология монтажа и пуско-наладочных мехатронных систем",
    "InstructorName": "Серебряков Михаил Юрьевич",
    "InstructorLink": ""
  },
  {
    "DayOfWeek": "Четверг",
    "StartTime": "2024-03-04T14:00:00",
    "EndTime": "2024-03-04T15:30:00",
    "WeekType": "Нижняя неделя",
    "Classroom": "У 163",
    "Group": "8240",
    "Subject": "Элементы гидравлических и пневматических систем",
    "InstructorName": "Епифанцева Кристина Анатольевна",
    "InstructorLink": ""
  },
  {
    "DayOfWeek": "Четверг",
    "StartTime": "2024-03-04T15:40:00",
    "EndTime": "2024-03-04T17:10:00",
    "WeekType": "Верхняя неделя",
    "Classroom": "У 163",
    "Group": "8240",
    "Subject": "Основы автоматического управления",
    "InstructorName": "Холунин Сергей Анатольевич",
    "InstructorLink": "https://www.smtu.ru/ru/viewperson/122542/"
  },
  {
    "DayOfWeek": "Четверг",
    "StartTime": "2024-03-04T15:40:00",
    "EndTime": "2024-03-04T17:10:00",
    "WeekType": "Нижняя неделя",
    "Classroom": "У 163",
    "Group": "8240",
    "Subject": "Материаловедение",
    "InstructorName": "Смирнова Дарья Леонидовна",
    "InstructorLink": ""
  },
  {
    "DayOfWeek": "Пятница",
    "StartTime": "2024-03-04T10:10:00",
    "EndTime": "2024-03-04T11:40:00",
    "WeekType": "Верхняя неделя",
    "Classroom": "У 319а(2)",
    "Group": "8240",
    "Subject": "Основы вычислительной техники",
    "InstructorName": "Макарова Юлия Сергеевна",
    "InstructorLink": ""
  },
  {
    "DayOfWeek": "Пятница",
    "StartTime": "2024-03-04T11:50:00",
    "EndTime": "2024-03-04T13:20:00",
    "WeekType": "Обе недели",
    "Classroom": "У 163",
    "Group": "8240",
    "Subject": "Основы робототехники",
    "InstructorName": "Гриценко Кристина Вадимовна",
    "InstructorLink": ""
  },
  {
    "DayOfWeek": "Пятница",
    "StartTime": "2024-03-04T14:00:00",
    "EndTime": "2024-03-04T15:30:00",
    "WeekType": "Верхняя неделя",
    "Classroom": "У 163",
    "Group": "8240",
    "Subject": "Электрические машины и электроприводы",
    "InstructorName": "Гриценко Кристина Вадимовна",
    "InstructorLink": ""
  },
  {
    "DayOfWeek": "Пятница",
    "StartTime": "2024-03-04T14:00:00",
    "EndTime": "2024-03-04T15:30:00",
    "WeekType": "Нижняя неделя",
    "Classroom": "У УЛК-13",
    "Group": "8240",
    "Subject": "Основы робототехники",
    "InstructorName": "Гриценко Кристина Вадимовна",
    "InstructorLink": ""
  },
  {
    "DayOfWeek": "Пятница",
    "StartTime": "2024-03-04T15:40:00",
    "EndTime": "2024-03-04T17:10:00",
    "WeekType": "Верхняя неделя",
    "Classroom": "У 417",
    "Group": "8240",
    "Subject": "Час куратора",
    "InstructorName": "Кузьмина Мария Андреевна",
    "InstructorLink": ""
  },
  {
    "DayOfWeek": "Пятница",
    "StartTime": "2024-03-04T15:40:00",
    "EndTime": "2024-03-04T17:10:00",
    "WeekType": "Нижняя неделя",
    "Classroom": "У 218",
    "Group": "8240",
    "Subject": "Инженерная графика",
    "InstructorName": "Изотова Надежда Андреевна",
    "InstructorLink": ""
  }
]