[
  {
    "DayOfWeek": "Понедельник",
    "StartTime": "2024-03-04T10:10:00",
    "EndTime": "2024-03-04T11:40:00",
    "WeekType": "Обе недели",
    "Classroom": "У каф.ФВ",
    "Group": "8260",
    "Subject": "Физическая культура",
    "InstructorName": "Смирнов Андрей Дмитриевич",
    "InstructorLink": ""
  },
  {
    "DayOfWeek": "Понедельник",
    "StartTime": "2024-03-04T11:50:00",
    "EndTime": "2024-03-04T13:20:00",
    "WeekType": "Обе недели",
    "Classroom": "У 155",
    "Group": "8260",
    "Subject": "Организация работ по монтажу и ремонту оборудования и систем",
    "InstructorName": "Голубева Дарья Евгеньевна",
    "InstructorLink": "https://www.smtu.ru/ru/viewperson/103341/"
  },
  {
    "DayOfWeek": "Понедельник",
    "StartTime": "2024-03-04T14:00:00",
    "EndTime": "2024-03-04T15:30:00",
    "WeekType": "Верхняя неделя",
    "Classroom": "У 417",
    "Group": "8260",
    "Subject": "Математика",
    "InstructorName": "Саенко Сергей Игоревич",
    "InstructorLink": "https://www.smtu.ru/ru/viewperson/114495/"
  },
  {
    "DayOfWeek": "Понедельник",
    "StartTime": "2024-03-04T14:00:00",
    "EndTime": "2024-03-04T15:30:00",
    "WeekType": "Нижняя неделя",
    "Classroom": "У 420",
    "Group": "8260",
    "Subject": "Организация работ при выполнении простых типовых слесарных операции",
    "InstructorName": "Черников Владимир Юрьевич",
    "InstructorLink": ""
  },
  {
    "DayOfWeek": "Вторник",
    "StartTime": "2024-03-04T10:10:00",
    "EndTime": "2024-03-04T11:40:00",
    "WeekType": "Нижняя неделя",
    "Classroom": "У 419",
    "Group": "8260",
    "Subject": "Час куратора",
    "InstructorName": "Чистобаев Александр Валерьевич",
    "InstructorLink": ""
  },
  {
    "DayOfWeek": "Вторник",
    "StartTime": "2024-03-04T11:50:00",
    "EndTime": "2024-03-04T13:20:00",
    "WeekType": "Верхняя неделя",
    "Classroom": "У 417",
    "Group": "8260",
    "Subject": "Механика",
    "InstructorName": "Андреев Александр Николаевич",
    "InstructorLink": "https://www.smtu.ru/ru/viewperson/123117/"
  },
  {
    "DayOfWeek": "Вторник",
    "StartTime": "2024-03-04T11:50:00",
    "EndTime": "2024-03-04T13:20:00",
    "WeekType": "Нижняя неделя",
    "Classroom": "У 163",
    "Group": "8260",
    "Subject": "Метрология и стандартизация",
    "InstructorName": "Царева Полина Евгеньевна",
    "InstructorLink": ""
  },
  {
    "DayOfWeek": "Вторник",
    "StartTime": "2024-03-04T14:00:00",
    "EndTime": "2024-03-04T15:30:00",
    "WeekType": "Верхняя неделя",
    "Classroom": "У 418",
    "Group": "8260",
    "Subject": "Механика",
    "InstructorName": "Андреев Александр Николаевич",
    "InstructorLink": "https://www.smtu.ru/ru/viewperson/123117/"
  },
  {
    "DayOfWeek": "Вторник",
    "StartTime": "2024-03-04T14:00:00",
    "EndTime": "2024-03-04T15:30:00",
    "WeekType": "Нижняя неделя",
    "Classroom": "У 420",
    "Group": "8260",
    "Subject": "Механика",
    "InstructorName": "Андреев Александр Николаевич",
    "InstructorLink": "https://www.smtu.ru/ru/viewperson/123117/"
  },
  {
    "DayOfWeek": "Вторник",
    "StartTime": "2024-03-04T15:40:00",
    "EndTime": "2024-03-04T17:10:00",
    "WeekType": "Верхняя неделя",
    "Classroom": "У 422",
    "Group": "8260",
    "Subject": "Организация работ при выполнении простых типовых слесарных операции",
    "InstructorName": "Черников Владимир Юрьевич",
    "InstructorLink": ""
  },
  {
    "DayOfWeek": "Вторник",
    "StartTime": "2024-03-04T17:20:00",
    "EndTime": "2024-03-04T18:50:00",
    "WeekType": "Верхняя неделя",
    "Classroom": "У 418",
    "Group": "8260",
    "Subject": "Технология монтажа, ремонта и технического обслуживания судовых энергетических установок, средств автоматики и судовых машин и механизмов",
    "InstructorName": "Макарова Юлия Сергеевна",
    "InstructorLink": ""
  },
  {
    "DayOfWeek": "Среда",
    "StartTime": "2024-03-04T11:50:00",
    "EndTime": "2024-03-04T13:20:00",
    "WeekType": "Верхняя неделя",
    "Classroom": "У 424",
    "Group": "8260",
    "Subject": "Механика",
    "InstructorName": "Андреев Александр Николаевич",
    "InstructorLink": "https://www.smtu.ru/ru/viewperson/123117/"
  },
  {
    "DayOfWeek": "Среда",
    "StartTime": "2024-03-04T11:50:00",
    "EndTime": "2024-03-04T13:20:00",
    "WeekType": "Нижняя неделя",
    "Classroom": "У 319а(2)",
    "Group": "8260",
    "Subject": "Информатика",
    "InstructorName": "Макарова Юлия Сергеевна",
    "InstructorLink": ""
  },
  {
    "DayOfWeek": "Среда",
    "StartTime": "2024-03-04T14:00:00",
    "EndTime": "2024-03-04T15:30:00",
    "WeekType": "Верхняя неделя",
    "Classroom": "У 422",
    "Group": "8260",
    "Subject": "Метрология и стандартизация",
    "InstructorName": "Царева Полина Евгеньевна",
    "InstructorLink": ""
  },
  {
    "DayOfWeek": "Среда",
    "StartTime": "2024-03-04T14:00:00",
    "EndTime": "2024-03-04T15:30:00",
    "WeekType": "Нижняя неделя",
    "Classroom": "У 422",
    "Group": "8260",
    "Subject": "Организация работ при выполнении простых типовых слесарных операции",
    "InstructorName": "Черников Владимир Юрьевич",
    "InstructorLink": ""
  },
  {
    "DayOfWeek": "Среда",
    "StartTime": "2024-03-04T15:40:00",
    "EndTime": "2024-03-04T17:10:00",
    "WeekType": "Верхняя неделя",
    "Classroom": "У 421",
    "Group": "8260",
    "Subject": "Организация работ по монтажу и ремонту оборудования и систем",
    "InstructorName": "Голубева Дарья Евгеньевна",
    "InstructorLink": "https://www.smtu.ru/ru/viewperson/103341/"
  },
  {
    "DayOfWeek": "Среда",
    "StartTime": "2024-03-04T15:40:00",
    "EndTime": "2024-03-04T17:10:00",
    "WeekType": "Нижняя неделя",
    "Classroom": "У 417",
    "Group": "8260",
    "Subject": "Математика",
    "InstructorName": "Саенко Сергей Игоревич",
    "InstructorLink": "https://www.smtu.ru/ru/viewperson/114495/"
  },
  {
    "DayOfWeek": "Среда",
    "StartTime": "2024-03-04T17:20:00",
    "EndTime": "2024-03-04T18:50:00",
    "WeekType": "Верхняя неделя",
    "Classroom": "У 417",
    "Group": "8260",
    "Subject": "Технология монтажа, ремонта и технического обслуживания судовых энергетических установок, средств автоматики и судовых машин и механизмов",
    "InstructorName": "Макарова Юлия Сергеевна",
    "InstructorLink": ""
  },
  {
    "DayOfWeek": "Среда",
    "StartTime": "2024-03-04T17:20:00",
    "EndTime": "2024-03-04T18:50:00",
    "WeekType": "Нижняя неделя",
    "Classroom": "У 417",
    "Group": "8260",
    "Subject": "Математика",
    "InstructorName": "Саенко Сергей Игоревич",
    "InstructorLink": "https://www.smtu.ru/ru/viewperson/114495/"
  },
  {
    "DayOfWeek": "Четверг",
    "StartTime": "2024-03-04T14:00:00",
    "EndTime": "2024-03-04T15:30:00",
    "WeekType": "Обе недели",
    "Classroom": "У 418",
    "Group": "8260",
    "Subject": "Метрология и стандартизация",
    "InstructorName": "Царева Полина Евгеньевна",
    "InstructorLink": ""
  },
  {
    "DayOfWeek": "Четверг",
    "StartTime": "2024-03-04T15:40:00",
    "EndTime": "2024-03-04T17:10:00",
    "WeekType": "Обе недели",
    "Classroom": "У 418",
    "Group": "8260",
    "Subject": "Технология монтажа, ремонта и технического обслуживания судовых энергетических установок, средств автоматики и судовых машин и механизмов",
    "InstructorName": "Макарова Юлия Сергеевна",
    "InstructorLink": ""
  },
  {
    "DayOfWeek": "Четверг",
    "StartTime": "2024-03-04T17:20:00",
    "EndTime": "2024-03-04T18:50:00",
    "WeekType": "Обе недели",
    "Classroom": "У 418",
    "Group": "8260",
    "Subject": "Технология монтажа, ремонта и технического обслуживания судовых энергетических установок, средств автоматики и судовых машин и механизмов",
    "InstructorName": "Макарова Юлия Сергеевна",
    "InstructorLink": ""
  },
  {
    "DayOfWeek": "Пятница",
    "StartTime": "2024-03-04T11:50:00",
    "EndTime": "2024-03-04T13:20:00",
    "WeekType": "Обе недели",
    "Classroom": "У 319a(1)",
    "Group": "8260",
    "Subject": "Иностранный язык в профессиональной деятельности",
    "InstructorName": "Кузьмина Мария Андреевна",
    "InstructorLink": ""
  },
  {
    "DayOfWeek": "Пятница",
    "StartTime": "2024-03-04T14:00:00",
    "EndTime": "2024-03-04T15:30:00",
    "WeekType": "Верхняя неделя",
    "Classroom": "У 340(2)",
    "Group": "8260",
    "Subject": "Инженерная графика",
    "InstructorName": "Изотова Надежда Андреевна",
    "InstructorLink": ""
  },
  {
    "DayOfWeek": "Пятница",
    "StartTime": "2024-03-04T14:00:00",
    "EndTime": "2024-03-04T15:30:00",
    "WeekType": "Нижняя неделя",
    "Classroom": "У 340(2)",
    "Group": "8260",
    "Subject": "Инженерная графика",
    "InstructorName": "Изотова Надежда Андреевна",
    "InstructorLink": ""
  },
  {
    "DayOfWeek": "Пятница",
    "StartTime": "2024-03-04T15:40:00",
    "EndTime": "2024-03-04T17:10:00",
    "WeekType": "Обе недели",
    "Classroom": "У 319а(2)",
    "Group": "8260",
    "Subject": "Информатика",
    "InstructorName": "Макарова Юлия Сергеевна",
    "InstructorLink": ""
  },
  {
    "DayOfWeek": "Пятница",
    "StartTime": "2024-03-04T17:20:00",
    "EndTime": "2024-03-04T18:50:00",
    "WeekType": "Верхняя неделя",
    "Classroom": "У 319а(2)",
    "Group": "8260",
    "Subject": "Инженерная графика",
    "InstructorName": "Изотова Надежда Андреевна",
    "InstructorLink": ""
  }
]