[
  {
    "DayOfWeek": "Понедельник",
    "StartTime": "2024-03-04T08:30:00",
    "EndTime": "2024-03-04T10:00:00",
    "WeekType": "Нижняя неделя",
    "Classroom": "У 424",
    "Group": "8320",
    "Subject": "Час куратора",
    "InstructorName": "Изотова Надежда Андреевна",
    "InstructorLink": ""
  },
  {
    "DayOfWeek": "Понедельник",
    "StartTime": "2024-03-04T10:10:00",
    "EndTime": "2024-03-04T11:40:00",
    "WeekType": "Обе недели",
    "Classroom": "У 163",
    "Group": "8320",
    "Subject": "Техническое обслуживание, ремонт, испытание мехатронных систем",
    "InstructorName": "Дадочкин Максим Константинович",
    "InstructorLink": ""
  },
  {
    "DayOfWeek": "Понедельник",
    "StartTime": "2024-03-04T11:50:00",
    "EndTime": "2024-03-04T13:20:00",
    "WeekType": "Верхняя неделя",
    "Classroom": "У 410",
    "Group": "8320",
    "Subject": "Техническое обслуживание, ремонт, испытание мехатронных систем",
    "InstructorName": "Дадочкин Максим Константинович",
    "InstructorLink": ""
  },
  {
    "DayOfWeek": "Понедельник",
    "StartTime": "2024-03-04T11:50:00",
    "EndTime": "2024-03-04T13:20:00",
    "WeekType": "Нижняя неделя",
    "Classroom": "У 422",
    "Group": "8320",
    "Subject": "Техническое обслуживание, ремонт, испытание мехатронных систем",
    "InstructorName": "Дадочкин Максим Константинович",
    "InstructorLink": ""
  },
  {
    "DayOfWeek": "Вторник",
    "StartTime": "2024-03-04T11:50:00",
    "EndTime": "2024-03-04T13:20:00",
    "WeekType": "Верхняя неделя",
    "Classroom": "У 424",
    "Group": "8320",
    "Subject": "Оптимизация работы мехатронных систем",
    "InstructorName": "Воронцов Дмитрий Николаевич",
    "InstructorLink": "https://www.smtu.ru/ru/viewperson/102138/"
  },
  {
    "DayOfWeek": "Вторник",
    "StartTime": "2024-03-04T11:50:00",
    "EndTime": "2024-03-04T13:20:00",
    "WeekType": "Нижняя неделя",
    "Classroom": "У 340(2)",
    "Group": "8320",
    "Subject": "Оптимизация работы мехатронных систем",
    "InstructorName": "Воронцов Дмитрий Николаевич",
    "InstructorLink": "https://www.smtu.ru/ru/viewperson/102138/"
  },
  {
    "DayOfWeek": "Вторник",
    "StartTime": "2024-03-04T14:00:00",
    "EndTime": "2024-03-04T15:30:00",
    "WeekType": "Обе недели",
    "Classroom": "У 209",
    "Group": "8320",
    "Subject": "Технологии программирования мехатронных систем",
    "InstructorName": "Изотова Надежда Андреевна",
    "InstructorLink": ""
  },
  {
    "DayOfWeek": "Вторник",
    "StartTime": "2024-03-04T15:40:00",
    "EndTime": "2024-03-04T17:10:00",
    "WeekType": "Обе недели",
    "Classroom": "У 163",
    "Group": "8320",
    "Subject": "Разработка и моделирование мехатронных систем",
    "InstructorName": "Гриценко Кристина Вадимовна",
    "InstructorLink": ""
  },
  {
    "DayOfWeek": "Вторник",
    "StartTime": "2024-03-04T17:20:00",
    "EndTime": "2024-03-04T18:50:00",
    "WeekType": "Обе недели",
    "Classroom": "У 163",
    "Group": "8320",
    "Subject": "Оптимизация работы мехатронных систем",
    "InstructorName": "Воронцов Дмитрий Николаевич",
    "InstructorLink": "https://www.smtu.ru/ru/viewperson/102138/"
  },
  {
    "DayOfWeek": "Среда",
    "StartTime": "2024-03-04T10:10:00",
    "EndTime": "2024-03-04T11:40:00",
    "WeekType": "Обе недели",
    "Classroom": "У 163",
    "Group": "8320",
    "Subject": "Разработка и моделирование мехатронных систем",
    "InstructorName": "Гриценко Кристина Вадимовна",
    "InstructorLink": ""
  },
  {
    "DayOfWeek": "Среда",
    "StartTime": "2024-03-04T11:50:00",
    "EndTime": "2024-03-04T13:20:00",
    "WeekType": "Обе недели",
    "Classroom": "У 163",
    "Group": "8320",
    "Subject": "Технологии программирования мехатронных систем",
    "InstructorName": "Кайнова Татьяна Денисовна",
    "InstructorLink": ""
  },
  {
    "DayOfWeek": "Среда",
    "StartTime": "2024-03-04T14:00:00",
    "EndTime": "2024-03-04T15:30:00",
    "WeekType": "Верхняя неделя",
    "Classroom": "У 419",
    "Group": "8320",
    "Subject": "Технологии программирования мехатронных систем",
    "InstructorName": "Изотова Надежда Андреевна",
    "InstructorLink": ""
  },
  {
    "DayOfWeek": "Среда",
    "StartTime": "2024-03-04T14:00:00",
    "EndTime": "2024-03-04T15:30:00",
    "WeekType": "Нижняя неделя",
    "Classroom": "У 9",
    "Group": "8320",
    "Subject": "Технологии программирования мехатронных систем",
    "InstructorName": "Изотова Надежда Андреевна",
    "InstructorLink": ""
  },
  {
    "DayOfWeek": "Среда",
    "StartTime": "2024-03-04T15:40:00",
    "EndTime": "2024-03-04T17:10:00",
    "WeekType": "Верхняя неделя",
    "Classroom": "У 218",
    "Group": "8320",
    "Subject": "Разработка и моделирование мехатронных систем",
    "InstructorName": "Гриценко Кристина Вадимовна",
    "InstructorLink": ""
  },
  {
    "DayOfWeek": "Среда",
    "StartTime": "2024-03-04T15:40:00",
    "EndTime": "2024-03-04T17:10:00",
    "WeekType": "Нижняя неделя",
    "Classroom": "У 319а(2)",
    "Group": "8320",
    "Subject": "Разработка и моделирование мехатронных систем",
    "InstructorName": "Гриценко Кристина Вадимовна",
    "InstructorLink": ""
  },
  {
    "DayOfWeek": "Четверг",
    "StartTime": "2024-03-04T10:10:00",
    "EndTime": "2024-03-04T11:40:00",
    "WeekType": "Обе недели",
    "Classroom": "У 423",
    "Group": "8320",
    "Subject": "Иностранный язык в профессиональной деятельности",
    "InstructorName": "Кузьмина Мария Андреевна",
    "InstructorLink": ""
  },
  {
    "DayOfWeek": "Четверг",
    "StartTime": "2024-03-04T11:50:00",
    "EndTime": "2024-03-04T13:20:00",
    "WeekType": "Обе недели",
    "Classroom": "У 9",
    "Group": "8320",
    "Subject": "Технологии программирования мехатронных систем",
    "InstructorName": "Кайнова Татьяна Денисовна",
    "InstructorLink": ""
  },
  {
    "DayOfWeek": "Четверг",
    "StartTime": "2024-03-04T14:00:00",
    "EndTime": "2024-03-04T15:30:00",
    "WeekType": "Обе недели",
    "Classroom": "У каф.ФВ",
    "Group": "8320",
    "Subject": "Физическая культура",
    "InstructorName": "Алтухова Нина Николаевна",
    "InstructorLink": "https://www.smtu.ru/ru/viewperson/100025/"
  },
  {
    "DayOfWeek": "Четверг",
    "StartTime": "2024-03-04T15:40:00",
    "EndTime": "2024-03-04T17:10:00",
    "WeekType": "Обе недели",
    "Classroom": "У 209",
    "Group": "8320",
    "Subject": "Технологии программирования мехатронных систем",
    "InstructorName": "Изотова Надежда Андреевна",
    "InstructorLink": ""
  },
  {
    "DayOfWeek": "Пятница",
    "StartTime": "2024-03-04T08:30:00",
    "EndTime": "2024-03-04T10:00:00",
    "WeekType": "Верхняя неделя",
    "Classroom": "У 421",
    "Group": "8320",
    "Subject": "Разработка и моделирование мехатронных систем",
    "InstructorName": "Гриценко Кристина Вадимовна",
    "InstructorLink": ""
  },
  {
    "DayOfWeek": "Пятница",
    "StartTime": "2024-03-04T08:30:00",
    "EndTime": "2024-03-04T10:00:00",
    "WeekType": "Нижняя неделя",
    "Classroom": "У 218",
    "Group": "8320",
    "Subject": "Разработка и моделирование мехатронных систем",
    "InstructorName": "Гриценко Кристина Вадимовна",
    "InstructorLink": ""
  },
  {
    "DayOfWeek": "Пятница",
    "StartTime": "2024-03-04T10:10:00",
    "EndTime": "2024-03-04T11:40:00",
    "WeekType": "Обе недели",
    "Classroom": "У 422",
    "Group": "8320",
    "Subject": "Основы философии",
    "InstructorName": "Солдатов Андрей Александрович",
    "InstructorLink": "https://www.smtu.ru/ru/viewperson/101131/"
  },
  {
    "DayOfWeek": "Пятница",
    "StartTime": "2024-03-04T11:50:00",
    "EndTime": "2024-03-04T13:20:00",
    "WeekType": "Обе недели",
    "Classroom": "У 422",
    "Group": "8320",
    "Subject": "Техническое обслуживание, ремонт, испытание мехатронных систем",
    "InstructorName": "Дадочкин Максим Константинович",
    "InstructorLink": ""
  }
]