[
  {
    "DayOfWeek": "Понедельник",
    "StartTime": "2024-03-04T14:00:00",
    "EndTime": "2024-03-04T15:30:00",
    "WeekType": "Обе недели",
    "Classroom": "У 163",
    "Group": "8340",
    "Subject": "Проектирование технологических процессов, разработка технологической документациии и внедрение ее в производство",
    "InstructorName": "Голубева Дарья Евгеньевна",
    "InstructorLink": "https://www.smtu.ru/ru/viewperson/103341/"
  },
  {
    "DayOfWeek": "Понедельник",
    "StartTime": "2024-03-04T15:40:00",
    "EndTime": "2024-03-04T17:10:00",
    "WeekType": "Обе недели",
    "Classroom": "У 421",
    "Group": "8340",
    "Subject": "Технология монтажа, ремонта и технического обслуживания судовых энергетических установок, средств автоматики и судовых машин и механизмов",
    "InstructorName": "Кизилов Дмитрий Иванович",
    "InstructorLink": "https://www.smtu.ru/ru/viewperson/105211/"
  },
  {
    "DayOfWeek": "Понедельник",
    "StartTime": "2024-03-04T17:20:00",
    "EndTime": "2024-03-04T18:50:00",
    "WeekType": "Обе недели",
    "Classroom": "У 421",
    "Group": "8340",
    "Subject": "Технология монтажа, ремонта и технического обслуживания судовых энергетических установок, средств автоматики и судовых машин и механизмов",
    "InstructorName": "Кизилов Дмитрий Иванович",
    "InstructorLink": "https://www.smtu.ru/ru/viewperson/105211/"
  },
  {
    "DayOfWeek": "Вторник",
    "StartTime": "2024-03-04T11:50:00",
    "EndTime": "2024-03-04T13:20:00",
    "WeekType": "Нижняя неделя",
    "Classroom": "У 419",
    "Group": "8340",
    "Subject": "Организация труда на производственном участке и управление им",
    "InstructorName": "Марченко Сергей Сергеевич",
    "InstructorLink": "https://www.smtu.ru/ru/viewperson/100733/"
  },
  {
    "DayOfWeek": "Вторник",
    "StartTime": "2024-03-04T14:00:00",
    "EndTime": "2024-03-04T15:30:00",
    "WeekType": "Верхняя неделя",
    "Classroom": "У 420",
    "Group": "8340",
    "Subject": "Проектирование технологических процессов, разработка технологической документациии и внедрение ее в производство",
    "InstructorName": "Голубева Дарья Евгеньевна",
    "InstructorLink": "https://www.smtu.ru/ru/viewperson/103341/"
  },
  {
    "DayOfWeek": "Вторник",
    "StartTime": "2024-03-04T14:00:00",
    "EndTime": "2024-03-04T15:30:00",
    "WeekType": "Нижняя неделя",
    "Classroom": "У 163",
    "Group": "8340",
    "Subject": "Проектирование технологических процессов, разработка технологической документациии и внедрение ее в производство",
    "InstructorName": "Голубева Дарья Евгеньевна",
    "InstructorLink": "https://www.smtu.ru/ru/viewperson/103341/"
  },
  {
    "DayOfWeek": "Вторник",
    "StartTime": "2024-03-04T15:40:00",
    "EndTime": "2024-03-04T17:10:00",
    "WeekType": "Обе недели",
    "Classroom": "У каф.ФВ",
    "Group": "8340",
    "Subject": "Физическая культура",
    "InstructorName": "Смирнов Андрей Дмитриевич",
    "InstructorLink": ""
  },
  {
    "DayOfWeek": "Вторник",
    "StartTime": "2024-03-04T17:20:00",
    "EndTime": "2024-03-04T18:50:00",
    "WeekType": "Обе недели",
    "Classroom": "У 420",
    "Group": "8340",
    "Subject": "Организация труда на производственном участке и управление им",
    "InstructorName": "Марченко Сергей Сергеевич",
    "InstructorLink": "https://www.smtu.ru/ru/viewperson/100733/"
  },
  {
    "DayOfWeek": "Среда",
    "StartTime": "2024-03-04T11:50:00",
    "EndTime": "2024-03-04T13:20:00",
    "WeekType": "Обе недели",
    "Classroom": "У 304ю",
    "Group": "8340",
    "Subject": "Технология монтажа, ремонта и технического обслуживания судовых энергетических установок, средств автоматики и судовых машин и механизмов",
    "InstructorName": "Кизилов Дмитрий Иванович",
    "InstructorLink": "https://www.smtu.ru/ru/viewperson/105211/"
  },
  {
    "DayOfWeek": "Среда",
    "StartTime": "2024-03-04T14:00:00",
    "EndTime": "2024-03-04T15:30:00",
    "WeekType": "Обе недели",
    "Classroom": "У 423",
    "Group": "8340",
    "Subject": "Иностранный язык в профессиональной деятельности",
    "InstructorName": "Кузьмина Мария Андреевна",
    "InstructorLink": ""
  },
  {
    "DayOfWeek": "Среда",
    "StartTime": "2024-03-04T15:40:00",
    "EndTime": "2024-03-04T17:10:00",
    "WeekType": "Обе недели",
    "Classroom": "У 422",
    "Group": "8340",
    "Subject": "Технология монтажа, ремонта и технического обслуживания судовых энергетических установок, средств автоматики и судовых машин и механизмов",
    "InstructorName": "Кизилов Дмитрий Иванович",
    "InstructorLink": "https://www.smtu.ru/ru/viewperson/105211/"
  },
  {
    "DayOfWeek": "Среда",
    "StartTime": "2024-03-04T17:20:00",
    "EndTime": "2024-03-04T18:50:00",
    "WeekType": "Обе недели",
    "Classroom": "У 422",
    "Group": "8340",
    "Subject": "Технология монтажа, ремонта и технического обслуживания судовых энергетических установок, средств автоматики и судовых машин и механизмов",
    "InstructorName": "Кизилов Дмитрий Иванович",
    "InstructorLink": "https://www.smtu.ru/ru/viewperson/105211/"
  },
  {
    "DayOfWeek": "Четверг",
    "StartTime": "2024-03-04T08:30:00",
    "EndTime": "2024-03-04T10:00:00",
    "WeekType": "Обе недели",
    "Classroom": "У 163",
    "Group": "8340",
    "Subject": "Проектирование технологических процессов, разработка технологической документациии и внедрение ее в производство",
    "InstructorName": "Голубева Дарья Евгеньевна",
    "InstructorLink": "https://www.smtu.ru/ru/viewperson/103341/"
  },
  {
    "DayOfWeek": "Четверг",
    "StartTime": "2024-03-04T10:10:00",
    "EndTime": "2024-03-04T11:40:00",
    "WeekType": "Обе недели",
    "Classroom": "У 163",
    "Group": "8340",
    "Subject": "Проектирование технологических процессов, разработка технологической документациии и внедрение ее в производство",
    "InstructorName": "Голубева Дарья Евгеньевна",
    "InstructorLink": "https://www.smtu.ru/ru/viewperson/103341/"
  },
  {
    "DayOfWeek": "Четверг",
    "StartTime": "2024-03-04T11:50:00",
    "EndTime": "2024-03-04T13:20:00",
    "WeekType": "Обе недели",
    "Classroom": "У 420",
    "Group": "8340",
    "Subject": "Технология монтажа, ремонта и технического обслуживания судовых энергетических установок, средств автоматики и судовых машин и механизмов",
    "InstructorName": "Кизилов Дмитрий Иванович",
    "InstructorLink": "https://www.smtu.ru/ru/viewperson/105211/"
  },
  {
    "DayOfWeek": "Четверг",
    "StartTime": "2024-03-04T14:00:00",
    "EndTime": "2024-03-04T15:30:00",
    "WeekType": "Верхняя неделя",
    "Classroom": "У 319a(1)",
    "Group": "8340",
    "Subject": "Технология монтажа, ремонта и технического обслуживания судовых энергетических установок, средств автоматики и судовых машин и механизмов",
    "InstructorName": "Кизилов Дмитрий Иванович",
    "InstructorLink": "https://www.smtu.ru/ru/viewperson/105211/"
  },
  {
    "DayOfWeek": "Четверг",
    "StartTime": "2024-03-04T14:00:00",
    "EndTime": "2024-03-04T15:30:00",
    "WeekType": "Нижняя неделя",
    "Classroom": "У 319a(1)",
    "Group": "8340",
    "Subject": "Технология монтажа, ремонта и технического обслуживания судовых энергетических установок, средств автоматики и судовых машин и механизмов",
    "InstructorName": "Кизилов Дмитрий Иванович",
    "InstructorLink": "https://www.smtu.ru/ru/viewperson/105211/"
  },
  {
    "DayOfWeek": "Пятница",
    "StartTime": "2024-03-04T15:40:00",
    "EndTime": "2024-03-04T17:10:00",
    "WeekType": "Обе недели",
    "Classroom": "У 421",
    "Group": "8340",
    "Subject": "Проектирование технологических процессов, разработка технологической документациии и внедрение ее в производство",
    "InstructorName": "Голубева Дарья Евгеньевна",
    "InstructorLink": "https://www.smtu.ru/ru/viewperson/103341/"
  },
  {
    "DayOfWeek": "Пятница",
    "StartTime": "2024-03-04T17:20:00",
    "EndTime": "2024-03-04T18:50:00",
    "WeekType": "Обе недели",
    "Classroom": "У 420",
    "Group": "8340",
    "Subject": "Проектирование технологических процессов, разработка технологической документациии и внедрение ее в производство",
    "InstructorName": "Голубева Дарья Евгеньевна",
    "InstructorLink": "https://www.smtu.ru/ru/viewperson/103341/"
  }
]