[
  {
    "NameContact": "Студенческий отдел кадров:",
    "AdditionalName": null,
    "Telephone": "494-09-01",
    "WorkTime": "Пн, Вт, Чт: 13:15 — 16:15; Пт: 13:00 — 16:00",
    "Address": null,
    "Information": "Сотрудники деканатов и других подразделений принимаются в указанные часы"
  },
  {
    "NameContact": "Оформление проездных билетов БСК:",
    "AdditionalName": null,
    "Telephone": null,
    "WorkTime": "Вт: 12:30 — 16:00; Пт: 9:45 — 11:30",
    "Address": null,
    "Information": null
  },
  {
    "NameContact": "Военно-учетный стол СПбГМТУ:",
    "AdditionalName": "МЛАДШИЕ КУРСЫ (1-3 курсы)",
    "Telephone": "+7 (812) 753-56-25",
    "WorkTime": "Пн, Вт, Чт: 09:00 — 16:00; Пт: 09:00 — 15:00",
    "Address": "Ленинский пр-кт, д.101, каб 315-Б",
    "Information": "При себе иметь: \n\n \t\t 1. Паспорт \n\n \t\t 2. Удостоверение призывника (военный билет)\n\n\t\t 3. Регистрация в Санкт-Петербурге (для иногородних студентов)"
  },
  {
    "NameContact": "Военно-учетный стол СПбГМТУ:",
    "AdditionalName": "СТАРШИЕ КУРСЫ (4-5 курсы)",
    "Telephone": "+7 (812) 495-23-65",
    "WorkTime": "Пн, Вт, Чт: 09:00 — 16:00; Пт: 09:00 — 15:00",
    "Address": "ул. Лоцманская, д. 3, каб. 444-А",
    "Information": "При себе иметь:\n\n\t\t1. Паспорт\n\n\t\t 2. Удостоверение призывника (военный билет)\n\n\t\t\t 3. Регистрация в Санкт-Петербурге (для иногородних студентов)"
  }
]

