[{
    "NameContact": "Кайнова Татьяна Денисовна",
    "Position": ["ассистент на кафедре киберфизических систем"],
    "TaughtSubjects": ["Информатика", "Техническая механика", "Информационные технологии в прогнозировании и экспертизе", "Методы искусственного интеллекта и машинное обучение", "Нейронные сети и вычислительный интеллекта", "Методы и технологии машинного обучения"],
    "AcademicDegree": null,
    "TeachingExperience": "несколько лет",
    "Telephone": null,
    "Email": null,
    "TgLink": null,
    "ScheduleLink":null,
    "Information": "В 2021 году закончила бакалавриат СПбГМТУ по специальности \"Информатика и вычислительная техника\", а в 2023 – магистратуру с красным дипломом по тому же направлению. Кайнова Т.Д. является постоянным участником международных конференций, публикации за ее авторством индексированы в РИНЦ и SCOPUS. В качестве инженера лаборатории искусственного интеллекта принимает участие в программе развития СПбГМТУ в рамках реализации программы стратегического академического лидерства \"Приоритет2030\" и программе развития Научного центра мирового уровня (НЦМУ) \"Передовые цифровые технологии\"."
    }]