[
  {
    "DayOfWeek": "Понедельник",
    "StartTime": "2024-03-04T19:00:00",
    "EndTime": "2024-03-04T20:30:00",
    "WeekType": "Верхняя неделя",
    "Classroom": "У 211",
    "Group": "5110",
    "Subject": "Инженерная графика",
    "InstructorName": "Куличкова Елена Асановна",
    "InstructorLink": "https://www.smtu.ru/ru/viewperson/123001/"
  },
  {
    "DayOfWeek": "Понедельник",
    "StartTime": "2024-03-04T19:00:00",
    "EndTime": "2024-03-04T20:30:00",
    "WeekType": "Нижняя неделя",
    "Classroom": "Б 610",
    "Group": "5110",
    "Subject": "Кораблестроительное черчение",
    "InstructorName": "Апалько Татьяна Анатольевна",
    "InstructorLink": "https://www.smtu.ru/ru/viewperson/100048/"
  },
  {
    "DayOfWeek": "Понедельник",
    "StartTime": "2024-03-04T20:40:00",
    "EndTime": "2024-03-04T22:10:00",
    "WeekType": "Верхняя неделя",
    "Classroom": "У 211",
    "Group": "5110",
    "Subject": "Инженерная графика",
    "InstructorName": "Куличкова Елена Асановна",
    "InstructorLink": "https://www.smtu.ru/ru/viewperson/123001/"
  },
  {
    "DayOfWeek": "Понедельник",
    "StartTime": "2024-03-04T20:40:00",
    "EndTime": "2024-03-04T22:10:00",
    "WeekType": "Нижняя неделя",
    "Classroom": "Б 610",
    "Group": "5110",
    "Subject": "Кораблестроительное черчение",
    "InstructorName": "Апалько Татьяна Анатольевна",
    "InstructorLink": "https://www.smtu.ru/ru/viewperson/100048/"
  },
  {
    "DayOfWeek": "Вторник",
    "StartTime": "2024-03-04T19:00:00",
    "EndTime": "2024-03-04T20:30:00",
    "WeekType": "Верхняя неделя",
    "Classroom": "У 105",
    "Group": "5110",
    "Subject": "Теоретическая механика",
    "InstructorName": "Коробицин Антон Александрович",
    "InstructorLink": ""
  },
  {
    "DayOfWeek": "Вторник",
    "StartTime": "2024-03-04T19:00:00",
    "EndTime": "2024-03-04T20:30:00",
    "WeekType": "Нижняя неделя",
    "Classroom": "У 320",
    "Group": "5110",
    "Subject": "Физика",
    "InstructorName": "Рытов Евгений Юрьевич",
    "InstructorLink": "https://www.smtu.ru/ru/viewperson/101015/"
  },
  {
    "DayOfWeek": "Вторник",
    "StartTime": "2024-03-04T20:40:00",
    "EndTime": "2024-03-04T22:10:00",
    "WeekType": "Верхняя неделя",
    "Classroom": "У 506",
    "Group": "5110",
    "Subject": "Теоретическая механика",
    "InstructorName": "Коробицин Антон Александрович",
    "InstructorLink": ""
  },
  {
    "DayOfWeek": "Вторник",
    "StartTime": "2024-03-04T20:40:00",
    "EndTime": "2024-03-04T22:10:00",
    "WeekType": "Нижняя неделя",
    "Classroom": "У 107",
    "Group": "5110",
    "Subject": "Физика",
    "InstructorName": "Рытов Евгений Юрьевич",
    "InstructorLink": "https://www.smtu.ru/ru/viewperson/101015/"
  },
  {
    "DayOfWeek": "Среда",
    "StartTime": "2024-03-04T19:00:00",
    "EndTime": "2024-03-04T20:30:00",
    "WeekType": "Верхняя неделя",
    "Classroom": "Б 301а",
    "Group": "5110",
    "Subject": "Информационные технологии",
    "InstructorName": "Суслов Александр Николаевич",
    "InstructorLink": ""
  },
  {
    "DayOfWeek": "Среда",
    "StartTime": "2024-03-04T20:40:00",
    "EndTime": "2024-03-04T22:10:00",
    "WeekType": "Верхняя неделя",
    "Classroom": "Б 301а",
    "Group": "5110",
    "Subject": "Информационные технологии",
    "InstructorName": "Суслов Александр Николаевич",
    "InstructorLink": ""
  },
  {
    "DayOfWeek": "Четверг",
    "StartTime": "2024-03-04T19:00:00",
    "EndTime": "2024-03-04T20:30:00",
    "WeekType": "Обе недели",
    "Classroom": "У 101",
    "Group": "5110",
    "Subject": "История России",
    "InstructorName": "Пантелеева Екатерина Валерьевна",
    "InstructorLink": "https://www.smtu.ru/ru/viewperson/100873/"
  },
  {
    "DayOfWeek": "Четверг",
    "StartTime": "2024-03-04T20:40:00",
    "EndTime": "2024-03-04T22:10:00",
    "WeekType": "Верхняя неделя",
    "Classroom": "У 101",
    "Group": "5110",
    "Subject": "Высшая математика",
    "InstructorName": "Саенко Сергей Игоревич",
    "InstructorLink": "https://www.smtu.ru/ru/viewperson/114495/"
  },
  {
    "DayOfWeek": "Четверг",
    "StartTime": "2024-03-04T20:40:00",
    "EndTime": "2024-03-04T22:10:00",
    "WeekType": "Нижняя неделя",
    "Classroom": "У 440",
    "Group": "5110",
    "Subject": "Высшая математика",
    "InstructorName": "Саенко Сергей Игоревич",
    "InstructorLink": "https://www.smtu.ru/ru/viewperson/114495/"
  },
  {
    "DayOfWeek": "Пятница",
    "StartTime": "2024-03-04T19:00:00",
    "EndTime": "2024-03-04T20:30:00",
    "WeekType": "Нижняя неделя",
    "Classroom": "А 503",
    "Group": "5110",
    "Subject": "Энергетические установки судов",
    "InstructorName": "Степанов Артём Валерьевич",
    "InstructorLink": ""
  },
  {
    "DayOfWeek": "Пятница",
    "StartTime": "2024-03-04T20:40:00",
    "EndTime": "2024-03-04T22:10:00",
    "WeekType": "Нижняя неделя",
    "Classroom": "А 503",
    "Group": "5110",
    "Subject": "Энергетические установки судов",
    "InstructorName": "Степанов Артём Валерьевич",
    "InstructorLink": ""
  }
]