[
  {
    "DayOfWeek": "Вторник",
    "StartTime": "2024-03-04T19:00:00",
    "EndTime": "2024-03-04T20:30:00",
    "WeekType": "Обе недели",
    "Classroom": "У 410",
    "Group": "5160",
    "Subject": "Высшая математика",
    "InstructorName": "Ипатова Лариса Петровна",
    "InstructorLink": ""
  },
  {
    "DayOfWeek": "Вторник",
    "StartTime": "2024-03-04T19:00:00",
    "EndTime": "2024-03-04T20:30:00",
    "WeekType": "Обе недели",
    "Classroom": "У 502",
    "Group": "5160",
    "Subject": "Социология маркетинга",
    "InstructorName": "Прозоровская Камилла Александровна",
    "InstructorLink": "https://www.smtu.ru/ru/viewperson/100945/"
  },
  {
    "DayOfWeek": "Вторник",
    "StartTime": "2024-03-04T20:40:00",
    "EndTime": "2024-03-04T22:10:00",
    "WeekType": "Обе недели",
    "Classroom": "У 410",
    "Group": "5160",
    "Subject": "Высшая математика",
    "InstructorName": "Ипатова Лариса Петровна",
    "InstructorLink": ""
  },
  {
    "DayOfWeek": "Вторник",
    "StartTime": "2024-03-04T20:40:00",
    "EndTime": "2024-03-04T22:10:00",
    "WeekType": "Обе недели",
    "Classroom": "У 502",
    "Group": "5160",
    "Subject": "Социология маркетинга",
    "InstructorName": "Прозоровская Камилла Александровна",
    "InstructorLink": "https://www.smtu.ru/ru/viewperson/100945/"
  },
  {
    "DayOfWeek": "Среда",
    "StartTime": "2024-03-04T19:00:00",
    "EndTime": "2024-03-04T20:30:00",
    "WeekType": "Обе недели",
    "Classroom": "У 502",
    "Group": "5160",
    "Subject": "Социология потребления",
    "InstructorName": "Аносов Юрий Александрович",
    "InstructorLink": "https://www.smtu.ru/ru/viewperson/100040/"
  },
  {
    "DayOfWeek": "Среда",
    "StartTime": "2024-03-04T19:00:00",
    "EndTime": "2024-03-04T20:30:00",
    "WeekType": "Обе недели",
    "Classroom": "У 502",
    "Group": "5160",
    "Subject": "Основы социологии",
    "InstructorName": "Шевченко Михаил Максимович",
    "InstructorLink": "https://www.smtu.ru/ru/viewperson/101353/"
  },
  {
    "DayOfWeek": "Среда",
    "StartTime": "2024-03-04T20:40:00",
    "EndTime": "2024-03-04T22:10:00",
    "WeekType": "Обе недели",
    "Classroom": "У 502",
    "Group": "5160",
    "Subject": "Основы социологии",
    "InstructorName": "Шевченко Михаил Максимович",
    "InstructorLink": "https://www.smtu.ru/ru/viewperson/101353/"
  },
  {
    "DayOfWeek": "Среда",
    "StartTime": "2024-03-04T20:40:00",
    "EndTime": "2024-03-04T22:10:00",
    "WeekType": "Обе недели",
    "Classroom": "У 502",
    "Group": "5160",
    "Subject": "Социология потребления",
    "InstructorName": "Аносов Юрий Александрович",
    "InstructorLink": "https://www.smtu.ru/ru/viewperson/100040/"
  },
  {
    "DayOfWeek": "Четверг",
    "StartTime": "2024-03-04T19:00:00",
    "EndTime": "2024-03-04T20:30:00",
    "WeekType": "Обе недели",
    "Classroom": "У 444",
    "Group": "5160",
    "Subject": "Иностранный язык",
    "InstructorName": "Ковалев Андрей Петрович",
    "InstructorLink": "https://www.smtu.ru/ru/viewperson/122808/"
  },
  {
    "DayOfWeek": "Четверг",
    "StartTime": "2024-03-04T19:00:00",
    "EndTime": "2024-03-04T20:30:00",
    "WeekType": "Обе недели",
    "Classroom": "У 511",
    "Group": "5160",
    "Subject": "Философия",
    "InstructorName": "Голованова Оксана Владимировна",
    "InstructorLink": "https://www.smtu.ru/ru/viewperson/100277/"
  },
  {
    "DayOfWeek": "Четверг",
    "StartTime": "2024-03-04T19:00:00",
    "EndTime": "2024-03-04T20:30:00",
    "WeekType": "Обе недели",
    "Classroom": "У 511",
    "Group": "5160",
    "Subject": "Социология молодежи",
    "InstructorName": "Шмырева Ольга Валерьевна",
    "InstructorLink": "https://www.smtu.ru/ru/viewperson/101372/"
  },
  {
    "DayOfWeek": "Четверг",
    "StartTime": "2024-03-04T20:40:00",
    "EndTime": "2024-03-04T22:10:00",
    "WeekType": "Обе недели",
    "Classroom": "У 511",
    "Group": "5160",
    "Subject": "Социология молодежи",
    "InstructorName": "Шмырева Ольга Валерьевна",
    "InstructorLink": "https://www.smtu.ru/ru/viewperson/101372/"
  },
  {
    "DayOfWeek": "Четверг",
    "StartTime": "2024-03-04T20:40:00",
    "EndTime": "2024-03-04T22:10:00",
    "WeekType": "Обе недели",
    "Classroom": "У 511",
    "Group": "5160",
    "Subject": "Философия",
    "InstructorName": "Голованова Оксана Владимировна",
    "InstructorLink": "https://www.smtu.ru/ru/viewperson/100277/"
  },
  {
    "DayOfWeek": "Четверг",
    "StartTime": "2024-03-04T20:40:00",
    "EndTime": "2024-03-04T22:10:00",
    "WeekType": "Обе недели",
    "Classroom": "У 444",
    "Group": "5160",
    "Subject": "Иностранный язык",
    "InstructorName": "Ковалев Андрей Петрович",
    "InstructorLink": "https://www.smtu.ru/ru/viewperson/122808/"
  },
  {
    "DayOfWeek": "Пятница",
    "StartTime": "2024-03-04T19:00:00",
    "EndTime": "2024-03-04T20:30:00",
    "WeekType": "Обе недели",
    "Classroom": "У 502",
    "Group": "5160",
    "Subject": "История социологии",
    "InstructorName": "Медведев Владимир Иванович",
    "InstructorLink": "https://www.smtu.ru/ru/viewperson/100748/"
  },
  {
    "DayOfWeek": "Пятница",
    "StartTime": "2024-03-04T19:00:00",
    "EndTime": "2024-03-04T20:30:00",
    "WeekType": "Обе недели",
    "Classroom": "У 101",
    "Group": "5160",
    "Subject": "История России",
    "InstructorName": "Пантелеева Екатерина Валерьевна",
    "InstructorLink": "https://www.smtu.ru/ru/viewperson/100873/"
  },
  {
    "DayOfWeek": "Пятница",
    "StartTime": "2024-03-04T20:40:00",
    "EndTime": "2024-03-04T22:10:00",
    "WeekType": "Обе недели",
    "Classroom": "У 101",
    "Group": "5160",
    "Subject": "История России",
    "InstructorName": "Пантелеева Екатерина Валерьевна",
    "InstructorLink": "https://www.smtu.ru/ru/viewperson/100873/"
  },
  {
    "DayOfWeek": "Пятница",
    "StartTime": "2024-03-04T20:40:00",
    "EndTime": "2024-03-04T22:10:00",
    "WeekType": "Обе недели",
    "Classroom": "У 502",
    "Group": "5160",
    "Subject": "История социологии",
    "InstructorName": "Медведев Владимир Иванович",
    "InstructorLink": "https://www.smtu.ru/ru/viewperson/100748/"
  }
]