[
  {
    "DayOfWeek": "Понедельник",
    "StartTime": "2024-03-04T19:00:00",
    "EndTime": "2024-03-04T20:30:00",
    "WeekType": "Верхняя неделя",
    "Classroom": "У 320",
    "Group": "5170",
    "Subject": "Физика",
    "InstructorName": "Рытов Евгений Юрьевич",
    "InstructorLink": "https://www.smtu.ru/ru/viewperson/101015/"
  },
  {
    "DayOfWeek": "Понедельник",
    "StartTime": "2024-03-04T19:00:00",
    "EndTime": "2024-03-04T20:30:00",
    "WeekType": "Нижняя неделя",
    "Classroom": "У 440",
    "Group": "5170",
    "Subject": "Высшая математика",
    "InstructorName": "Саенко Сергей Игоревич",
    "InstructorLink": "https://www.smtu.ru/ru/viewperson/114495/"
  },
  {
    "DayOfWeek": "Понедельник",
    "StartTime": "2024-03-04T20:40:00",
    "EndTime": "2024-03-04T22:10:00",
    "WeekType": "Верхняя неделя",
    "Classroom": "У 320",
    "Group": "5170",
    "Subject": "Физика",
    "InstructorName": "Рытов Евгений Юрьевич",
    "InstructorLink": "https://www.smtu.ru/ru/viewperson/101015/"
  },
  {
    "DayOfWeek": "Понедельник",
    "StartTime": "2024-03-04T20:40:00",
    "EndTime": "2024-03-04T22:10:00",
    "WeekType": "Нижняя неделя",
    "Classroom": "У 447",
    "Group": "5170",
    "Subject": "Иностранный язык",
    "InstructorName": "Серова Людмила Павловна",
    "InstructorLink": "https://www.smtu.ru/ru/viewperson/101067/"
  },
  {
    "DayOfWeek": "Вторник",
    "StartTime": "2024-03-04T19:00:00",
    "EndTime": "2024-03-04T20:30:00",
    "WeekType": "Обе недели",
    "Classroom": "У 311",
    "Group": "5170",
    "Subject": "Прикладная механика",
    "InstructorName": "Федотова Ираида Александровна",
    "InstructorLink": "https://www.smtu.ru/ru/viewperson/122755/"
  },
  {
    "DayOfWeek": "Вторник",
    "StartTime": "2024-03-04T20:40:00",
    "EndTime": "2024-03-04T22:10:00",
    "WeekType": "Обе недели",
    "Classroom": "У 311",
    "Group": "5170",
    "Subject": "Прикладная механика",
    "InstructorName": "Федотова Ираида Александровна",
    "InstructorLink": "https://www.smtu.ru/ru/viewperson/122755/"
  },
  {
    "DayOfWeek": "Четверг",
    "StartTime": "2024-03-04T19:00:00",
    "EndTime": "2024-03-04T20:30:00",
    "WeekType": "Обе недели",
    "Classroom": "У 101",
    "Group": "5170",
    "Subject": "История России",
    "InstructorName": "Пантелеева Екатерина Валерьевна",
    "InstructorLink": "https://www.smtu.ru/ru/viewperson/100873/"
  },
  {
    "DayOfWeek": "Четверг",
    "StartTime": "2024-03-04T20:40:00",
    "EndTime": "2024-03-04T22:10:00",
    "WeekType": "Верхняя неделя",
    "Classroom": "У 101",
    "Group": "5170",
    "Subject": "Высшая математика",
    "InstructorName": "Саенко Сергей Игоревич",
    "InstructorLink": "https://www.smtu.ru/ru/viewperson/114495/"
  },
  {
    "DayOfWeek": "Пятница",
    "StartTime": "2024-03-04T19:00:00",
    "EndTime": "2024-03-04T20:30:00",
    "WeekType": "Верхняя неделя",
    "Classroom": "У 191",
    "Group": "5170",
    "Subject": "Материаловедение",
    "InstructorName": "Тихомирова Елена Александровна",
    "InstructorLink": ""
  },
  {
    "DayOfWeek": "Пятница",
    "StartTime": "2024-03-04T19:00:00",
    "EndTime": "2024-03-04T20:30:00",
    "WeekType": "Нижняя неделя",
    "Classroom": "У 211",
    "Group": "5170",
    "Subject": "Инженерная графика",
    "InstructorName": "Куличкова Елена Асановна",
    "InstructorLink": "https://www.smtu.ru/ru/viewperson/123001/"
  },
  {
    "DayOfWeek": "Пятница",
    "StartTime": "2024-03-04T20:40:00",
    "EndTime": "2024-03-04T22:10:00",
    "WeekType": "Верхняя неделя",
    "Classroom": "У 191а",
    "Group": "5170",
    "Subject": "Материаловедение",
    "InstructorName": "Пескишев Сергей Александрович",
    "InstructorLink": ""
  },
  {
    "DayOfWeek": "Пятница",
    "StartTime": "2024-03-04T20:40:00",
    "EndTime": "2024-03-04T22:10:00",
    "WeekType": "Верхняя неделя",
    "Classroom": "У 191",
    "Group": "5170",
    "Subject": "Материаловедение",
    "InstructorName": "Тихомирова Елена Александровна",
    "InstructorLink": ""
  },
  {
    "DayOfWeek": "Пятница",
    "StartTime": "2024-03-04T20:40:00",
    "EndTime": "2024-03-04T22:10:00",
    "WeekType": "Нижняя неделя",
    "Classroom": "У 211",
    "Group": "5170",
    "Subject": "Инженерная графика",
    "InstructorName": "Куличкова Елена Асановна",
    "InstructorLink": "https://www.smtu.ru/ru/viewperson/123001/"
  }
]