[
  {
    "DayOfWeek": "Понедельник",
    "StartTime": "2024-03-04T19:00:00",
    "EndTime": "2024-03-04T20:30:00",
    "WeekType": "Обе недели",
    "Classroom": "У 304ю",
    "Group": "5206",
    "Subject": "Методы принятия решений",
    "InstructorName": "Богданова Татьяна Владимировна",
    "InstructorLink": "https://www.smtu.ru/ru/viewperson/100122/"
  },
  {
    "DayOfWeek": "Понедельник",
    "StartTime": "2024-03-04T19:00:00",
    "EndTime": "2024-03-04T20:30:00",
    "WeekType": "Обе недели",
    "Classroom": "У 304ю",
    "Group": "5206",
    "Subject": "Управление изменениями",
    "InstructorName": "Богданова Татьяна Владимировна",
    "InstructorLink": "https://www.smtu.ru/ru/viewperson/100122/"
  },
  {
    "DayOfWeek": "Понедельник",
    "StartTime": "2024-03-04T20:40:00",
    "EndTime": "2024-03-04T22:10:00",
    "WeekType": "Обе недели",
    "Classroom": "У 304ю",
    "Group": "5206",
    "Subject": "Управление изменениями",
    "InstructorName": "Богданова Татьяна Владимировна",
    "InstructorLink": "https://www.smtu.ru/ru/viewperson/100122/"
  },
  {
    "DayOfWeek": "Понедельник",
    "StartTime": "2024-03-04T20:40:00",
    "EndTime": "2024-03-04T22:10:00",
    "WeekType": "Обе недели",
    "Classroom": "У 304ю",
    "Group": "5206",
    "Subject": "Методы принятия решений",
    "InstructorName": "Богданова Татьяна Владимировна",
    "InstructorLink": "https://www.smtu.ru/ru/viewperson/100122/"
  },
  {
    "DayOfWeek": "Среда",
    "StartTime": "2024-03-04T19:00:00",
    "EndTime": "2024-03-04T20:30:00",
    "WeekType": "Обе недели",
    "Classroom": "У 02ю",
    "Group": "5206",
    "Subject": "Научно-исследовательский семинар",
    "InstructorName": "Богданова Татьяна Владимировна",
    "InstructorLink": "https://www.smtu.ru/ru/viewperson/100122/"
  },
  {
    "DayOfWeek": "Среда",
    "StartTime": "2024-03-04T20:40:00",
    "EndTime": "2024-03-04T22:10:00",
    "WeekType": "Обе недели",
    "Classroom": "У 02ю",
    "Group": "5206",
    "Subject": "Научно-исследовательский семинар",
    "InstructorName": "Богданова Татьяна Владимировна",
    "InstructorLink": "https://www.smtu.ru/ru/viewperson/100122/"
  },
  {
    "DayOfWeek": "Пятница",
    "StartTime": "2024-03-04T19:00:00",
    "EndTime": "2024-03-04T20:30:00",
    "WeekType": "Обе недели",
    "Classroom": "У 444",
    "Group": "5206",
    "Subject": "Иностранный язык в профессиональной деятельности",
    "InstructorName": "Кулаков Дмитрий Юрьевич",
    "InstructorLink": "https://www.smtu.ru/ru/viewperson/103609/"
  },
  {
    "DayOfWeek": "Пятница",
    "StartTime": "2024-03-04T20:40:00",
    "EndTime": "2024-03-04T22:10:00",
    "WeekType": "Обе недели",
    "Classroom": "У 444",
    "Group": "5206",
    "Subject": "Иностранный язык в профессиональной деятельности",
    "InstructorName": "Кулаков Дмитрий Юрьевич",
    "InstructorLink": "https://www.smtu.ru/ru/viewperson/103609/"
  }
]