[
  {
    "DayOfWeek": "Понедельник",
    "StartTime": "2024-03-04T19:00:00",
    "EndTime": "2024-03-04T20:30:00",
    "WeekType": "Верхняя неделя",
    "Classroom": "У 245",
    "Group": "5210",
    "Subject": "Теория конструкционных материалов",
    "InstructorName": "Максименко Валентин Павлович",
    "InstructorLink": ""
  },
  {
    "DayOfWeek": "Понедельник",
    "StartTime": "2024-03-04T20:40:00",
    "EndTime": "2024-03-04T22:10:00",
    "WeekType": "Верхняя неделя",
    "Classroom": "У 245",
    "Group": "5210",
    "Subject": "Теория конструкционных материалов",
    "InstructorName": "Максименко Валентин Павлович",
    "InstructorLink": ""
  },
  {
    "DayOfWeek": "Вторник",
    "StartTime": "2024-03-04T19:00:00",
    "EndTime": "2024-03-04T20:30:00",
    "WeekType": "Верхняя неделя",
    "Classroom": "Б 318",
    "Group": "5210",
    "Subject": "Механика жидкости и газа",
    "InstructorName": "Белая Алена Борисовна",
    "InstructorLink": ""
  },
  {
    "DayOfWeek": "Вторник",
    "StartTime": "2024-03-04T19:00:00",
    "EndTime": "2024-03-04T20:30:00",
    "WeekType": "Нижняя неделя",
    "Classroom": "Б 318",
    "Group": "5210",
    "Subject": "Механика жидкости и газа",
    "InstructorName": "Белая Алена Борисовна",
    "InstructorLink": ""
  },
  {
    "DayOfWeek": "Вторник",
    "StartTime": "2024-03-04T20:40:00",
    "EndTime": "2024-03-04T22:10:00",
    "WeekType": "Нижняя неделя",
    "Classroom": "Б 318",
    "Group": "5210",
    "Subject": "Механика жидкости и газа",
    "InstructorName": "Белая Алена Борисовна",
    "InstructorLink": ""
  },
  {
    "DayOfWeek": "Среда",
    "StartTime": "2024-03-04T19:00:00",
    "EndTime": "2024-03-04T20:30:00",
    "WeekType": "Верхняя неделя",
    "Classroom": "У 144",
    "Group": "5210",
    "Subject": "Дополнительные главы сопротивления материалов",
    "InstructorName": "Койсин Виталий Евгеньевич",
    "InstructorLink": "https://www.smtu.ru/ru/viewperson/123830/"
  },
  {
    "DayOfWeek": "Среда",
    "StartTime": "2024-03-04T19:00:00",
    "EndTime": "2024-03-04T20:30:00",
    "WeekType": "Нижняя неделя",
    "Classroom": "У 105",
    "Group": "5210",
    "Subject": "Экология",
    "InstructorName": "Чихонадских Елена Александровна",
    "InstructorLink": "https://www.smtu.ru/ru/viewperson/101326/"
  },
  {
    "DayOfWeek": "Среда",
    "StartTime": "2024-03-04T20:40:00",
    "EndTime": "2024-03-04T22:10:00",
    "WeekType": "Верхняя неделя",
    "Classroom": "У 144",
    "Group": "5210",
    "Subject": "Дополнительные главы сопротивления материалов",
    "InstructorName": "Койсин Виталий Евгеньевич",
    "InstructorLink": "https://www.smtu.ru/ru/viewperson/123830/"
  },
  {
    "DayOfWeek": "Среда",
    "StartTime": "2024-03-04T20:40:00",
    "EndTime": "2024-03-04T22:10:00",
    "WeekType": "Нижняя неделя",
    "Classroom": "У 311",
    "Group": "5210",
    "Subject": "Детали машин",
    "InstructorName": "Пазилова Ульяна Анатольевна",
    "InstructorLink": ""
  },
  {
    "DayOfWeek": "Четверг",
    "StartTime": "2024-03-04T19:00:00",
    "EndTime": "2024-03-04T20:30:00",
    "WeekType": "Верхняя неделя",
    "Classroom": "У 311",
    "Group": "5210",
    "Subject": "Детали машин",
    "InstructorName": "Пазилова Ульяна Анатольевна",
    "InstructorLink": ""
  },
  {
    "DayOfWeek": "Четверг",
    "StartTime": "2024-03-04T19:00:00",
    "EndTime": "2024-03-04T20:30:00",
    "WeekType": "Нижняя неделя",
    "Classroom": "У 191",
    "Group": "5210",
    "Subject": "Материаловедение современных и перспективных материалов",
    "InstructorName": "Тихомирова Елена Александровна",
    "InstructorLink": ""
  },
  {
    "DayOfWeek": "Четверг",
    "StartTime": "2024-03-04T20:40:00",
    "EndTime": "2024-03-04T22:10:00",
    "WeekType": "Верхняя неделя",
    "Classroom": "У 311",
    "Group": "5210",
    "Subject": "Детали машин",
    "InstructorName": "Пазилова Ульяна Анатольевна",
    "InstructorLink": ""
  },
  {
    "DayOfWeek": "Четверг",
    "StartTime": "2024-03-04T20:40:00",
    "EndTime": "2024-03-04T22:10:00",
    "WeekType": "Нижняя неделя",
    "Classroom": "У 191",
    "Group": "5210",
    "Subject": "Материаловедение современных и перспективных материалов",
    "InstructorName": "Тихомирова Елена Александровна",
    "InstructorLink": ""
  },
  {
    "DayOfWeek": "Пятница",
    "StartTime": "2024-03-04T19:00:00",
    "EndTime": "2024-03-04T20:30:00",
    "WeekType": "Нижняя неделя",
    "Classroom": "У 440",
    "Group": "5210",
    "Subject": "Дополнительные главы математического анализа",
    "InstructorName": "Саенко Сергей Игоревич",
    "InstructorLink": "https://www.smtu.ru/ru/viewperson/114495/"
  },
  {
    "DayOfWeek": "Пятница",
    "StartTime": "2024-03-04T20:40:00",
    "EndTime": "2024-03-04T22:10:00",
    "WeekType": "Нижняя неделя",
    "Classroom": "У 440",
    "Group": "5210",
    "Subject": "Дополнительные главы математического анализа",
    "InstructorName": "Саенко Сергей Игоревич",
    "InstructorLink": "https://www.smtu.ru/ru/viewperson/114495/"
  }
]