[
  {
    "DayOfWeek": "Понедельник",
    "StartTime": "2024-03-04T19:00:00",
    "EndTime": "2024-03-04T20:30:00",
    "WeekType": "Верхняя неделя",
    "Classroom": "Б 316",
    "Group": "5216",
    "Subject": "Проектирование судовых систем",
    "InstructorName": "Чепурко Сергей Иванович",
    "InstructorLink": ""
  },
  {
    "DayOfWeek": "Понедельник",
    "StartTime": "2024-03-04T19:00:00",
    "EndTime": "2024-03-04T20:30:00",
    "WeekType": "Нижняя неделя",
    "Classroom": "Б 207",
    "Group": "5216",
    "Subject": "Проектирование конструкций корпуса судна и плавучих инженерных сооружений",
    "InstructorName": "Плотников Кирилл Вадимович",
    "InstructorLink": "https://www.smtu.ru/ru/viewperson/100908/"
  },
  {
    "DayOfWeek": "Понедельник",
    "StartTime": "2024-03-04T20:40:00",
    "EndTime": "2024-03-04T22:10:00",
    "WeekType": "Обе недели",
    "Classroom": "Б 316",
    "Group": "5216",
    "Subject": "Проектирование судовых систем",
    "InstructorName": "Чепурко Сергей Иванович",
    "InstructorLink": ""
  },
  {
    "DayOfWeek": "Четверг",
    "StartTime": "2024-03-04T19:00:00",
    "EndTime": "2024-03-04T20:30:00",
    "WeekType": "Верхняя неделя",
    "Classroom": "Б 610",
    "Group": "5216",
    "Subject": "Проектирование скоростных судов",
    "InstructorName": "Рюмин Сергей Николаевич",
    "InstructorLink": "https://www.smtu.ru/ru/viewperson/101017/"
  },
  {
    "DayOfWeek": "Четверг",
    "StartTime": "2024-03-04T19:00:00",
    "EndTime": "2024-03-04T20:30:00",
    "WeekType": "Нижняя неделя",
    "Classroom": "Б 207",
    "Group": "5216",
    "Subject": "Проектирование конструкций корпуса судна и плавучих инженерных сооружений",
    "InstructorName": "Плотников Кирилл Вадимович",
    "InstructorLink": "https://www.smtu.ru/ru/viewperson/100908/"
  },
  {
    "DayOfWeek": "Четверг",
    "StartTime": "2024-03-04T20:40:00",
    "EndTime": "2024-03-04T22:10:00",
    "WeekType": "Верхняя неделя",
    "Classroom": "Б 610",
    "Group": "5216",
    "Subject": "Проектирование скоростных судов",
    "InstructorName": "Рюмин Сергей Николаевич",
    "InstructorLink": "https://www.smtu.ru/ru/viewperson/101017/"
  },
  {
    "DayOfWeek": "Четверг",
    "StartTime": "2024-03-04T20:40:00",
    "EndTime": "2024-03-04T22:10:00",
    "WeekType": "Нижняя неделя",
    "Classroom": "Б 207",
    "Group": "5216",
    "Subject": "Проектирование конструкций корпуса судна и плавучих инженерных сооружений",
    "InstructorName": "Плотников Кирилл Вадимович",
    "InstructorLink": "https://www.smtu.ru/ru/viewperson/100908/"
  }
]