[
  {
    "DayOfWeek": "Понедельник",
    "StartTime": "2024-03-04T19:00:00",
    "EndTime": "2024-03-04T20:30:00",
    "WeekType": "Обе недели",
    "Classroom": "У 502",
    "Group": "5260",
    "Subject": "Социология коммуникации",
    "InstructorName": "Солдатов Андрей Александрович",
    "InstructorLink": "https://www.smtu.ru/ru/viewperson/101131/"
  },
  {
    "DayOfWeek": "Понедельник",
    "StartTime": "2024-03-04T19:00:00",
    "EndTime": "2024-03-04T20:30:00",
    "WeekType": "Обе недели",
    "Classroom": "У 502",
    "Group": "5260",
    "Subject": "Информационное общество в XXI веке: достижения и проблемы",
    "InstructorName": "Солдатов Андрей Александрович",
    "InstructorLink": "https://www.smtu.ru/ru/viewperson/101131/"
  },
  {
    "DayOfWeek": "Понедельник",
    "StartTime": "2024-03-04T20:40:00",
    "EndTime": "2024-03-04T22:10:00",
    "WeekType": "Обе недели",
    "Classroom": "У 502",
    "Group": "5260",
    "Subject": "Социология коммуникации",
    "InstructorName": "Солдатов Андрей Александрович",
    "InstructorLink": "https://www.smtu.ru/ru/viewperson/101131/"
  },
  {
    "DayOfWeek": "Понедельник",
    "StartTime": "2024-03-04T20:40:00",
    "EndTime": "2024-03-04T22:10:00",
    "WeekType": "Обе недели",
    "Classroom": "У 502",
    "Group": "5260",
    "Subject": "Информационное общество в XXI веке: достижения и проблемы",
    "InstructorName": "Солдатов Андрей Александрович",
    "InstructorLink": "https://www.smtu.ru/ru/viewperson/101131/"
  },
  {
    "DayOfWeek": "Вторник",
    "StartTime": "2024-03-04T19:00:00",
    "EndTime": "2024-03-04T20:30:00",
    "WeekType": "Обе недели",
    "Classroom": "У 502",
    "Group": "5260",
    "Subject": "Экономическая социология",
    "InstructorName": "Прозоровская Камилла Александровна",
    "InstructorLink": "https://www.smtu.ru/ru/viewperson/100945/"
  },
  {
    "DayOfWeek": "Вторник",
    "StartTime": "2024-03-04T20:40:00",
    "EndTime": "2024-03-04T22:10:00",
    "WeekType": "Обе недели",
    "Classroom": "У 502",
    "Group": "5260",
    "Subject": "Экономическая социология",
    "InstructorName": "Прозоровская Камилла Александровна",
    "InstructorLink": "https://www.smtu.ru/ru/viewperson/100945/"
  },
  {
    "DayOfWeek": "Четверг",
    "StartTime": "2024-03-04T19:00:00",
    "EndTime": "2024-03-04T20:30:00",
    "WeekType": "Обе недели",
    "Classroom": "У 502",
    "Group": "5260",
    "Subject": "История социологии",
    "InstructorName": "Медведев Владимир Иванович",
    "InstructorLink": "https://www.smtu.ru/ru/viewperson/100748/"
  },
  {
    "DayOfWeek": "Четверг",
    "StartTime": "2024-03-04T19:00:00",
    "EndTime": "2024-03-04T20:30:00",
    "WeekType": "Обе недели",
    "Classroom": "У 502",
    "Group": "5260",
    "Subject": "История и философия науки",
    "InstructorName": "Медведев Владимир Иванович",
    "InstructorLink": "https://www.smtu.ru/ru/viewperson/100748/"
  },
  {
    "DayOfWeek": "Четверг",
    "StartTime": "2024-03-04T20:40:00",
    "EndTime": "2024-03-04T22:10:00",
    "WeekType": "Обе недели",
    "Classroom": "У 502",
    "Group": "5260",
    "Subject": "История социологии",
    "InstructorName": "Медведев Владимир Иванович",
    "InstructorLink": "https://www.smtu.ru/ru/viewperson/100748/"
  },
  {
    "DayOfWeek": "Четверг",
    "StartTime": "2024-03-04T20:40:00",
    "EndTime": "2024-03-04T22:10:00",
    "WeekType": "Обе недели",
    "Classroom": "У 502",
    "Group": "5260",
    "Subject": "История и философия науки",
    "InstructorName": "Медведев Владимир Иванович",
    "InstructorLink": "https://www.smtu.ru/ru/viewperson/100748/"
  },
  {
    "DayOfWeek": "Пятница",
    "StartTime": "2024-03-04T19:00:00",
    "EndTime": "2024-03-04T20:30:00",
    "WeekType": "Обе недели",
    "Classroom": "У 544",
    "Group": "5260",
    "Subject": "Социология общественного мнения",
    "InstructorName": "Аносов Юрий Александрович",
    "InstructorLink": "https://www.smtu.ru/ru/viewperson/100040/"
  },
  {
    "DayOfWeek": "Пятница",
    "StartTime": "2024-03-04T20:40:00",
    "EndTime": "2024-03-04T22:10:00",
    "WeekType": "Обе недели",
    "Classroom": "У 544",
    "Group": "5260",
    "Subject": "Социология общественного мнения",
    "InstructorName": "Аносов Юрий Александрович",
    "InstructorLink": "https://www.smtu.ru/ru/viewperson/100040/"
  }
]