[
  {
    "DayOfWeek": "Понедельник",
    "StartTime": "2024-03-04T19:00:00",
    "EndTime": "2024-03-04T20:30:00",
    "WeekType": "Обе недели",
    "Classroom": "У 544",
    "Group": "5360",
    "Subject": "Теория и практика социальной работы",
    "InstructorName": "Шевченко Михаил Максимович",
    "InstructorLink": "https://www.smtu.ru/ru/viewperson/101353/"
  },
  {
    "DayOfWeek": "Понедельник",
    "StartTime": "2024-03-04T20:40:00",
    "EndTime": "2024-03-04T22:10:00",
    "WeekType": "Обе недели",
    "Classroom": "У 544",
    "Group": "5360",
    "Subject": "Теория и практика социальной работы",
    "InstructorName": "Шевченко Михаил Максимович",
    "InstructorLink": "https://www.smtu.ru/ru/viewperson/101353/"
  },
  {
    "DayOfWeek": "Вторник",
    "StartTime": "2024-03-04T19:00:00",
    "EndTime": "2024-03-04T20:30:00",
    "WeekType": "Верхняя неделя",
    "Classroom": "У 544",
    "Group": "5360",
    "Subject": "Конфликтология",
    "InstructorName": "Голованова Оксана Владимировна",
    "InstructorLink": "https://www.smtu.ru/ru/viewperson/100277/"
  },
  {
    "DayOfWeek": "Вторник",
    "StartTime": "2024-03-04T19:00:00",
    "EndTime": "2024-03-04T20:30:00",
    "WeekType": "Нижняя неделя",
    "Classroom": "У 544",
    "Group": "5360",
    "Subject": "Конфликтология",
    "InstructorName": "Голованова Оксана Владимировна",
    "InstructorLink": "https://www.smtu.ru/ru/viewperson/100277/"
  },
  {
    "DayOfWeek": "Вторник",
    "StartTime": "2024-03-04T20:40:00",
    "EndTime": "2024-03-04T22:10:00",
    "WeekType": "Обе недели",
    "Classroom": "У 544",
    "Group": "5360",
    "Subject": "Конфликтология",
    "InstructorName": "Голованова Оксана Владимировна",
    "InstructorLink": "https://www.smtu.ru/ru/viewperson/100277/"
  },
  {
    "DayOfWeek": "Среда",
    "StartTime": "2024-03-04T19:00:00",
    "EndTime": "2024-03-04T20:30:00",
    "WeekType": "Обе недели",
    "Classroom": "У 544",
    "Group": "5360",
    "Subject": "Социология управления",
    "InstructorName": "Козырев Александр Борисович",
    "InstructorLink": "https://www.smtu.ru/ru/viewperson/100538/"
  },
  {
    "DayOfWeek": "Среда",
    "StartTime": "2024-03-04T19:00:00",
    "EndTime": "2024-03-04T20:30:00",
    "WeekType": "Обе недели",
    "Classroom": "У 544",
    "Group": "5360",
    "Subject": "Политическая социология",
    "InstructorName": "Козырев Александр Борисович",
    "InstructorLink": "https://www.smtu.ru/ru/viewperson/100538/"
  },
  {
    "DayOfWeek": "Среда",
    "StartTime": "2024-03-04T20:40:00",
    "EndTime": "2024-03-04T22:10:00",
    "WeekType": "Обе недели",
    "Classroom": "У 544",
    "Group": "5360",
    "Subject": "Политическая социология",
    "InstructorName": "Козырев Александр Борисович",
    "InstructorLink": "https://www.smtu.ru/ru/viewperson/100538/"
  },
  {
    "DayOfWeek": "Среда",
    "StartTime": "2024-03-04T20:40:00",
    "EndTime": "2024-03-04T22:10:00",
    "WeekType": "Обе недели",
    "Classroom": "У 544",
    "Group": "5360",
    "Subject": "Социология управления",
    "InstructorName": "Козырев Александр Борисович",
    "InstructorLink": "https://www.smtu.ru/ru/viewperson/100538/"
  },
  {
    "DayOfWeek": "Четверг",
    "StartTime": "2024-03-04T19:00:00",
    "EndTime": "2024-03-04T20:30:00",
    "WeekType": "Верхняя неделя",
    "Classroom": "У 544",
    "Group": "5360",
    "Subject": "Методология и методы социологического исследования",
    "InstructorName": "Быстрянцев Сергей Борисович",
    "InstructorLink": "https://www.smtu.ru/ru/viewperson/101629/"
  },
  {
    "DayOfWeek": "Четверг",
    "StartTime": "2024-03-04T19:00:00",
    "EndTime": "2024-03-04T20:30:00",
    "WeekType": "Нижняя неделя",
    "Classroom": "У 544",
    "Group": "5360",
    "Subject": "Методология и методы социологического исследования",
    "InstructorName": "Быстрянцев Сергей Борисович",
    "InstructorLink": "https://www.smtu.ru/ru/viewperson/101629/"
  },
  {
    "DayOfWeek": "Четверг",
    "StartTime": "2024-03-04T20:40:00",
    "EndTime": "2024-03-04T22:10:00",
    "WeekType": "Обе недели",
    "Classroom": "У 544",
    "Group": "5360",
    "Subject": "Методология и методы социологического исследования",
    "InstructorName": "Быстрянцев Сергей Борисович",
    "InstructorLink": "https://www.smtu.ru/ru/viewperson/101629/"
  },
  {
    "DayOfWeek": "Пятница",
    "StartTime": "2024-03-04T19:00:00",
    "EndTime": "2024-03-04T20:30:00",
    "WeekType": "Обе недели",
    "Classroom": "У 544",
    "Group": "5360",
    "Subject": "История философии",
    "InstructorName": "Аносов Юрий Александрович",
    "InstructorLink": "https://www.smtu.ru/ru/viewperson/100040/"
  },
  {
    "DayOfWeek": "Пятница",
    "StartTime": "2024-03-04T20:40:00",
    "EndTime": "2024-03-04T22:10:00",
    "WeekType": "Обе недели",
    "Classroom": "У 544",
    "Group": "5360",
    "Subject": "История философии",
    "InstructorName": "Аносов Юрий Александрович",
    "InstructorLink": "https://www.smtu.ru/ru/viewperson/100040/"
  }
]