[
  {
    "DayOfWeek": "Понедельник",
    "StartTime": "2024-03-04T19:00:00",
    "EndTime": "2024-03-04T20:30:00",
    "WeekType": "Обе недели",
    "Classroom": "У 303ю",
    "Group": "5400",
    "Subject": "Налоговое право",
    "InstructorName": "Котов Геннадий Михайлович",
    "InstructorLink": ""
  },
  {
    "DayOfWeek": "Понедельник",
    "StartTime": "2024-03-04T20:40:00",
    "EndTime": "2024-03-04T22:10:00",
    "WeekType": "Обе недели",
    "Classroom": "У 303ю",
    "Group": "5400",
    "Subject": "Налоговое право",
    "InstructorName": "Котов Геннадий Михайлович",
    "InstructorLink": ""
  },
  {
    "DayOfWeek": "Среда",
    "StartTime": "2024-03-04T19:00:00",
    "EndTime": "2024-03-04T20:30:00",
    "WeekType": "Верхняя неделя",
    "Classroom": "У 314",
    "Group": "5400",
    "Subject": "Юридическая психология",
    "InstructorName": "Сексте Янис Артурович",
    "InstructorLink": "https://www.smtu.ru/ru/viewperson/123541/"
  },
  {
    "DayOfWeek": "Среда",
    "StartTime": "2024-03-04T19:00:00",
    "EndTime": "2024-03-04T20:30:00",
    "WeekType": "Нижняя неделя",
    "Classroom": "У 314",
    "Group": "5400",
    "Subject": "Юридическая психология",
    "InstructorName": "Сексте Янис Артурович",
    "InstructorLink": "https://www.smtu.ru/ru/viewperson/123541/"
  },
  {
    "DayOfWeek": "Среда",
    "StartTime": "2024-03-04T20:40:00",
    "EndTime": "2024-03-04T22:10:00",
    "WeekType": "Обе недели",
    "Classroom": "У 314",
    "Group": "5400",
    "Subject": "Юридическая психология",
    "InstructorName": "Сексте Янис Артурович",
    "InstructorLink": "https://www.smtu.ru/ru/viewperson/123541/"
  },
  {
    "DayOfWeek": "Четверг",
    "StartTime": "2024-03-04T19:00:00",
    "EndTime": "2024-03-04T20:30:00",
    "WeekType": "Обе недели",
    "Classroom": "У 303ю",
    "Group": "5400",
    "Subject": "Право социального обеспечения",
    "InstructorName": "Цыганова Татьяна Аллеговна",
    "InstructorLink": "https://www.smtu.ru/ru/viewperson/101296/"
  },
  {
    "DayOfWeek": "Четверг",
    "StartTime": "2024-03-04T20:40:00",
    "EndTime": "2024-03-04T22:10:00",
    "WeekType": "Обе недели",
    "Classroom": "У 303ю",
    "Group": "5400",
    "Subject": "Право социального обеспечения",
    "InstructorName": "Цыганова Татьяна Аллеговна",
    "InstructorLink": "https://www.smtu.ru/ru/viewperson/101296/"
  },
  {
    "DayOfWeek": "Пятница",
    "StartTime": "2024-03-04T19:00:00",
    "EndTime": "2024-03-04T20:30:00",
    "WeekType": "Обе недели",
    "Classroom": "У 02ю",
    "Group": "5400",
    "Subject": "Основы адвокатской деятельности",
    "InstructorName": "Мишальченко Мария Юрьевна",
    "InstructorLink": ""
  },
  {
    "DayOfWeek": "Пятница",
    "StartTime": "2024-03-04T20:40:00",
    "EndTime": "2024-03-04T22:10:00",
    "WeekType": "Обе недели",
    "Classroom": "У 02ю",
    "Group": "5400",
    "Subject": "Основы адвокатской деятельности",
    "InstructorName": "Мишальченко Мария Юрьевна",
    "InstructorLink": ""
  }
]