[
  {
    "DayOfWeek": "Понедельник",
    "StartTime": "2024-03-04T19:00:00",
    "EndTime": "2024-03-04T20:30:00",
    "WeekType": "Верхняя неделя",
    "Classroom": "У 154",
    "Group": "5440",
    "Subject": "Техническая диагностика судового оборудования",
    "InstructorName": "Баркова Наталия Александровна",
    "InstructorLink": "https://www.smtu.ru/ru/viewperson/100078/"
  },
  {
    "DayOfWeek": "Понедельник",
    "StartTime": "2024-03-04T19:00:00",
    "EndTime": "2024-03-04T20:30:00",
    "WeekType": "Нижняя неделя",
    "Classroom": "А 517",
    "Group": "5440",
    "Subject": "Комплексы автоматизации судов",
    "InstructorName": "Воронцов Дмитрий Николаевич",
    "InstructorLink": "https://www.smtu.ru/ru/viewperson/102138/"
  },
  {
    "DayOfWeek": "Понедельник",
    "StartTime": "2024-03-04T20:40:00",
    "EndTime": "2024-03-04T22:10:00",
    "WeekType": "Верхняя неделя",
    "Classroom": "У 340(1)",
    "Group": "5440",
    "Subject": "Техническая диагностика судового оборудования",
    "InstructorName": "Мостовой Дмитрий Павлович",
    "InstructorLink": ""
  },
  {
    "DayOfWeek": "Понедельник",
    "StartTime": "2024-03-04T20:40:00",
    "EndTime": "2024-03-04T22:10:00",
    "WeekType": "Нижняя неделя",
    "Classroom": "А 517",
    "Group": "5440",
    "Subject": "Комплексы автоматизации судов",
    "InstructorName": "Воронцов Дмитрий Николаевич",
    "InstructorLink": "https://www.smtu.ru/ru/viewperson/102138/"
  },
  {
    "DayOfWeek": "Вторник",
    "StartTime": "2024-03-04T19:00:00",
    "EndTime": "2024-03-04T20:30:00",
    "WeekType": "Верхняя неделя",
    "Classroom": "Б 508",
    "Group": "5440",
    "Subject": "Деловые коммуникации",
    "InstructorName": "Морозов Александр Петрович",
    "InstructorLink": ""
  },
  {
    "DayOfWeek": "Вторник",
    "StartTime": "2024-03-04T20:40:00",
    "EndTime": "2024-03-04T22:10:00",
    "WeekType": "Верхняя неделя",
    "Classroom": "А 517",
    "Group": "5440",
    "Subject": "Комплексы автоматизации судов",
    "InstructorName": "Буковский Илья Валерьевич",
    "InstructorLink": ""
  },
  {
    "DayOfWeek": "Четверг",
    "StartTime": "2024-03-04T19:00:00",
    "EndTime": "2024-03-04T20:30:00",
    "WeekType": "Верхняя неделя",
    "Classroom": "А 435",
    "Group": "5440",
    "Subject": "Системы массового обслуживания",
    "InstructorName": "Ильменков Сергей Львович",
    "InstructorLink": "https://www.smtu.ru/ru/viewperson/100469/"
  },
  {
    "DayOfWeek": "Четверг",
    "StartTime": "2024-03-04T19:00:00",
    "EndTime": "2024-03-04T20:30:00",
    "WeekType": "Нижняя неделя",
    "Classroom": "А 413",
    "Group": "5440",
    "Subject": "Обработка результатов измерений в судостроении",
    "InstructorName": "Максимова Марина Александровна",
    "InstructorLink": ""
  },
  {
    "DayOfWeek": "Четверг",
    "StartTime": "2024-03-04T20:40:00",
    "EndTime": "2024-03-04T22:10:00",
    "WeekType": "Верхняя неделя",
    "Classroom": "А 413",
    "Group": "5440",
    "Subject": "Системы массового обслуживания",
    "InstructorName": "Павлов Павел Валентинович",
    "InstructorLink": ""
  },
  {
    "DayOfWeek": "Четверг",
    "StartTime": "2024-03-04T20:40:00",
    "EndTime": "2024-03-04T22:10:00",
    "WeekType": "Нижняя неделя",
    "Classroom": "А 413",
    "Group": "5440",
    "Subject": "Обработка результатов измерений в судостроении",
    "InstructorName": "Максимова Марина Александровна",
    "InstructorLink": ""
  },
  {
    "DayOfWeek": "Пятница",
    "StartTime": "2024-03-04T19:00:00",
    "EndTime": "2024-03-04T20:30:00",
    "WeekType": "Верхняя неделя",
    "Classroom": "ЦДО Дистанционно",
    "Group": "5440",
    "Subject": "Автоматизация судовых энергетических установок",
    "InstructorName": "Равин Александр Александрович",
    "InstructorLink": "https://www.smtu.ru/ru/viewperson/100963/"
  },
  {
    "DayOfWeek": "Пятница",
    "StartTime": "2024-03-04T19:00:00",
    "EndTime": "2024-03-04T20:30:00",
    "WeekType": "Нижняя неделя",
    "Classroom": "ЦДО Дистанционно",
    "Group": "5440",
    "Subject": "Автоматизация судовых энергетических установок",
    "InstructorName": "Равин Александр Александрович",
    "InstructorLink": "https://www.smtu.ru/ru/viewperson/100963/"
  },
  {
    "DayOfWeek": "Пятница",
    "StartTime": "2024-03-04T20:40:00",
    "EndTime": "2024-03-04T22:10:00",
    "WeekType": "Обе недели",
    "Classroom": "ЦДО Дистанционно",
    "Group": "5440",
    "Subject": "Автоматизация судовых энергетических установок",
    "InstructorName": "Равин Александр Александрович",
    "InstructorLink": "https://www.smtu.ru/ru/viewperson/100963/"
  }
]