[
  {
    "DayOfWeek": "Понедельник",
    "StartTime": "2024-03-04T08:30:00",
    "EndTime": "2024-03-04T10:00:00",
    "WeekType": "Нижняя неделя",
    "Classroom": "У 161",
    "Group": "7163",
    "Subject": "История государства и права зарубежных стран",
    "InstructorName": "Тарасов Александр Сергеевич",
    "InstructorLink": ""
  },
  {
    "DayOfWeek": "Понедельник",
    "StartTime": "2024-03-04T10:10:00",
    "EndTime": "2024-03-04T11:40:00",
    "WeekType": "Обе недели",
    "Classroom": "У 303ю",
    "Group": "7163",
    "Subject": "История государства и права зарубежных стран",
    "InstructorName": "Тарасов Александр Сергеевич",
    "InstructorLink": ""
  },
  {
    "DayOfWeek": "Понедельник",
    "StartTime": "2024-03-04T11:50:00",
    "EndTime": "2024-03-04T13:20:00",
    "WeekType": "Обе недели",
    "Classroom": "У 02ю",
    "Group": "7163",
    "Subject": "Земельное право",
    "InstructorName": "Субота Ольга Михайловна",
    "InstructorLink": ""
  },
  {
    "DayOfWeek": "Понедельник",
    "StartTime": "2024-03-04T14:00:00",
    "EndTime": "2024-03-04T15:30:00",
    "WeekType": "Верхняя неделя",
    "Classroom": "У 165",
    "Group": "7163",
    "Subject": "Правоохранительные органы",
    "InstructorName": "Жулёв Сергей Константинович",
    "InstructorLink": "https://www.smtu.ru/ru/viewperson/102976/"
  },
  {
    "DayOfWeek": "Понедельник",
    "StartTime": "2024-03-04T14:00:00",
    "EndTime": "2024-03-04T15:30:00",
    "WeekType": "Нижняя неделя",
    "Classroom": "У 01Ю",
    "Group": "7163",
    "Subject": "Правоохранительные органы",
    "InstructorName": "Жулёв Сергей Константинович",
    "InstructorLink": "https://www.smtu.ru/ru/viewperson/102976/"
  },
  {
    "DayOfWeek": "Понедельник",
    "StartTime": "2024-03-04T15:40:00",
    "EndTime": "2024-03-04T17:10:00",
    "WeekType": "Верхняя неделя",
    "Classroom": "У 01Ю",
    "Group": "7163",
    "Subject": "Правоохранительные органы",
    "InstructorName": "Жулёв Сергей Константинович",
    "InstructorLink": "https://www.smtu.ru/ru/viewperson/102976/"
  },
  {
    "DayOfWeek": "Вторник",
    "StartTime": "2024-03-04T08:30:00",
    "EndTime": "2024-03-04T10:00:00",
    "WeekType": "Обе недели",
    "Classroom": "У 115",
    "Group": "7163",
    "Subject": "Земельное право",
    "InstructorName": "Субота Ольга Михайловна",
    "InstructorLink": ""
  },
  {
    "DayOfWeek": "Вторник",
    "StartTime": "2024-03-04T10:10:00",
    "EndTime": "2024-03-04T11:40:00",
    "WeekType": "Обе недели",
    "Classroom": "У 407",
    "Group": "7163",
    "Subject": "Информатика и математика",
    "InstructorName": "Ионченкова Яна Юрьевна",
    "InstructorLink": ""
  },
  {
    "DayOfWeek": "Вторник",
    "StartTime": "2024-03-04T11:50:00",
    "EndTime": "2024-03-04T13:20:00",
    "WeekType": "Обе недели",
    "Classroom": "У каф.ФВ",
    "Group": "7163",
    "Subject": "Физическая культура и спорт (элективная)",
    "InstructorName": "",
    "InstructorLink": ""
  },
  {
    "DayOfWeek": "Среда",
    "StartTime": "2024-03-04T08:30:00",
    "EndTime": "2024-03-04T10:00:00",
    "WeekType": "Обе недели",
    "Classroom": "У 01Ю",
    "Group": "7163",
    "Subject": "Теория государства и права",
    "InstructorName": "Вахмистрова Светлана Ивановна",
    "InstructorLink": "https://www.smtu.ru/ru/viewperson/123591/"
  },
  {
    "DayOfWeek": "Среда",
    "StartTime": "2024-03-04T10:10:00",
    "EndTime": "2024-03-04T11:40:00",
    "WeekType": "Обе недели",
    "Classroom": "У 165",
    "Group": "7163",
    "Subject": "Теория государства и права",
    "InstructorName": "Вахмистрова Светлана Ивановна",
    "InstructorLink": "https://www.smtu.ru/ru/viewperson/123591/"
  },
  {
    "DayOfWeek": "Среда",
    "StartTime": "2024-03-04T11:50:00",
    "EndTime": "2024-03-04T13:20:00",
    "WeekType": "Обе недели",
    "Classroom": "У 165",
    "Group": "7163",
    "Subject": "История России",
    "InstructorName": "Чепель Александр Иванович",
    "InstructorLink": "https://www.smtu.ru/ru/viewperson/101302/"
  },
  {
    "DayOfWeek": "Среда",
    "StartTime": "2024-03-04T14:00:00",
    "EndTime": "2024-03-04T15:30:00",
    "WeekType": "Верхняя неделя",
    "Classroom": "У каф.ФВ",
    "Group": "7163",
    "Subject": "Физическая культура и спорт (элективная)",
    "InstructorName": "",
    "InstructorLink": ""
  },
  {
    "DayOfWeek": "Среда",
    "StartTime": "2024-03-04T14:00:00",
    "EndTime": "2024-03-04T15:30:00",
    "WeekType": "Нижняя неделя",
    "Classroom": "У 314",
    "Group": "7163",
    "Subject": "История России",
    "InstructorName": "Чепель Александр Иванович",
    "InstructorLink": "https://www.smtu.ru/ru/viewperson/101302/"
  },
  {
    "DayOfWeek": "Четверг",
    "StartTime": "2024-03-04T10:10:00",
    "EndTime": "2024-03-04T11:40:00",
    "WeekType": "Нижняя неделя",
    "Classroom": "У каф.ФВ",
    "Group": "7163",
    "Subject": "Физическая культура и спорт (элективная)",
    "InstructorName": "",
    "InstructorLink": ""
  },
  {
    "DayOfWeek": "Четверг",
    "StartTime": "2024-03-04T11:50:00",
    "EndTime": "2024-03-04T13:20:00",
    "WeekType": "Обе недели",
    "Classroom": "У 167",
    "Group": "7163",
    "Subject": "Конституционное право",
    "InstructorName": "Нужин Константин Викторович",
    "InstructorLink": ""
  },
  {
    "DayOfWeek": "Четверг",
    "StartTime": "2024-03-04T14:00:00",
    "EndTime": "2024-03-04T15:30:00",
    "WeekType": "Верхняя неделя",
    "Classroom": "У 101",
    "Group": "7163",
    "Subject": "История России",
    "InstructorName": "Добряк Инна Владимировна",
    "InstructorLink": "https://www.smtu.ru/ru/viewperson/100346/"
  },
  {
    "DayOfWeek": "Четверг",
    "StartTime": "2024-03-04T14:00:00",
    "EndTime": "2024-03-04T15:30:00",
    "WeekType": "Нижняя неделя",
    "Classroom": "У 101",
    "Group": "7163",
    "Subject": "Информационные технологии в юридической деятельности",
    "InstructorName": "Павленко Ксения Ивановна",
    "InstructorLink": ""
  },
  {
    "DayOfWeek": "Четверг",
    "StartTime": "2024-03-04T15:40:00",
    "EndTime": "2024-03-04T17:10:00",
    "WeekType": "Обе недели",
    "Classroom": "У 444",
    "Group": "7163",
    "Subject": "Иностранный язык",
    "InstructorName": "Назимова Наталья Сергеевна",
    "InstructorLink": "https://www.smtu.ru/ru/viewperson/122512/"
  },
  {
    "DayOfWeek": "Четверг",
    "StartTime": "2024-03-04T17:20:00",
    "EndTime": "2024-03-04T18:50:00",
    "WeekType": "Верхняя неделя",
    "Classroom": "У 209ю",
    "Group": "7163",
    "Subject": "Информационные технологии в юридической деятельности",
    "InstructorName": "Павленко Ксения Ивановна",
    "InstructorLink": ""
  },
  {
    "DayOfWeek": "Пятница",
    "StartTime": "2024-03-04T08:30:00",
    "EndTime": "2024-03-04T10:00:00",
    "WeekType": "Верхняя неделя",
    "Classroom": "У 105",
    "Group": "7163",
    "Subject": "История государства и права зарубежных стран",
    "InstructorName": "Тарасов Александр Сергеевич",
    "InstructorLink": ""
  },
  {
    "DayOfWeek": "Пятница",
    "StartTime": "2024-03-04T08:30:00",
    "EndTime": "2024-03-04T10:00:00",
    "WeekType": "Нижняя неделя",
    "Classroom": "У 105",
    "Group": "7163",
    "Subject": "Основы юридического консультирования",
    "InstructorName": "Егорова Людмила Дмитриевна",
    "InstructorLink": "https://www.smtu.ru/ru/viewperson/101333/"
  },
  {
    "DayOfWeek": "Пятница",
    "StartTime": "2024-03-04T10:10:00",
    "EndTime": "2024-03-04T11:40:00",
    "WeekType": "Обе недели",
    "Classroom": "У 444",
    "Group": "7163",
    "Subject": "Иностранный язык",
    "InstructorName": "Назимова Наталья Сергеевна",
    "InstructorLink": "https://www.smtu.ru/ru/viewperson/122512/"
  },
  {
    "DayOfWeek": "Пятница",
    "StartTime": "2024-03-04T11:50:00",
    "EndTime": "2024-03-04T13:20:00",
    "WeekType": "Обе недели",
    "Classroom": "У 01Ю",
    "Group": "7163",
    "Subject": "Конституционное право",
    "InstructorName": "Нужин Константин Викторович",
    "InstructorLink": ""
  },
  {
    "DayOfWeek": "Пятница",
    "StartTime": "2024-03-04T14:00:00",
    "EndTime": "2024-03-04T15:30:00",
    "WeekType": "Верхняя неделя",
    "Classroom": "У 314",
    "Group": "7163",
    "Subject": "Основы юридического консультирования",
    "InstructorName": "Егорова Людмила Дмитриевна",
    "InstructorLink": "https://www.smtu.ru/ru/viewperson/101333/"
  },
  {
    "DayOfWeek": "Пятница",
    "StartTime": "2024-03-04T14:00:00",
    "EndTime": "2024-03-04T15:30:00",
    "WeekType": "Нижняя неделя",
    "Classroom": "У 01Ю",
    "Group": "7163",
    "Subject": "Основы юридического консультирования",
    "InstructorName": "Егорова Людмила Дмитриевна",
    "InstructorLink": "https://www.smtu.ru/ru/viewperson/101333/"
  }
]