[
  {
    "DayOfWeek": "Понедельник",
    "StartTime": "2024-03-04T11:50:00",
    "EndTime": "2024-03-04T13:20:00",
    "WeekType": "Обе недели",
    "Classroom": "У 544",
    "Group": "7201",
    "Subject": "Экономическая социология",
    "InstructorName": "Прозоровская Камилла Александровна",
    "InstructorLink": "https://www.smtu.ru/ru/viewperson/100945/"
  },
  {
    "DayOfWeek": "Понедельник",
    "StartTime": "2024-03-04T14:00:00",
    "EndTime": "2024-03-04T15:30:00",
    "WeekType": "Обе недели",
    "Classroom": "У 544",
    "Group": "7201",
    "Subject": "Экономическая социология",
    "InstructorName": "Прозоровская Камилла Александровна",
    "InstructorLink": "https://www.smtu.ru/ru/viewperson/100945/"
  },
  {
    "DayOfWeek": "Понедельник",
    "StartTime": "2024-03-04T15:40:00",
    "EndTime": "2024-03-04T17:10:00",
    "WeekType": "Обе недели",
    "Classroom": "У 544",
    "Group": "7201",
    "Subject": "Социология коммуникации",
    "InstructorName": "Солдатов Андрей Александрович",
    "InstructorLink": "https://www.smtu.ru/ru/viewperson/101131/"
  },
  {
    "DayOfWeek": "Понедельник",
    "StartTime": "2024-03-04T17:20:00",
    "EndTime": "2024-03-04T18:50:00",
    "WeekType": "Обе недели",
    "Classroom": "У 544",
    "Group": "7201",
    "Subject": "Социология коммуникации",
    "InstructorName": "Солдатов Андрей Александрович",
    "InstructorLink": "https://www.smtu.ru/ru/viewperson/101131/"
  },
  {
    "DayOfWeek": "Вторник",
    "StartTime": "2024-03-04T11:50:00",
    "EndTime": "2024-03-04T13:20:00",
    "WeekType": "Обе недели",
    "Classroom": "У 544",
    "Group": "7201",
    "Subject": "Социология общественного мнения",
    "InstructorName": "Аносов Юрий Александрович",
    "InstructorLink": "https://www.smtu.ru/ru/viewperson/100040/"
  },
  {
    "DayOfWeek": "Вторник",
    "StartTime": "2024-03-04T14:00:00",
    "EndTime": "2024-03-04T15:30:00",
    "WeekType": "Верхняя неделя",
    "Classroom": "У 543",
    "Group": "7201",
    "Subject": "Демография",
    "InstructorName": "Романова Виктория Алексеевна",
    "InstructorLink": "https://www.smtu.ru/ru/viewperson/104884/"
  },
  {
    "DayOfWeek": "Вторник",
    "StartTime": "2024-03-04T14:00:00",
    "EndTime": "2024-03-04T15:30:00",
    "WeekType": "Нижняя неделя",
    "Classroom": "У 544",
    "Group": "7201",
    "Subject": "Социология общественного мнения",
    "InstructorName": "Аносов Юрий Александрович",
    "InstructorLink": "https://www.smtu.ru/ru/viewperson/100040/"
  },
  {
    "DayOfWeek": "Вторник",
    "StartTime": "2024-03-04T15:40:00",
    "EndTime": "2024-03-04T17:10:00",
    "WeekType": "Обе недели",
    "Classroom": "У 543",
    "Group": "7201",
    "Subject": "Демография",
    "InstructorName": "Романова Виктория Алексеевна",
    "InstructorLink": "https://www.smtu.ru/ru/viewperson/104884/"
  },
  {
    "DayOfWeek": "Вторник",
    "StartTime": "2024-03-04T17:20:00",
    "EndTime": "2024-03-04T18:50:00",
    "WeekType": "Верхняя неделя",
    "Classroom": "У 543",
    "Group": "7201",
    "Subject": "Методы прикладной статистики для социологов",
    "InstructorName": "Ипатова Лариса Петровна",
    "InstructorLink": ""
  },
  {
    "DayOfWeek": "Вторник",
    "StartTime": "2024-03-04T17:20:00",
    "EndTime": "2024-03-04T18:50:00",
    "WeekType": "Нижняя неделя",
    "Classroom": "У 543",
    "Group": "7201",
    "Subject": "Методы прикладной статистики для социологов",
    "InstructorName": "Ипатова Лариса Петровна",
    "InstructorLink": ""
  },
  {
    "DayOfWeek": "Среда",
    "StartTime": "2024-03-04T08:30:00",
    "EndTime": "2024-03-04T10:00:00",
    "WeekType": "Верхняя неделя",
    "Classroom": "У 544",
    "Group": "7201",
    "Subject": "Информационное общество в XXI веке: достижения и проблемы",
    "InstructorName": "Солдатов Андрей Александрович",
    "InstructorLink": "https://www.smtu.ru/ru/viewperson/101131/"
  },
  {
    "DayOfWeek": "Среда",
    "StartTime": "2024-03-04T08:30:00",
    "EndTime": "2024-03-04T10:00:00",
    "WeekType": "Нижняя неделя",
    "Classroom": "У каф.ФВ",
    "Group": "7201",
    "Subject": "Физическая культура и спорт (элективная)",
    "InstructorName": "",
    "InstructorLink": ""
  },
  {
    "DayOfWeek": "Среда",
    "StartTime": "2024-03-04T10:10:00",
    "EndTime": "2024-03-04T11:40:00",
    "WeekType": "Обе недели",
    "Classroom": "У 544",
    "Group": "7201",
    "Subject": "Информационное общество в XXI веке: достижения и проблемы",
    "InstructorName": "Солдатов Андрей Александрович",
    "InstructorLink": "https://www.smtu.ru/ru/viewperson/101131/"
  },
  {
    "DayOfWeek": "Среда",
    "StartTime": "2024-03-04T11:50:00",
    "EndTime": "2024-03-04T13:20:00",
    "WeekType": "Верхняя неделя",
    "Classroom": "У каф.ФВ",
    "Group": "7201",
    "Subject": "Физическая культура и спорт (элективная)",
    "InstructorName": "",
    "InstructorLink": ""
  },
  {
    "DayOfWeek": "Среда",
    "StartTime": "2024-03-04T11:50:00",
    "EndTime": "2024-03-04T13:20:00",
    "WeekType": "Нижняя неделя",
    "Classroom": "У 544",
    "Group": "7201",
    "Subject": "Информационное общество в XXI веке: достижения и проблемы",
    "InstructorName": "Солдатов Андрей Александрович",
    "InstructorLink": "https://www.smtu.ru/ru/viewperson/101131/"
  },
  {
    "DayOfWeek": "Четверг",
    "StartTime": "2024-03-04T14:00:00",
    "EndTime": "2024-03-04T15:30:00",
    "WeekType": "Обе недели",
    "Classroom": "У каф.ФВ",
    "Group": "7201",
    "Subject": "Физическая культура и спорт (элективная)",
    "InstructorName": "",
    "InstructorLink": ""
  },
  {
    "DayOfWeek": "Четверг",
    "StartTime": "2024-03-04T15:40:00",
    "EndTime": "2024-03-04T17:10:00",
    "WeekType": "Верхняя неделя",
    "Classroom": "У 544",
    "Group": "7201",
    "Subject": "История и философия науки",
    "InstructorName": "Медведев Владимир Иванович",
    "InstructorLink": "https://www.smtu.ru/ru/viewperson/100748/"
  },
  {
    "DayOfWeek": "Четверг",
    "StartTime": "2024-03-04T15:40:00",
    "EndTime": "2024-03-04T17:10:00",
    "WeekType": "Нижняя неделя",
    "Classroom": "У 544",
    "Group": "7201",
    "Subject": "История и философия науки",
    "InstructorName": "Медведев Владимир Иванович",
    "InstructorLink": "https://www.smtu.ru/ru/viewperson/100748/"
  },
  {
    "DayOfWeek": "Четверг",
    "StartTime": "2024-03-04T17:20:00",
    "EndTime": "2024-03-04T18:50:00",
    "WeekType": "Верхняя неделя",
    "Classroom": "У 544",
    "Group": "7201",
    "Subject": "История социологии",
    "InstructorName": "Медведев Владимир Иванович",
    "InstructorLink": "https://www.smtu.ru/ru/viewperson/100748/"
  },
  {
    "DayOfWeek": "Четверг",
    "StartTime": "2024-03-04T17:20:00",
    "EndTime": "2024-03-04T18:50:00",
    "WeekType": "Нижняя неделя",
    "Classroom": "У 544",
    "Group": "7201",
    "Subject": "История социологии",
    "InstructorName": "Медведев Владимир Иванович",
    "InstructorLink": "https://www.smtu.ru/ru/viewperson/100748/"
  }
]