[
  {
    "DayOfWeek": "Понедельник",
    "StartTime": "2024-03-04T10:10:00",
    "EndTime": "2024-03-04T11:40:00",
    "WeekType": "Обе недели",
    "Classroom": "У 446",
    "Group": "7261",
    "Subject": "Иностранный язык в сфере юриспруденции",
    "InstructorName": "Назимова Наталья Сергеевна",
    "InstructorLink": "https://www.smtu.ru/ru/viewperson/122512/"
  },
  {
    "DayOfWeek": "Понедельник",
    "StartTime": "2024-03-04T11:50:00",
    "EndTime": "2024-03-04T13:20:00",
    "WeekType": "Обе недели",
    "Classroom": "У каф.ФВ",
    "Group": "7261",
    "Subject": "Физическая культура и спорт (элективная)",
    "InstructorName": "",
    "InstructorLink": ""
  },
  {
    "DayOfWeek": "Вторник",
    "StartTime": "2024-03-04T10:10:00",
    "EndTime": "2024-03-04T11:40:00",
    "WeekType": "Обе недели",
    "Classroom": "У 304ю",
    "Group": "7261",
    "Subject": "Экологическое право",
    "InstructorName": "Касаткин Дмитрий Михайлович",
    "InstructorLink": ""
  },
  {
    "DayOfWeek": "Вторник",
    "StartTime": "2024-03-04T11:50:00",
    "EndTime": "2024-03-04T13:20:00",
    "WeekType": "Обе недели",
    "Classroom": "У 209ю",
    "Group": "7261",
    "Subject": "Защита информации",
    "InstructorName": "Балицкая Ксения Владимировна",
    "InstructorLink": ""
  },
  {
    "DayOfWeek": "Вторник",
    "StartTime": "2024-03-04T14:00:00",
    "EndTime": "2024-03-04T15:30:00",
    "WeekType": "Обе недели",
    "Classroom": "У 01Ю",
    "Group": "7261",
    "Subject": "Гражданское право",
    "InstructorName": "Чекмарев Николай Иванович",
    "InstructorLink": "https://www.smtu.ru/ru/viewperson/101298/"
  },
  {
    "DayOfWeek": "Вторник",
    "StartTime": "2024-03-04T15:40:00",
    "EndTime": "2024-03-04T17:10:00",
    "WeekType": "Нижняя неделя",
    "Classroom": "У 01Ю",
    "Group": "7261",
    "Subject": "Гражданское право",
    "InstructorName": "Чекмарев Николай Иванович",
    "InstructorLink": "https://www.smtu.ru/ru/viewperson/101298/"
  },
  {
    "DayOfWeek": "Среда",
    "StartTime": "2024-03-04T11:50:00",
    "EndTime": "2024-03-04T13:20:00",
    "WeekType": "Верхняя неделя",
    "Classroom": "У 167",
    "Group": "7261",
    "Subject": "Уголовное право",
    "InstructorName": "Пономаренко Евгений Иванович",
    "InstructorLink": "https://www.smtu.ru/ru/viewperson/100931/"
  },
  {
    "DayOfWeek": "Среда",
    "StartTime": "2024-03-04T11:50:00",
    "EndTime": "2024-03-04T13:20:00",
    "WeekType": "Нижняя неделя",
    "Classroom": "У 167",
    "Group": "7261",
    "Subject": "Защита информации",
    "InstructorName": "Балицкая Ксения Владимировна",
    "InstructorLink": ""
  },
  {
    "DayOfWeek": "Среда",
    "StartTime": "2024-03-04T14:00:00",
    "EndTime": "2024-03-04T15:30:00",
    "WeekType": "Верхняя неделя",
    "Classroom": "У 02ю",
    "Group": "7261",
    "Subject": "Криминология",
    "InstructorName": "Пономаренко Евгений Иванович",
    "InstructorLink": "https://www.smtu.ru/ru/viewperson/100931/"
  },
  {
    "DayOfWeek": "Среда",
    "StartTime": "2024-03-04T14:00:00",
    "EndTime": "2024-03-04T15:30:00",
    "WeekType": "Нижняя неделя",
    "Classroom": "У 02ю",
    "Group": "7261",
    "Subject": "Уголовное право",
    "InstructorName": "Пономаренко Евгений Иванович",
    "InstructorLink": "https://www.smtu.ru/ru/viewperson/100931/"
  },
  {
    "DayOfWeek": "Четверг",
    "StartTime": "2024-03-04T08:30:00",
    "EndTime": "2024-03-04T10:00:00",
    "WeekType": "Обе недели",
    "Classroom": "У 304ю",
    "Group": "7261",
    "Subject": "Экологическое право",
    "InstructorName": "Субота Ольга Михайловна",
    "InstructorLink": ""
  },
  {
    "DayOfWeek": "Четверг",
    "StartTime": "2024-03-04T10:10:00",
    "EndTime": "2024-03-04T11:40:00",
    "WeekType": "Обе недели",
    "Classroom": "У 165",
    "Group": "7261",
    "Subject": "Экологическое право",
    "InstructorName": "Субота Ольга Михайловна",
    "InstructorLink": ""
  },
  {
    "DayOfWeek": "Четверг",
    "StartTime": "2024-03-04T11:50:00",
    "EndTime": "2024-03-04T13:20:00",
    "WeekType": "Верхняя неделя",
    "Classroom": "У 165",
    "Group": "7261",
    "Subject": "Экологическое право",
    "InstructorName": "Субота Ольга Михайловна",
    "InstructorLink": ""
  },
  {
    "DayOfWeek": "Четверг",
    "StartTime": "2024-03-04T11:50:00",
    "EndTime": "2024-03-04T13:20:00",
    "WeekType": "Нижняя неделя",
    "Classroom": "У 165",
    "Group": "7261",
    "Subject": "Гражданское право",
    "InstructorName": "Чекмарев Николай Иванович",
    "InstructorLink": "https://www.smtu.ru/ru/viewperson/101298/"
  },
  {
    "DayOfWeek": "Четверг",
    "StartTime": "2024-03-04T14:00:00",
    "EndTime": "2024-03-04T15:30:00",
    "WeekType": "Обе недели",
    "Classroom": "У 165",
    "Group": "7261",
    "Subject": "Гражданское право",
    "InstructorName": "Чекмарев Николай Иванович",
    "InstructorLink": "https://www.smtu.ru/ru/viewperson/101298/"
  },
  {
    "DayOfWeek": "Пятница",
    "StartTime": "2024-03-04T10:10:00",
    "EndTime": "2024-03-04T11:40:00",
    "WeekType": "Обе недели",
    "Classroom": "У каф.ФВ",
    "Group": "7261",
    "Subject": "Физическая культура и спорт (элективная)",
    "InstructorName": "",
    "InstructorLink": ""
  },
  {
    "DayOfWeek": "Пятница",
    "StartTime": "2024-03-04T11:50:00",
    "EndTime": "2024-03-04T13:20:00",
    "WeekType": "Верхняя неделя",
    "Classroom": "У 165",
    "Group": "7261",
    "Subject": "Криминология",
    "InstructorName": "Пономаренко Евгений Иванович",
    "InstructorLink": "https://www.smtu.ru/ru/viewperson/100931/"
  },
  {
    "DayOfWeek": "Пятница",
    "StartTime": "2024-03-04T11:50:00",
    "EndTime": "2024-03-04T13:20:00",
    "WeekType": "Нижняя неделя",
    "Classroom": "У 165",
    "Group": "7261",
    "Subject": "Философия",
    "InstructorName": "Голованова Оксана Владимировна",
    "InstructorLink": "https://www.smtu.ru/ru/viewperson/100277/"
  },
  {
    "DayOfWeek": "Пятница",
    "StartTime": "2024-03-04T14:00:00",
    "EndTime": "2024-03-04T15:30:00",
    "WeekType": "Верхняя неделя",
    "Classroom": "У 543",
    "Group": "7261",
    "Subject": "Философия",
    "InstructorName": "Голованова Оксана Владимировна",
    "InstructorLink": "https://www.smtu.ru/ru/viewperson/100277/"
  },
  {
    "DayOfWeek": "Суббота",
    "StartTime": "2024-03-04T08:30:00",
    "EndTime": "2024-03-04T10:00:00",
    "WeekType": "Верхняя неделя",
    "Classroom": "У 209ю",
    "Group": "7261",
    "Subject": "Современные юридические информационные системы",
    "InstructorName": "Игнатенко Сергей Владимирович",
    "InstructorLink": ""
  },
  {
    "DayOfWeek": "Суббота",
    "StartTime": "2024-03-04T10:10:00",
    "EndTime": "2024-03-04T11:40:00",
    "WeekType": "Верхняя неделя",
    "Classroom": "У 209ю",
    "Group": "7261",
    "Subject": "Современные юридические информационные системы",
    "InstructorName": "Игнатенко Сергей Владимирович",
    "InstructorLink": ""
  },
  {
    "DayOfWeek": "Суббота",
    "StartTime": "2024-03-04T11:50:00",
    "EndTime": "2024-03-04T13:20:00",
    "WeekType": "Верхняя неделя",
    "Classroom": "У 165",
    "Group": "7261",
    "Subject": "Современные юридические информационные системы",
    "InstructorName": "Игнатенко Сергей Владимирович",
    "InstructorLink": ""
  }
]