[
  {
    "DayOfWeek": "Понедельник",
    "StartTime": "2024-03-04T08:30:00",
    "EndTime": "2024-03-04T10:00:00",
    "WeekType": "Обе недели",
    "Classroom": "А ВУЦ",
    "Group": "7301",
    "Subject": "Военная подготовка (матросы/солдаты запаса)",
    "InstructorName": "",
    "InstructorLink": ""
  },
  {
    "DayOfWeek": "Понедельник",
    "StartTime": "2024-03-04T08:30:00",
    "EndTime": "2024-03-04T10:00:00",
    "WeekType": "Обе недели",
    "Classroom": "А ВУЦ",
    "Group": "7301",
    "Subject": "Военная подготовка (офицеры запаса)",
    "InstructorName": "",
    "InstructorLink": ""
  },
  {
    "DayOfWeek": "Вторник",
    "StartTime": "2024-03-04T10:10:00",
    "EndTime": "2024-03-04T11:40:00",
    "WeekType": "Верхняя неделя",
    "Classroom": "У 543",
    "Group": "7301",
    "Subject": "Теория и практика социальной работы",
    "InstructorName": "Шевченко Михаил Максимович",
    "InstructorLink": "https://www.smtu.ru/ru/viewperson/101353/"
  },
  {
    "DayOfWeek": "Вторник",
    "StartTime": "2024-03-04T11:50:00",
    "EndTime": "2024-03-04T13:20:00",
    "WeekType": "Обе недели",
    "Classroom": "У 543",
    "Group": "7301",
    "Subject": "Теория и практика социальной работы",
    "InstructorName": "Шевченко Михаил Максимович",
    "InstructorLink": "https://www.smtu.ru/ru/viewperson/101353/"
  },
  {
    "DayOfWeek": "Вторник",
    "StartTime": "2024-03-04T14:00:00",
    "EndTime": "2024-03-04T15:30:00",
    "WeekType": "Верхняя неделя",
    "Classroom": "У каф.ФВ",
    "Group": "7301",
    "Subject": "Физическая культура и спорт (элективная)",
    "InstructorName": "",
    "InstructorLink": ""
  },
  {
    "DayOfWeek": "Вторник",
    "StartTime": "2024-03-04T14:00:00",
    "EndTime": "2024-03-04T15:30:00",
    "WeekType": "Нижняя неделя",
    "Classroom": "У 543",
    "Group": "7301",
    "Subject": "Теория и практика социальной работы",
    "InstructorName": "Шевченко Михаил Максимович",
    "InstructorLink": "https://www.smtu.ru/ru/viewperson/101353/"
  },
  {
    "DayOfWeek": "Среда",
    "StartTime": "2024-03-04T11:50:00",
    "EndTime": "2024-03-04T13:20:00",
    "WeekType": "Верхняя неделя",
    "Classroom": "У 544",
    "Group": "7301",
    "Subject": "Конфликтология",
    "InstructorName": "Голованова Оксана Владимировна",
    "InstructorLink": "https://www.smtu.ru/ru/viewperson/100277/"
  },
  {
    "DayOfWeek": "Среда",
    "StartTime": "2024-03-04T11:50:00",
    "EndTime": "2024-03-04T13:20:00",
    "WeekType": "Нижняя неделя",
    "Classroom": "У каф.ФВ",
    "Group": "7301",
    "Subject": "Физическая культура и спорт (элективная)",
    "InstructorName": "",
    "InstructorLink": ""
  },
  {
    "DayOfWeek": "Среда",
    "StartTime": "2024-03-04T14:00:00",
    "EndTime": "2024-03-04T15:30:00",
    "WeekType": "Обе недели",
    "Classroom": "У 544",
    "Group": "7301",
    "Subject": "Конфликтология",
    "InstructorName": "Голованова Оксана Владимировна",
    "InstructorLink": "https://www.smtu.ru/ru/viewperson/100277/"
  },
  {
    "DayOfWeek": "Среда",
    "StartTime": "2024-03-04T15:40:00",
    "EndTime": "2024-03-04T17:10:00",
    "WeekType": "Обе недели",
    "Classroom": "У 544",
    "Group": "7301",
    "Subject": "Конфликтология",
    "InstructorName": "Голованова Оксана Владимировна",
    "InstructorLink": "https://www.smtu.ru/ru/viewperson/100277/"
  },
  {
    "DayOfWeek": "Среда",
    "StartTime": "2024-03-04T17:20:00",
    "EndTime": "2024-03-04T18:50:00",
    "WeekType": "Обе недели",
    "Classroom": "У 544",
    "Group": "7301",
    "Subject": "Методология и методы социологического исследования",
    "InstructorName": "Голованова Оксана Владимировна",
    "InstructorLink": "https://www.smtu.ru/ru/viewperson/100277/"
  },
  {
    "DayOfWeek": "Четверг",
    "StartTime": "2024-03-04T11:50:00",
    "EndTime": "2024-03-04T13:20:00",
    "WeekType": "Верхняя неделя",
    "Classroom": "У 544",
    "Group": "7301",
    "Subject": "",
    "InstructorName": "Голованова Оксана Владимировна",
    "InstructorLink": "https://www.smtu.ru/ru/viewperson/100277/"
  },
  {
    "DayOfWeek": "Четверг",
    "StartTime": "2024-03-04T11:50:00",
    "EndTime": "2024-03-04T13:20:00",
    "WeekType": "Нижняя неделя",
    "Classroom": "У каф.ФВ",
    "Group": "7301",
    "Subject": "Физическая культура и спорт (элективная)",
    "InstructorName": "",
    "InstructorLink": ""
  },
  {
    "DayOfWeek": "Четверг",
    "StartTime": "2024-03-04T14:00:00",
    "EndTime": "2024-03-04T15:30:00",
    "WeekType": "Обе недели",
    "Classroom": "У 209ю",
    "Group": "7301",
    "Subject": "Методология и методы социологического исследования",
    "InstructorName": "Голованова Оксана Владимировна",
    "InstructorLink": "https://www.smtu.ru/ru/viewperson/100277/"
  },
  {
    "DayOfWeek": "Четверг",
    "StartTime": "2024-03-04T15:40:00",
    "EndTime": "2024-03-04T17:10:00",
    "WeekType": "Верхняя неделя",
    "Classroom": "У каф.ФВ",
    "Group": "7301",
    "Subject": "Физическая культура и спорт (элективная)",
    "InstructorName": "",
    "InstructorLink": ""
  },
  {
    "DayOfWeek": "Четверг",
    "StartTime": "2024-03-04T15:40:00",
    "EndTime": "2024-03-04T17:10:00",
    "WeekType": "Нижняя неделя",
    "Classroom": "У 543",
    "Group": "7301",
    "Subject": "",
    "InstructorName": "Голованова Оксана Владимировна",
    "InstructorLink": "https://www.smtu.ru/ru/viewperson/100277/"
  },
  {
    "DayOfWeek": "Пятница",
    "StartTime": "2024-03-04T08:30:00",
    "EndTime": "2024-03-04T10:00:00",
    "WeekType": "Обе недели",
    "Classroom": "У 544",
    "Group": "7301",
    "Subject": "Политическая социология",
    "InstructorName": "Козырев Александр Борисович",
    "InstructorLink": "https://www.smtu.ru/ru/viewperson/100538/"
  },
  {
    "DayOfWeek": "Пятница",
    "StartTime": "2024-03-04T10:10:00",
    "EndTime": "2024-03-04T11:40:00",
    "WeekType": "Обе недели",
    "Classroom": "У 544",
    "Group": "7301",
    "Subject": "Политическая социология",
    "InstructorName": "Козырев Александр Борисович",
    "InstructorLink": "https://www.smtu.ru/ru/viewperson/100538/"
  },
  {
    "DayOfWeek": "Пятница",
    "StartTime": "2024-03-04T11:50:00",
    "EndTime": "2024-03-04T13:20:00",
    "WeekType": "Обе недели",
    "Classroom": "У 544",
    "Group": "7301",
    "Subject": "Социология управления",
    "InstructorName": "Козырев Александр Борисович",
    "InstructorLink": "https://www.smtu.ru/ru/viewperson/100538/"
  },
  {
    "DayOfWeek": "Пятница",
    "StartTime": "2024-03-04T14:00:00",
    "EndTime": "2024-03-04T15:30:00",
    "WeekType": "Обе недели",
    "Classroom": "У 544",
    "Group": "7301",
    "Subject": "Социология управления",
    "InstructorName": "Романова Виктория Алексеевна",
    "InstructorLink": "https://www.smtu.ru/ru/viewperson/104884/"
  },
  {
    "DayOfWeek": "Суббота",
    "StartTime": "2024-03-04T08:30:00",
    "EndTime": "2024-03-04T10:00:00",
    "WeekType": "Обе недели",
    "Classroom": "У 543",
    "Group": "7301",
    "Subject": "Концепции современного естествознания",
    "InstructorName": "Аносов Юрий Александрович",
    "InstructorLink": "https://www.smtu.ru/ru/viewperson/100040/"
  },
  {
    "DayOfWeek": "Суббота",
    "StartTime": "2024-03-04T10:10:00",
    "EndTime": "2024-03-04T11:40:00",
    "WeekType": "Обе недели",
    "Classroom": "У 543",
    "Group": "7301",
    "Subject": "Концепции современного естествознания",
    "InstructorName": "Аносов Юрий Александрович",
    "InstructorLink": "https://www.smtu.ru/ru/viewperson/100040/"
  },
  {
    "DayOfWeek": "Суббота",
    "StartTime": "2024-03-04T11:50:00",
    "EndTime": "2024-03-04T13:20:00",
    "WeekType": "Верхняя неделя",
    "Classroom": "У 543",
    "Group": "7301",
    "Subject": "Концепции современного естествознания",
    "InstructorName": "Аносов Юрий Александрович",
    "InstructorLink": "https://www.smtu.ru/ru/viewperson/100040/"
  },
  {
    "DayOfWeek": "Суббота",
    "StartTime": "2024-03-04T11:50:00",
    "EndTime": "2024-03-04T13:20:00",
    "WeekType": "Нижняя неделя",
    "Classroom": "У 543",
    "Group": "7301",
    "Subject": "История философии",
    "InstructorName": "Аносов Юрий Александрович",
    "InstructorLink": "https://www.smtu.ru/ru/viewperson/100040/"
  },
  {
    "DayOfWeek": "Суббота",
    "StartTime": "2024-03-04T14:00:00",
    "EndTime": "2024-03-04T15:30:00",
    "WeekType": "Обе недели",
    "Classroom": "У 543",
    "Group": "7301",
    "Subject": "История философии",
    "InstructorName": "Аносов Юрий Александрович",
    "InstructorLink": "https://www.smtu.ru/ru/viewperson/100040/"
  }
]