[
  {
    "DayOfWeek": "Понедельник",
    "StartTime": "2024-03-04T08:30:00",
    "EndTime": "2024-03-04T10:00:00",
    "WeekType": "Обе недели",
    "Classroom": "А ВУЦ",
    "Group": "7362",
    "Subject": "Военная подготовка (матросы/солдаты запаса)",
    "InstructorName": "",
    "InstructorLink": ""
  },
  {
    "DayOfWeek": "Понедельник",
    "StartTime": "2024-03-04T08:30:00",
    "EndTime": "2024-03-04T10:00:00",
    "WeekType": "Обе недели",
    "Classroom": "А ВУЦ",
    "Group": "7362",
    "Subject": "Военная подготовка (офицеры запаса)",
    "InstructorName": "",
    "InstructorLink": ""
  },
  {
    "DayOfWeek": "Вторник",
    "StartTime": "2024-03-04T11:50:00",
    "EndTime": "2024-03-04T13:20:00",
    "WeekType": "Обе недели",
    "Classroom": "У 304ю",
    "Group": "7362",
    "Subject": "Оперативно-розыскная деятельность",
    "InstructorName": "Харин Сергей Самуилович",
    "InstructorLink": "https://www.smtu.ru/ru/viewperson/101273/"
  },
  {
    "DayOfWeek": "Вторник",
    "StartTime": "2024-03-04T14:00:00",
    "EndTime": "2024-03-04T15:30:00",
    "WeekType": "Обе недели",
    "Classroom": "У 165",
    "Group": "7362",
    "Subject": "Оперативно-розыскная деятельность",
    "InstructorName": "Харин Сергей Самуилович",
    "InstructorLink": "https://www.smtu.ru/ru/viewperson/101273/"
  },
  {
    "DayOfWeek": "Вторник",
    "StartTime": "2024-03-04T15:40:00",
    "EndTime": "2024-03-04T17:10:00",
    "WeekType": "Обе недели",
    "Classroom": "У 304ю",
    "Group": "7362",
    "Subject": "Коммерческое право",
    "InstructorName": "Фролов Алексей Иннокентьевич",
    "InstructorLink": "https://www.smtu.ru/ru/viewperson/101260/"
  },
  {
    "DayOfWeek": "Вторник",
    "StartTime": "2024-03-04T17:20:00",
    "EndTime": "2024-03-04T18:50:00",
    "WeekType": "Обе недели",
    "Classroom": "У 165",
    "Group": "7362",
    "Subject": "Коммерческое право",
    "InstructorName": "Фролов Алексей Иннокентьевич",
    "InstructorLink": "https://www.smtu.ru/ru/viewperson/101260/"
  },
  {
    "DayOfWeek": "Среда",
    "StartTime": "2024-03-04T10:10:00",
    "EndTime": "2024-03-04T11:40:00",
    "WeekType": "Обе недели",
    "Classroom": "У 01Ю",
    "Group": "7362",
    "Subject": "Гражданский процесс",
    "InstructorName": "Нужин Константин Викторович",
    "InstructorLink": ""
  },
  {
    "DayOfWeek": "Среда",
    "StartTime": "2024-03-04T11:50:00",
    "EndTime": "2024-03-04T13:20:00",
    "WeekType": "Обе недели",
    "Classroom": "У 01Ю",
    "Group": "7362",
    "Subject": "Арбитражный процесс",
    "InstructorName": "Травин Александр Владимирович",
    "InstructorLink": "https://www.smtu.ru/ru/viewperson/101199/"
  },
  {
    "DayOfWeek": "Среда",
    "StartTime": "2024-03-04T14:00:00",
    "EndTime": "2024-03-04T15:30:00",
    "WeekType": "Обе недели",
    "Classroom": "У каф.ФВ",
    "Group": "7362",
    "Subject": "Физическая культура и спорт (элективная)",
    "InstructorName": "",
    "InstructorLink": ""
  },
  {
    "DayOfWeek": "Четверг",
    "StartTime": "2024-03-04T11:50:00",
    "EndTime": "2024-03-04T13:20:00",
    "WeekType": "Обе недели",
    "Classroom": "У 209ю",
    "Group": "7362",
    "Subject": "Уголовный процесс",
    "InstructorName": "Марченко Александр Васильевич",
    "InstructorLink": "https://www.smtu.ru/ru/viewperson/100732/"
  },
  {
    "DayOfWeek": "Четверг",
    "StartTime": "2024-03-04T14:00:00",
    "EndTime": "2024-03-04T15:30:00",
    "WeekType": "Верхняя неделя",
    "Classroom": "У 167",
    "Group": "7362",
    "Subject": "Арбитражный процесс",
    "InstructorName": "Травин Александр Владимирович",
    "InstructorLink": "https://www.smtu.ru/ru/viewperson/101199/"
  },
  {
    "DayOfWeek": "Четверг",
    "StartTime": "2024-03-04T14:00:00",
    "EndTime": "2024-03-04T15:30:00",
    "WeekType": "Нижняя неделя",
    "Classroom": "У 115",
    "Group": "7362",
    "Subject": "Уголовный процесс",
    "InstructorName": "Марченко Александр Васильевич",
    "InstructorLink": "https://www.smtu.ru/ru/viewperson/100732/"
  },
  {
    "DayOfWeek": "Четверг",
    "StartTime": "2024-03-04T15:40:00",
    "EndTime": "2024-03-04T17:10:00",
    "WeekType": "Верхняя неделя",
    "Classroom": "У 01Ю",
    "Group": "7362",
    "Subject": "Арбитражный процесс",
    "InstructorName": "Травин Александр Владимирович",
    "InstructorLink": "https://www.smtu.ru/ru/viewperson/101199/"
  },
  {
    "DayOfWeek": "Пятница",
    "StartTime": "2024-03-04T08:30:00",
    "EndTime": "2024-03-04T10:00:00",
    "WeekType": "Нижняя неделя",
    "Classroom": "У 165",
    "Group": "7362",
    "Subject": "Гражданский процесс",
    "InstructorName": "Нужин Константин Викторович",
    "InstructorLink": ""
  },
  {
    "DayOfWeek": "Пятница",
    "StartTime": "2024-03-04T10:10:00",
    "EndTime": "2024-03-04T11:40:00",
    "WeekType": "Обе недели",
    "Classroom": "У 9",
    "Group": "7362",
    "Subject": "Римское право",
    "InstructorName": "Павленко Ксения Ивановна",
    "InstructorLink": ""
  },
  {
    "DayOfWeek": "Пятница",
    "StartTime": "2024-03-04T11:50:00",
    "EndTime": "2024-03-04T13:20:00",
    "WeekType": "Верхняя неделя",
    "Classroom": "У 303ю",
    "Group": "7362",
    "Subject": "Римское право",
    "InstructorName": "Павленко Ксения Ивановна",
    "InstructorLink": ""
  },
  {
    "DayOfWeek": "Пятница",
    "StartTime": "2024-03-04T14:00:00",
    "EndTime": "2024-03-04T15:30:00",
    "WeekType": "Верхняя неделя",
    "Classroom": "У 303ю",
    "Group": "7362",
    "Subject": "Римское право",
    "InstructorName": "Павленко Ксения Ивановна",
    "InstructorLink": ""
  },
  {
    "DayOfWeek": "Суббота",
    "StartTime": "2024-03-04T08:30:00",
    "EndTime": "2024-03-04T10:00:00",
    "WeekType": "Обе недели",
    "Classroom": "У каф.ФВ",
    "Group": "7362",
    "Subject": "Физическая культура и спорт (элективная)",
    "InstructorName": "",
    "InstructorLink": ""
  },
  {
    "DayOfWeek": "Суббота",
    "StartTime": "2024-03-04T10:10:00",
    "EndTime": "2024-03-04T11:40:00",
    "WeekType": "Обе недели",
    "Classroom": "У 9",
    "Group": "7362",
    "Subject": "Международное частное право",
    "InstructorName": "Мишальченко Юрий Владимирович",
    "InstructorLink": "https://www.smtu.ru/ru/viewperson/100765/"
  },
  {
    "DayOfWeek": "Суббота",
    "StartTime": "2024-03-04T11:50:00",
    "EndTime": "2024-03-04T13:20:00",
    "WeekType": "Обе недели",
    "Classroom": "У 303ю",
    "Group": "7362",
    "Subject": "Международное частное право",
    "InstructorName": "Мишальченко Юрий Владимирович",
    "InstructorLink": "https://www.smtu.ru/ru/viewperson/100765/"
  }
]