[
  {
    "NameContact": "Серебряков Михаил Юрьевич",
    "Position": [ "преподаватель кафедры" ],
    "TaughtSubjects": [ "Проектирование динамических сцен на платформе Unity 3D", "Технологии программирования мехатронных систем", "Технология монтажа и наладки приборов и электрических схем систем автоматики", "Технологии смешанной и дополненной виртуальной реальности" ],
    "AcademicDegree": null,
    "TeachingExperience": "несколько лет",
    "Telephone": null,
    "Email": null,
    "TgLink": null,
    "ScheduleLink": "/schedules/person_schedules/Серебряков Михаил Юрьевич.json",
    "Information": "В 2023 окончил магистратуру на факультете цифровых промышленных технологий по специальности \"Технологии виртуальной, дополненной реальности и искусственного интеллекта\" как лучший выпускник университета. Исследования Серебрякова М.Ю. были не раз опубликованы в известных научных журналах, таких как \"Институт инженеров электротехники и электроники\", где был последовательно описан процесс моделирования движения беспилотников, а в журналах \"Электротехника\" и \"Известия ТулГУ\" оказались представлены статьи, в которых описаны результаты исследования эффективности активного фильтро-компенсирующего устройства на судне с электродвижением и возможности применения методов машинного обучения соответственно. Кроме того, он является соисполнителем в программе развития Научного центра мирового уровня (НЦМУ) \"Передовые цифровые технологии\" и программе развития СПбГМТУ в рамках стратегического академического лидерства \"Приоритет2030\"."

  }
]