[{
  "NameContact": "Гриценко Кристина Вадимовна",
  "Position": ["сотрудник кафедры"],
  "TaughtSubjects": ["Основы робототехники","Разработка и моделирование мехатронных систем","Пакеты прикладных программ в проектировании робототехнических систем","Программное обеспечение мехатронных и робототехнических систем","Электротехника, электроника и схемотехника","Электротехника и основы электроники"],
  "AcademicDegree": null,
  "TeachingExperience": "несколько лет",
  "Telephone": null,
  "Email": null,
  "TgLink": null,
  "ScheduleLink":null,
  "Information": "Получила степень бакалавра в РГПУ им. А. И. Герцена по профилю \"Технологическое образование\" и степень магистра в ИТМО по профилю \"Мехатроника и робототехника\". До 2021 работала в центре дополнительного образования. Ученики Гриценко К.В. становились победителями и призерами районных и городских соревнований, а также принимали участие в международных конференциях. С 2021 года является аспирантом СПбГМТУ по направлению \"Информатика и вычислительная техника\" и сотрудником кафедры киберфизических систем. Все обучающиеся под ее руководством успешно защитились. Активно участвует в программе развития Научного центра мирового уровня и программе стратегического академического лидерства \"Приоритет-2030\", регулярно издает статьи в сооавторстве с другими сотрудниками кафедры и других технических ВУЗов и проводит мастер-классы \"Сборка и программирование мобильного робота\" на базе СПбГМТУ, где учащиеся старшего школьного возраста получают практический опыт по работе конструктором \"Lego Mindstorms EV3\" и основам программирования робототехнических систем в среде \"Visual Studio Code\"."
}]