[{
  "NameContact": "Медведева Ангелина Андреевна",
  "Position": ["сотрудник кафедры"],
  "TaughtSubjects": null,
  "AcademicDegree": null,
  "TeachingExperience": "несколько лет",
  "Telephone": null,
  "Email": null,
  "TgLink": null,
  "ScheduleLink":null,
  "Information": "Окончила бакалавриат с красным дипломом в Санкт-Петербургском Политехническом университете имени Петра Великого по специальности \"Информационные системы и технологии\" и магистратуру по специальности \"Системный анализ и оптимизация информационных систем и технологий\". С 2022 года является сотрудником кафедры киберфизических систем. По основному направлению научной деятельности – исследование физически корректного моделирования движения механических системы – были представлены и опубликованы доклады в отечественных и международных сборниках."
}]