[{
  "NameContact": "Портнов Иван Максимович",
  "Position": ["ассистент кафедры"],
  "TaughtSubjects": ["Технологии программирования мехатронных систем","Теория систем и системный анализ","Методы классической теории автоматического управления"],
  "AcademicDegree": null,
  "TeachingExperience": "несколько лет",
  "Telephone": null,
  "Email": null,
  "TgLink": null,
  "ScheduleLink":null,
  "Information": "С красным дипломом окончил Санкт-Петербургский Политехнический университет Петра Великого по специальности \"Информационные системы и технологии\" и магистратуру по специальности \"Системный анализ и оптимизация информационных систем и технологий\". В качестве ассистента на кафедре киберфизических систем ведет дисциплины: \"Технологии программирования мехатронных систем\", \"Теория систем и системный анализ\", \"Методы классической теории автоматического управления\". Направление научной деятельности – физически правдоподобное моделирование движения механических систем"
}]