[{
  "NameContact": "Воронцов Дмитрий Николаевич",
  "Position": ["сотрудник кафедры"],
  "TaughtSubjects": ["Программирование мехатронных систем",
    "Оптимизация работы мехатронных систем", 
    "Цифровая обработка информации", 
    "Моделирование элементов и процессов киберфизических систем", 
    "Технические средства автоматизации и управления", 
    "Комплексы автоматизации судов", 
    "Исполнительные устройства и регулирующие органы автоматических систем", 
    "Информатика", 
    "Компьютерное конструирование", 
    "Современные методы проектирования систем автоматизации судов", 
    "Информационные технологии"],
  "AcademicDegree": null,
  "TeachingExperience": "несколько лет",
  "Telephone": null,
  "Email": null,
  "TgLink": null,
  "ScheduleLink":null,
  "Information": "Получил степени бакалавра и магистра по направлению \"Кораблестроение, океанотехника и системотехника объектов морской инфраструктуры\". С 2021 года является сотрудником кафедры киберфизических систем. Кроме того, участвует в подготовке студентов к выпуску – все обучающиеся под его руководством успешно защитились. Воронцов Д.Н. проводит исследования в сферах автоматизации технологических процессов на предприятии, разработке и оптимизации алгоритмов функционирования промышленных манипуляторов. Его научная деятельность не ограничивается публикацией статей в известных изданиях и выступлениях на конференциях – он также является исполнителем отчетов в программе развития Научного центра мирового уровня (НЦМУ) \"Передовые цифровые технологии\" 2020-2023 гг. и в программе развития СПбГМТУ в рамках реализации программы стратегического академического лидерства \"Приоритет2030\" стратегических проектов \"Передовые цифровые, интеллектуальные технологии в моделировании, проектировании и управлении\", \"Морская робототехника\"."
}]