[{
    "NameContact": "Моисеев Илья Сергеевич",
    "Position": ["сотрудник лаборатории искусственного интеллекта"],
    "TaughtSubjects": ["Информатика", "Основы мехатроники и робототехники", "Управление в киберфизических системах"],
    "AcademicDegree": null,
    "TeachingExperience": "несколько лет",
    "Telephone": null,
    "Email": null,
    "TgLink": null,
    "ScheduleLink":null,
    "Information": "С красным дипломом окончил бакалавриат в СПбГМТУ по направлению \"Вычислительные машины, комплексы системы и сети\" и магистратуру по направлению \"Технологий виртуальной, дополненной реальности и искусственного интеллекта\". С 2021 является сотрудником лаборатории искусственного интеллекта, входящей в структуру научного центра мирового уровня (НЦМУ) \"Передовые цифровые технологии\" и участвует в программе развития СПбГМТУ в рамках стратегического академического лидерства \"Приоритет2030\". Профессиональным интересом Моисеева И.С. является физически корректное компьютерное моделирование. Результаты исследований по данной и некоторым смежным темам были опубликованы в российских и зарубежных сборниках, а также не раз представлены на международных конференциях."
    }]