[{
  "NameContact": "Поделенюк Павел Петрович",
  "Position": ["сотрудник кафедры"],
  "TaughtSubjects": ["Системы высокопроизводительных вычислений", "Программирование"],
  "AcademicDegree": null,
  "TeachingExperience": "несколько лет",
  "Telephone": null,
  "Email": null,
  "TgLink": null,
  "ScheduleLink":null,
  "Information": "Окончил бакалавриат и магистратуру по направлению \"Информатика и вычислительная техника\" в СПбГМТУ. За несколько лет активных научных исследований не раз выступал на конференциях и был соисполнителем отчетов в программе развития Научного центра мирового уровня (НЦМУ) \"Передовые цифровые технологии\" и программе развития СПбГМТУ в рамках стратегического академического лидерства \"Приоритет2030\"."
}]