[{
  "NameContact": "Крупинин Олег Сергеевич",
  "Position": ["сотрудник кафедры"],
  "TaughtSubjects": null,
  "AcademicDegree": null,
  "TeachingExperience": "несколько лет",
  "Telephone": null,
  "Email": null,
  "TgLink": null,
  "ScheduleLink":null,
  "Information": "С отличием окончил бакалавриат и магистратуру по направлению \"Информационные системы и технологии \" в Санкт-Петербургском политехническом университете Петра Великого, поступил в аспирантуру при СПбГМТУ. С 2018 года является ведущим специалистом по разработке в ГазпромНефть-ЦР, с 2022 – инженером-исследователем СПбГМТУ ЛКФСиСИВ, а с 2023 – ассистентом на кафедре киберфизических систем. Регулярно принимает участие в международных конференциях, специализируется на анализе изображений, разработке геологического ПО."
}]