[
  {
    "DayOfWeek": "Понедельник",
    "StartTime": "2024-03-04T11:50:00",
    "EndTime": "2024-03-04T13:20:00",
    "WeekType": "Верхняя неделя",
    "Classroom": "Г 405",
    "Group": "3110",
    "Subject": "Комплексные информационные технологии",
    "InstructorName": "Иванов Александр Юрьевич",
    "InstructorLink": "https://www.smtu.ru/ru/viewperson/100438/"
  },
  {
    "DayOfWeek": "Понедельник",
    "StartTime": "2024-03-04T14:00:00",
    "EndTime": "2024-03-04T15:30:00",
    "WeekType": "Обе недели",
    "Classroom": "Г 426",
    "Group": "3110",
    "Subject": "Программирование на языках высокого уровня",
    "InstructorName": "Борисов Александр Николаевич",
    "InstructorLink": ""
  },
  {
    "DayOfWeek": "Понедельник",
    "StartTime": "2024-03-04T15:40:00",
    "EndTime": "2024-03-04T17:10:00",
    "WeekType": "Обе недели",
    "Classroom": "Г 426",
    "Group": "3110",
    "Subject": "Программирование на языках высокого уровня",
    "InstructorName": "Борисов Александр Николаевич",
    "InstructorLink": ""
  },
  {
    "DayOfWeek": "Вторник",
    "StartTime": "2024-03-04T08:30:00",
    "EndTime": "2024-03-04T10:00:00",
    "WeekType": "Обе недели",
    "Classroom": "Г 216",
    "Group": "3110",
    "Subject": "Военная подготовка (офицеры запаса)",
    "InstructorName": "",
    "InstructorLink": ""
  },
  {
    "DayOfWeek": "Вторник",
    "StartTime": "2024-03-04T10:10:00",
    "EndTime": "2024-03-04T11:40:00",
    "WeekType": "Обе недели",
    "Classroom": "Г 216",
    "Group": "3110",
    "Subject": "Военная подготовка (офицеры запаса)",
    "InstructorName": "",
    "InstructorLink": ""
  },
  {
    "DayOfWeek": "Вторник",
    "StartTime": "2024-03-04T11:50:00",
    "EndTime": "2024-03-04T13:20:00",
    "WeekType": "Обе недели",
    "Classroom": "Г 216",
    "Group": "3110",
    "Subject": "Военная подготовка (офицеры запаса)",
    "InstructorName": "",
    "InstructorLink": ""
  },
  {
    "DayOfWeek": "Среда",
    "StartTime": "2024-03-04T10:10:00",
    "EndTime": "2024-03-04T11:40:00",
    "WeekType": "Нижняя неделя",
    "Classroom": "Г 412",
    "Group": "3110",
    "Subject": "Комплексные информационные технологии",
    "InstructorName": "Иванов Александр Юрьевич",
    "InstructorLink": "https://www.smtu.ru/ru/viewperson/100438/"
  },
  {
    "DayOfWeek": "Среда",
    "StartTime": "2024-03-04T11:50:00",
    "EndTime": "2024-03-04T13:20:00",
    "WeekType": "Нижняя неделя",
    "Classroom": "Г 412",
    "Group": "3110",
    "Subject": "Комплексные информационные технологии",
    "InstructorName": "Иванов Александр Юрьевич",
    "InstructorLink": "https://www.smtu.ru/ru/viewperson/100438/"
  },
  {
    "DayOfWeek": "Среда",
    "StartTime": "2024-03-04T14:00:00",
    "EndTime": "2024-03-04T15:30:00",
    "WeekType": "Верхняя неделя",
    "Classroom": "У 543",
    "Group": "3110",
    "Subject": "Философские проблемы науки и техники",
    "InstructorName": "Медведев Владимир Иванович",
    "InstructorLink": "https://www.smtu.ru/ru/viewperson/100748/"
  },
  {
    "DayOfWeek": "Среда",
    "StartTime": "2024-03-04T15:40:00",
    "EndTime": "2024-03-04T17:10:00",
    "WeekType": "Верхняя неделя",
    "Classroom": "У 107",
    "Group": "3110",
    "Subject": "Философские проблемы науки и техники",
    "InstructorName": "Медведев Владимир Иванович",
    "InstructorLink": "https://www.smtu.ru/ru/viewperson/100748/"
  },
  {
    "DayOfWeek": "Среда",
    "StartTime": "2024-03-04T17:20:00",
    "EndTime": "2024-03-04T18:50:00",
    "WeekType": "Верхняя неделя",
    "Classroom": "У 446",
    "Group": "3110",
    "Subject": "Иностранный язык в профессиональной деятельности",
    "InstructorName": "Силина Екатерина Кузьминична",
    "InstructorLink": "https://www.smtu.ru/ru/viewperson/101075/"
  },
  {
    "DayOfWeek": "Четверг",
    "StartTime": "2024-03-04T08:30:00",
    "EndTime": "2024-03-04T10:00:00",
    "WeekType": "Обе недели",
    "Classroom": "Г 426",
    "Group": "3110",
    "Subject": "Интеллектуальные системы",
    "InstructorName": "Борисов Александр Николаевич",
    "InstructorLink": ""
  },
  {
    "DayOfWeek": "Четверг",
    "StartTime": "2024-03-04T10:10:00",
    "EndTime": "2024-03-04T11:40:00",
    "WeekType": "Верхняя неделя",
    "Classroom": "Г 426",
    "Group": "3110",
    "Subject": "Интеллектуальные системы",
    "InstructorName": "Борисов Александр Николаевич",
    "InstructorLink": ""
  },
  {
    "DayOfWeek": "Четверг",
    "StartTime": "2024-03-04T10:10:00",
    "EndTime": "2024-03-04T11:40:00",
    "WeekType": "Нижняя неделя",
    "Classroom": "Г 426",
    "Group": "3110",
    "Subject": "Программирование на языках высокого уровня",
    "InstructorName": "Борисов Александр Николаевич",
    "InstructorLink": ""
  },
  {
    "DayOfWeek": "Четверг",
    "StartTime": "2024-03-04T11:50:00",
    "EndTime": "2024-03-04T13:20:00",
    "WeekType": "Обе недели",
    "Classroom": "Г 212",
    "Group": "3110",
    "Subject": "Моделирование объектов морской техники",
    "InstructorName": "Скобов Евгений Дмитриевич",
    "InstructorLink": ""
  },
  {
    "DayOfWeek": "Четверг",
    "StartTime": "2024-03-04T14:00:00",
    "EndTime": "2024-03-04T15:30:00",
    "WeekType": "Обе недели",
    "Classroom": "Г 212",
    "Group": "3110",
    "Subject": "Моделирование объектов морской техники",
    "InstructorName": "Скобов Евгений Дмитриевич",
    "InstructorLink": ""
  },
  {
    "DayOfWeek": "Четверг",
    "StartTime": "2024-03-04T15:40:00",
    "EndTime": "2024-03-04T17:10:00",
    "WeekType": "Обе недели",
    "Classroom": "Г 212",
    "Group": "3110",
    "Subject": "Моделирование объектов морской техники",
    "InstructorName": "Скобов Евгений Дмитриевич",
    "InstructorLink": ""
  }
]