[
  {
    "DayOfWeek": "Понедельник",
    "StartTime": "2024-03-04T08:30:00",
    "EndTime": "2024-03-04T10:00:00",
    "WeekType": "Обе недели",
    "Classroom": "У 165",
    "Group": "3125",
    "Subject": "Физика",
    "InstructorName": "Игнатьева Любовь Анатольевна",
    "InstructorLink": ""
  },
  {
    "DayOfWeek": "Понедельник",
    "StartTime": "2024-03-04T10:10:00",
    "EndTime": "2024-03-04T11:40:00",
    "WeekType": "Обе недели",
    "Classroom": "У 212",
    "Group": "3125",
    "Subject": "Океанология",
    "InstructorName": "Киченко Артем Геннадьевич",
    "InstructorLink": ""
  },
  {
    "DayOfWeek": "Понедельник",
    "StartTime": "2024-03-04T11:50:00",
    "EndTime": "2024-03-04T13:20:00",
    "WeekType": "Верхняя неделя",
    "Classroom": "У 320",
    "Group": "3125",
    "Subject": "Физика",
    "InstructorName": "Игнатьева Любовь Анатольевна",
    "InstructorLink": ""
  },
  {
    "DayOfWeek": "Понедельник",
    "StartTime": "2024-03-04T11:50:00",
    "EndTime": "2024-03-04T13:20:00",
    "WeekType": "Верхняя неделя",
    "Classroom": "У 322",
    "Group": "3125",
    "Subject": "Физика",
    "InstructorName": "Игнатьева Любовь Анатольевна",
    "InstructorLink": ""
  },
  {
    "DayOfWeek": "Понедельник",
    "StartTime": "2024-03-04T11:50:00",
    "EndTime": "2024-03-04T13:20:00",
    "WeekType": "Нижняя неделя",
    "Classroom": "У 326",
    "Group": "3125",
    "Subject": "Физика",
    "InstructorName": "Игнатьева Любовь Анатольевна",
    "InstructorLink": ""
  },
  {
    "DayOfWeek": "Понедельник",
    "StartTime": "2024-03-04T14:00:00",
    "EndTime": "2024-03-04T15:30:00",
    "WeekType": "Обе недели",
    "Classroom": "У 167",
    "Group": "3125",
    "Subject": "Океанология",
    "InstructorName": "Киченко Артем Геннадьевич",
    "InstructorLink": ""
  },
  {
    "DayOfWeek": "Понедельник",
    "StartTime": "2024-03-04T15:40:00",
    "EndTime": "2024-03-04T17:10:00",
    "WeekType": "Обе недели",
    "Classroom": "У каф.ФВ",
    "Group": "3125",
    "Subject": "Физическая культура и спорт (элективная)",
    "InstructorName": "",
    "InstructorLink": ""
  },
  {
    "DayOfWeek": "Вторник",
    "StartTime": "2024-03-04T08:30:00",
    "EndTime": "2024-03-04T10:00:00",
    "WeekType": "Нижняя неделя",
    "Classroom": "У 506",
    "Group": "3125",
    "Subject": "Теоретическая механика",
    "InstructorName": "Титова Юлияна Францевна",
    "InstructorLink": "https://www.smtu.ru/ru/viewperson/101184/"
  },
  {
    "DayOfWeek": "Вторник",
    "StartTime": "2024-03-04T10:10:00",
    "EndTime": "2024-03-04T11:40:00",
    "WeekType": "Обе недели",
    "Classroom": "У 105",
    "Group": "3125",
    "Subject": "Культурология",
    "InstructorName": "Добряк Инна Владимировна",
    "InstructorLink": "https://www.smtu.ru/ru/viewperson/100346/"
  },
  {
    "DayOfWeek": "Вторник",
    "StartTime": "2024-03-04T11:50:00",
    "EndTime": "2024-03-04T13:20:00",
    "WeekType": "Верхняя неделя",
    "Classroom": "У 103",
    "Group": "3125",
    "Subject": "Теоретическая механика",
    "InstructorName": "Титова Юлияна Францевна",
    "InstructorLink": "https://www.smtu.ru/ru/viewperson/101184/"
  },
  {
    "DayOfWeek": "Вторник",
    "StartTime": "2024-03-04T11:50:00",
    "EndTime": "2024-03-04T13:20:00",
    "WeekType": "Нижняя неделя",
    "Classroom": "У 101",
    "Group": "3125",
    "Subject": "История России",
    "InstructorName": "Шмелева Марина Юрьевна",
    "InstructorLink": "https://www.smtu.ru/ru/viewperson/101369/"
  },
  {
    "DayOfWeek": "Вторник",
    "StartTime": "2024-03-04T14:00:00",
    "EndTime": "2024-03-04T15:30:00",
    "WeekType": "Верхняя неделя",
    "Classroom": "У 215",
    "Group": "3125",
    "Subject": "Инженерная графика",
    "InstructorName": "Лисовский Михаил Константинович",
    "InstructorLink": "https://www.smtu.ru/ru/viewperson/100683/"
  },
  {
    "DayOfWeek": "Вторник",
    "StartTime": "2024-03-04T14:00:00",
    "EndTime": "2024-03-04T15:30:00",
    "WeekType": "Нижняя неделя",
    "Classroom": "У 506",
    "Group": "3125",
    "Subject": "Теоретическая механика",
    "InstructorName": "Титова Юлияна Францевна",
    "InstructorLink": "https://www.smtu.ru/ru/viewperson/101184/"
  },
  {
    "DayOfWeek": "Вторник",
    "StartTime": "2024-03-04T15:40:00",
    "EndTime": "2024-03-04T17:10:00",
    "WeekType": "Верхняя неделя",
    "Classroom": "У 531",
    "Group": "3125",
    "Subject": "История России",
    "InstructorName": "Пантелеева Екатерина Валерьевна",
    "InstructorLink": "https://www.smtu.ru/ru/viewperson/100873/"
  },
  {
    "DayOfWeek": "Среда",
    "StartTime": "2024-03-04T08:30:00",
    "EndTime": "2024-03-04T10:00:00",
    "WeekType": "Обе недели",
    "Classroom": "У 444",
    "Group": "3125",
    "Subject": "Иностранный язык",
    "InstructorName": "Суринова Елена Аркадьевна",
    "InstructorLink": "https://www.smtu.ru/ru/viewperson/101156/"
  },
  {
    "DayOfWeek": "Среда",
    "StartTime": "2024-03-04T10:10:00",
    "EndTime": "2024-03-04T11:40:00",
    "WeekType": "Обе недели",
    "Classroom": "У 444",
    "Group": "3125",
    "Subject": "Иностранный язык",
    "InstructorName": "Суринова Елена Аркадьевна",
    "InstructorLink": "https://www.smtu.ru/ru/viewperson/101156/"
  },
  {
    "DayOfWeek": "Среда",
    "StartTime": "2024-03-04T11:50:00",
    "EndTime": "2024-03-04T13:20:00",
    "WeekType": "Обе недели",
    "Classroom": "У 10",
    "Group": "3125",
    "Subject": "Высшая математика",
    "InstructorName": "Крупицкая Ольга Савельевна",
    "InstructorLink": ""
  },
  {
    "DayOfWeek": "Среда",
    "StartTime": "2024-03-04T14:00:00",
    "EndTime": "2024-03-04T15:30:00",
    "WeekType": "Обе недели",
    "Classroom": "У 10",
    "Group": "3125",
    "Subject": "Высшая математика",
    "InstructorName": "Крупицкая Ольга Савельевна",
    "InstructorLink": ""
  },
  {
    "DayOfWeek": "Среда",
    "StartTime": "2024-03-04T15:40:00",
    "EndTime": "2024-03-04T17:10:00",
    "WeekType": "Обе недели",
    "Classroom": "У каф.ФВ",
    "Group": "3125",
    "Subject": "Физическая культура и спорт (элективная)",
    "InstructorName": "",
    "InstructorLink": ""
  },
  {
    "DayOfWeek": "Пятница",
    "StartTime": "2024-03-04T08:30:00",
    "EndTime": "2024-03-04T10:00:00",
    "WeekType": "Обе недели",
    "Classroom": "У 450",
    "Group": "3125",
    "Subject": "Высшая математика",
    "InstructorName": "Певзнер Виталий Владимирович",
    "InstructorLink": "https://www.smtu.ru/ru/viewperson/100878/"
  },
  {
    "DayOfWeek": "Пятница",
    "StartTime": "2024-03-04T10:10:00",
    "EndTime": "2024-03-04T11:40:00",
    "WeekType": "Обе недели",
    "Classroom": "У 450",
    "Group": "3125",
    "Subject": "Высшая математика",
    "InstructorName": "Певзнер Виталий Владимирович",
    "InstructorLink": "https://www.smtu.ru/ru/viewperson/100878/"
  },
  {
    "DayOfWeek": "Пятница",
    "StartTime": "2024-03-04T11:50:00",
    "EndTime": "2024-03-04T13:20:00",
    "WeekType": "Обе недели",
    "Classroom": "У 215",
    "Group": "3125",
    "Subject": "Инженерная графика",
    "InstructorName": "Лисовский Михаил Константинович",
    "InstructorLink": "https://www.smtu.ru/ru/viewperson/100683/"
  },
  {
    "DayOfWeek": "Пятница",
    "StartTime": "2024-03-04T14:00:00",
    "EndTime": "2024-03-04T15:30:00",
    "WeekType": "Обе недели",
    "Classroom": "У 115",
    "Group": "3125",
    "Subject": "История России",
    "InstructorName": "Пантелеева Екатерина Валерьевна",
    "InstructorLink": "https://www.smtu.ru/ru/viewperson/100873/"
  },
  {
    "DayOfWeek": "Суббота",
    "StartTime": "2024-03-04T08:30:00",
    "EndTime": "2024-03-04T10:00:00",
    "WeekType": "Обе недели",
    "Classroom": "Г 323",
    "Group": "3125",
    "Subject": "Информационные технологии",
    "InstructorName": "Юрьева Диана Юрьевна",
    "InstructorLink": ""
  },
  {
    "DayOfWeek": "Суббота",
    "StartTime": "2024-03-04T10:10:00",
    "EndTime": "2024-03-04T11:40:00",
    "WeekType": "Обе недели",
    "Classroom": "Г 323",
    "Group": "3125",
    "Subject": "Информационные технологии",
    "InstructorName": "Юрьева Диана Юрьевна",
    "InstructorLink": ""
  }
]