[
  {
    "DayOfWeek": "Понедельник",
    "StartTime": "2024-03-04T08:30:00",
    "EndTime": "2024-03-04T10:00:00",
    "WeekType": "Обе недели",
    "Classroom": "Г 407",
    "Group": "3130",
    "Subject": "Программирование",
    "InstructorName": "Анистратова Валерия Владимировна",
    "InstructorLink": ""
  },
  {
    "DayOfWeek": "Понедельник",
    "StartTime": "2024-03-04T10:10:00",
    "EndTime": "2024-03-04T11:40:00",
    "WeekType": "Обе недели",
    "Classroom": "Г 407",
    "Group": "3130",
    "Subject": "Программирование",
    "InstructorName": "Анистратова Валерия Владимировна",
    "InstructorLink": ""
  },
  {
    "DayOfWeek": "Понедельник",
    "StartTime": "2024-03-04T11:50:00",
    "EndTime": "2024-03-04T13:20:00",
    "WeekType": "Обе недели",
    "Classroom": "Г 407",
    "Group": "3130",
    "Subject": "Информационные технологии",
    "InstructorName": "Гневашев Ярослав Олегович",
    "InstructorLink": ""
  },
  {
    "DayOfWeek": "Понедельник",
    "StartTime": "2024-03-04T14:00:00",
    "EndTime": "2024-03-04T15:30:00",
    "WeekType": "Обе недели",
    "Classroom": "Г 407",
    "Group": "3130",
    "Subject": "Информационные технологии",
    "InstructorName": "Гневашев Ярослав Олегович",
    "InstructorLink": ""
  },
  {
    "DayOfWeek": "Вторник",
    "StartTime": "2024-03-04T10:10:00",
    "EndTime": "2024-03-04T11:40:00",
    "WeekType": "Нижняя неделя",
    "Classroom": "У 544",
    "Group": "3130",
    "Subject": "История России",
    "InstructorName": "Массов Александр Яковлевич",
    "InstructorLink": "https://www.smtu.ru/ru/viewperson/100736/"
  },
  {
    "DayOfWeek": "Вторник",
    "StartTime": "2024-03-04T11:50:00",
    "EndTime": "2024-03-04T13:20:00",
    "WeekType": "Обе недели",
    "Classroom": "У 107",
    "Group": "3130",
    "Subject": "История России",
    "InstructorName": "Массов Александр Яковлевич",
    "InstructorLink": "https://www.smtu.ru/ru/viewperson/100736/"
  },
  {
    "DayOfWeek": "Вторник",
    "StartTime": "2024-03-04T14:00:00",
    "EndTime": "2024-03-04T15:30:00",
    "WeekType": "Верхняя неделя",
    "Classroom": "У 217",
    "Group": "3130",
    "Subject": "Инженерная графика",
    "InstructorName": "Говорова Ольга Васильевна",
    "InstructorLink": "https://www.smtu.ru/ru/viewperson/100273/"
  },
  {
    "DayOfWeek": "Вторник",
    "StartTime": "2024-03-04T14:00:00",
    "EndTime": "2024-03-04T15:30:00",
    "WeekType": "Нижняя неделя",
    "Classroom": "У каф.ФВ",
    "Group": "3130",
    "Subject": "Физическая культура и спорт (элективная)",
    "InstructorName": "",
    "InstructorLink": ""
  },
  {
    "DayOfWeek": "Вторник",
    "StartTime": "2024-03-04T15:40:00",
    "EndTime": "2024-03-04T17:10:00",
    "WeekType": "Верхняя неделя",
    "Classroom": "У каф.ФВ",
    "Group": "3130",
    "Subject": "Физическая культура и спорт (элективная)",
    "InstructorName": "",
    "InstructorLink": ""
  },
  {
    "DayOfWeek": "Среда",
    "StartTime": "2024-03-04T10:10:00",
    "EndTime": "2024-03-04T11:40:00",
    "WeekType": "Обе недели",
    "Classroom": "У 505",
    "Group": "3130",
    "Subject": "Иностранный язык",
    "InstructorName": "Мусалаев Башир Гаджибуттаевич",
    "InstructorLink": "https://www.smtu.ru/ru/viewperson/122533/"
  },
  {
    "DayOfWeek": "Среда",
    "StartTime": "2024-03-04T11:50:00",
    "EndTime": "2024-03-04T13:20:00",
    "WeekType": "Обе недели",
    "Classroom": "У 218",
    "Group": "3130",
    "Subject": "Инженерная графика",
    "InstructorName": "Говорова Ольга Васильевна",
    "InstructorLink": "https://www.smtu.ru/ru/viewperson/100273/"
  },
  {
    "DayOfWeek": "Четверг",
    "StartTime": "2024-03-04T10:10:00",
    "EndTime": "2024-03-04T11:40:00",
    "WeekType": "Верхняя неделя",
    "Classroom": "У 101",
    "Group": "3130",
    "Subject": "История России",
    "InstructorName": "Шмелева Марина Юрьевна",
    "InstructorLink": "https://www.smtu.ru/ru/viewperson/101369/"
  },
  {
    "DayOfWeek": "Четверг",
    "StartTime": "2024-03-04T10:10:00",
    "EndTime": "2024-03-04T11:40:00",
    "WeekType": "Нижняя неделя",
    "Classroom": "У 10",
    "Group": "3130",
    "Subject": "Высшая математика",
    "InstructorName": "Черкасова Екатерина Юрьевна",
    "InstructorLink": "https://www.smtu.ru/ru/viewperson/101311/"
  },
  {
    "DayOfWeek": "Четверг",
    "StartTime": "2024-03-04T11:50:00",
    "EndTime": "2024-03-04T13:20:00",
    "WeekType": "Обе недели",
    "Classroom": "У 10",
    "Group": "3130",
    "Subject": "Высшая математика",
    "InstructorName": "Черкасова Екатерина Юрьевна",
    "InstructorLink": "https://www.smtu.ru/ru/viewperson/101311/"
  },
  {
    "DayOfWeek": "Четверг",
    "StartTime": "2024-03-04T14:00:00",
    "EndTime": "2024-03-04T15:30:00",
    "WeekType": "Обе недели",
    "Classroom": "У 410",
    "Group": "3130",
    "Subject": "Высшая математика",
    "InstructorName": "Черкасова Екатерина Юрьевна",
    "InstructorLink": "https://www.smtu.ru/ru/viewperson/101311/"
  },
  {
    "DayOfWeek": "Четверг",
    "StartTime": "2024-03-04T15:40:00",
    "EndTime": "2024-03-04T17:10:00",
    "WeekType": "Верхняя неделя",
    "Classroom": "У 301",
    "Group": "3130",
    "Subject": "Физика",
    "InstructorName": "Клюбина Ксения Александровна",
    "InstructorLink": "https://www.smtu.ru/ru/viewperson/107947/"
  },
  {
    "DayOfWeek": "Четверг",
    "StartTime": "2024-03-04T15:40:00",
    "EndTime": "2024-03-04T17:10:00",
    "WeekType": "Нижняя неделя",
    "Classroom": "У 322",
    "Group": "3130",
    "Subject": "Физика",
    "InstructorName": "Клюбина Ксения Александровна",
    "InstructorLink": "https://www.smtu.ru/ru/viewperson/107947/"
  },
  {
    "DayOfWeek": "Четверг",
    "StartTime": "2024-03-04T15:40:00",
    "EndTime": "2024-03-04T17:10:00",
    "WeekType": "Нижняя неделя",
    "Classroom": "У 320",
    "Group": "3130",
    "Subject": "Физика",
    "InstructorName": "Клюбина Ксения Александровна",
    "InstructorLink": "https://www.smtu.ru/ru/viewperson/107947/"
  },
  {
    "DayOfWeek": "Пятница",
    "StartTime": "2024-03-04T10:10:00",
    "EndTime": "2024-03-04T11:40:00",
    "WeekType": "Обе недели",
    "Classroom": "У 165",
    "Group": "3130",
    "Subject": "Физика",
    "InstructorName": "Клюбина Ксения Александровна",
    "InstructorLink": "https://www.smtu.ru/ru/viewperson/107947/"
  },
  {
    "DayOfWeek": "Пятница",
    "StartTime": "2024-03-04T11:50:00",
    "EndTime": "2024-03-04T13:20:00",
    "WeekType": "Обе недели",
    "Classroom": "У 505",
    "Group": "3130",
    "Subject": "Иностранный язык",
    "InstructorName": "Мусалаев Башир Гаджибуттаевич",
    "InstructorLink": "https://www.smtu.ru/ru/viewperson/122533/"
  },
  {
    "DayOfWeek": "Пятница",
    "StartTime": "2024-03-04T14:00:00",
    "EndTime": "2024-03-04T15:30:00",
    "WeekType": "Верхняя неделя",
    "Classroom": "У 105",
    "Group": "3130",
    "Subject": "Экология",
    "InstructorName": "Чихонадских Елена Александровна",
    "InstructorLink": "https://www.smtu.ru/ru/viewperson/101326/"
  },
  {
    "DayOfWeek": "Пятница",
    "StartTime": "2024-03-04T14:00:00",
    "EndTime": "2024-03-04T15:30:00",
    "WeekType": "Нижняя неделя",
    "Classroom": "У 410",
    "Group": "3130",
    "Subject": "Высшая математика",
    "InstructorName": "Черкасова Екатерина Юрьевна",
    "InstructorLink": "https://www.smtu.ru/ru/viewperson/101311/"
  },
  {
    "DayOfWeek": "Пятница",
    "StartTime": "2024-03-04T15:40:00",
    "EndTime": "2024-03-04T17:10:00",
    "WeekType": "Верхняя неделя",
    "Classroom": "У 340(1)",
    "Group": "3130",
    "Subject": "Экология",
    "InstructorName": "Чихонадских Елена Александровна",
    "InstructorLink": "https://www.smtu.ru/ru/viewperson/101326/"
  },
  {
    "DayOfWeek": "Суббота",
    "StartTime": "2024-03-04T08:30:00",
    "EndTime": "2024-03-04T10:00:00",
    "WeekType": "Обе недели",
    "Classroom": "У каф.ФВ",
    "Group": "3130",
    "Subject": "Физическая культура и спорт (элективная)",
    "InstructorName": "",
    "InstructorLink": ""
  },
  {
    "DayOfWeek": "Суббота",
    "StartTime": "2024-03-04T10:10:00",
    "EndTime": "2024-03-04T11:40:00",
    "WeekType": "Обе недели",
    "Classroom": "У 506",
    "Group": "3130",
    "Subject": "Теоретическая механика",
    "InstructorName": "Гур-Мильнер Семен Исаакович",
    "InstructorLink": ""
  },
  {
    "DayOfWeek": "Суббота",
    "StartTime": "2024-03-04T11:50:00",
    "EndTime": "2024-03-04T13:20:00",
    "WeekType": "Верхняя неделя",
    "Classroom": "У 107",
    "Group": "3130",
    "Subject": "Теоретическая механика",
    "InstructorName": "Бабанин Николай Викторович",
    "InstructorLink": ""
  }
]