[
  {
    "DayOfWeek": "Понедельник",
    "StartTime": "2024-03-04T10:10:00",
    "EndTime": "2024-03-04T11:40:00",
    "WeekType": "Верхняя неделя",
    "Classroom": "У 502",
    "Group": "3150",
    "Subject": "История России",
    "InstructorName": "Пантелеева Валерия Николаевна",
    "InstructorLink": "https://www.smtu.ru/ru/viewperson/100872/"
  },
  {
    "DayOfWeek": "Понедельник",
    "StartTime": "2024-03-04T11:50:00",
    "EndTime": "2024-03-04T13:20:00",
    "WeekType": "Верхняя неделя",
    "Classroom": "У 326",
    "Group": "3150",
    "Subject": "Физика",
    "InstructorName": "Клюбина Ксения Александровна",
    "InstructorLink": "https://www.smtu.ru/ru/viewperson/107947/"
  },
  {
    "DayOfWeek": "Понедельник",
    "StartTime": "2024-03-04T11:50:00",
    "EndTime": "2024-03-04T13:20:00",
    "WeekType": "Нижняя неделя",
    "Classroom": "У 322",
    "Group": "3150",
    "Subject": "Физика",
    "InstructorName": "Клюбина Ксения Александровна",
    "InstructorLink": "https://www.smtu.ru/ru/viewperson/107947/"
  },
  {
    "DayOfWeek": "Понедельник",
    "StartTime": "2024-03-04T11:50:00",
    "EndTime": "2024-03-04T13:20:00",
    "WeekType": "Нижняя неделя",
    "Classroom": "У 320",
    "Group": "3150",
    "Subject": "Физика",
    "InstructorName": "Клюбина Ксения Александровна",
    "InstructorLink": "https://www.smtu.ru/ru/viewperson/107947/"
  },
  {
    "DayOfWeek": "Понедельник",
    "StartTime": "2024-03-04T14:00:00",
    "EndTime": "2024-03-04T15:30:00",
    "WeekType": "Обе недели",
    "Classroom": "У 446",
    "Group": "3150",
    "Subject": "Иностранный язык",
    "InstructorName": "Петренко Валентина Ивановна",
    "InstructorLink": "https://www.smtu.ru/ru/viewperson/107963/"
  },
  {
    "DayOfWeek": "Понедельник",
    "StartTime": "2024-03-04T15:40:00",
    "EndTime": "2024-03-04T17:10:00",
    "WeekType": "Обе недели",
    "Classroom": "У 506",
    "Group": "3150",
    "Subject": "Теоретическая механика",
    "InstructorName": "Курзанова Елена Викторовна",
    "InstructorLink": ""
  },
  {
    "DayOfWeek": "Вторник",
    "StartTime": "2024-03-04T10:10:00",
    "EndTime": "2024-03-04T11:40:00",
    "WeekType": "Верхняя неделя",
    "Classroom": "У 101",
    "Group": "3150",
    "Subject": "Высшая математика",
    "InstructorName": "Дмитриев Владимир Михайлович",
    "InstructorLink": "https://www.smtu.ru/ru/viewperson/100338/"
  },
  {
    "DayOfWeek": "Вторник",
    "StartTime": "2024-03-04T10:10:00",
    "EndTime": "2024-03-04T11:40:00",
    "WeekType": "Нижняя неделя",
    "Classroom": "У 101",
    "Group": "3150",
    "Subject": "История России",
    "InstructorName": "Шмелева Марина Юрьевна",
    "InstructorLink": "https://www.smtu.ru/ru/viewperson/101369/"
  },
  {
    "DayOfWeek": "Вторник",
    "StartTime": "2024-03-04T11:50:00",
    "EndTime": "2024-03-04T13:20:00",
    "WeekType": "Обе недели",
    "Classroom": "У 107",
    "Group": "3150",
    "Subject": "История России",
    "InstructorName": "Массов Александр Яковлевич",
    "InstructorLink": "https://www.smtu.ru/ru/viewperson/100736/"
  },
  {
    "DayOfWeek": "Вторник",
    "StartTime": "2024-03-04T14:00:00",
    "EndTime": "2024-03-04T15:30:00",
    "WeekType": "Обе недели",
    "Classroom": "У 410",
    "Group": "3150",
    "Subject": "Высшая математика",
    "InstructorName": "Дмитриев Владимир Михайлович",
    "InstructorLink": "https://www.smtu.ru/ru/viewperson/100338/"
  },
  {
    "DayOfWeek": "Вторник",
    "StartTime": "2024-03-04T15:40:00",
    "EndTime": "2024-03-04T17:10:00",
    "WeekType": "Верхняя неделя",
    "Classroom": "У 410",
    "Group": "3150",
    "Subject": "Высшая математика",
    "InstructorName": "Дмитриев Владимир Михайлович",
    "InstructorLink": "https://www.smtu.ru/ru/viewperson/100338/"
  },
  {
    "DayOfWeek": "Среда",
    "StartTime": "2024-03-04T11:50:00",
    "EndTime": "2024-03-04T13:20:00",
    "WeekType": "Обе недели",
    "Classroom": "У каф.ФВ",
    "Group": "3150",
    "Subject": "Физическая культура и спорт (элективная)",
    "InstructorName": "",
    "InstructorLink": ""
  },
  {
    "DayOfWeek": "Среда",
    "StartTime": "2024-03-04T14:00:00",
    "EndTime": "2024-03-04T15:30:00",
    "WeekType": "Верхняя неделя",
    "Classroom": "У 9",
    "Group": "3150",
    "Subject": "Химия",
    "InstructorName": "Карзина Екатерина Ивановна",
    "InstructorLink": "https://www.smtu.ru/ru/viewperson/104615/"
  },
  {
    "DayOfWeek": "Среда",
    "StartTime": "2024-03-04T14:00:00",
    "EndTime": "2024-03-04T15:30:00",
    "WeekType": "Нижняя неделя",
    "Classroom": "У 103",
    "Group": "3150",
    "Subject": "Химия",
    "InstructorName": "Карзина Екатерина Ивановна",
    "InstructorLink": "https://www.smtu.ru/ru/viewperson/104615/"
  },
  {
    "DayOfWeek": "Среда",
    "StartTime": "2024-03-04T15:40:00",
    "EndTime": "2024-03-04T17:10:00",
    "WeekType": "Верхняя неделя",
    "Classroom": "У 535",
    "Group": "3150",
    "Subject": "Химия",
    "InstructorName": "Карзина Екатерина Ивановна",
    "InstructorLink": "https://www.smtu.ru/ru/viewperson/104615/"
  },
  {
    "DayOfWeek": "Среда",
    "StartTime": "2024-03-04T15:40:00",
    "EndTime": "2024-03-04T17:10:00",
    "WeekType": "Нижняя неделя",
    "Classroom": "У 535",
    "Group": "3150",
    "Subject": "Химия",
    "InstructorName": "Карзина Екатерина Ивановна",
    "InstructorLink": "https://www.smtu.ru/ru/viewperson/104615/"
  },
  {
    "DayOfWeek": "Среда",
    "StartTime": "2024-03-04T17:20:00",
    "EndTime": "2024-03-04T18:50:00",
    "WeekType": "Верхняя неделя",
    "Classroom": "У 101",
    "Group": "3150",
    "Subject": "Теоретическая механика",
    "InstructorName": "Курзанова Елена Викторовна",
    "InstructorLink": ""
  },
  {
    "DayOfWeek": "Четверг",
    "StartTime": "2024-03-04T11:50:00",
    "EndTime": "2024-03-04T13:20:00",
    "WeekType": "Верхняя неделя",
    "Classroom": "Г 207",
    "Group": "3150",
    "Subject": "Корабельные комплексы и информационно-управляющие системы",
    "InstructorName": "Потапов Андрей Анатольевич",
    "InstructorLink": ""
  },
  {
    "DayOfWeek": "Четверг",
    "StartTime": "2024-03-04T11:50:00",
    "EndTime": "2024-03-04T13:20:00",
    "WeekType": "Нижняя неделя",
    "Classroom": "Г 208",
    "Group": "3150",
    "Subject": "Корабельные комплексы и информационно-управляющие системы",
    "InstructorName": "Потапов Андрей Анатольевич",
    "InstructorLink": ""
  },
  {
    "DayOfWeek": "Четверг",
    "StartTime": "2024-03-04T14:00:00",
    "EndTime": "2024-03-04T15:30:00",
    "WeekType": "Обе недели",
    "Classroom": "Г 208",
    "Group": "3150",
    "Subject": "Информационные технологии",
    "InstructorName": "Потапов Андрей Анатольевич",
    "InstructorLink": ""
  },
  {
    "DayOfWeek": "Четверг",
    "StartTime": "2024-03-04T15:40:00",
    "EndTime": "2024-03-04T17:10:00",
    "WeekType": "Обе недели",
    "Classroom": "Г 208",
    "Group": "3150",
    "Subject": "Информационные технологии",
    "InstructorName": "Потапов Андрей Анатольевич",
    "InstructorLink": ""
  },
  {
    "DayOfWeek": "Пятница",
    "StartTime": "2024-03-04T10:10:00",
    "EndTime": "2024-03-04T11:40:00",
    "WeekType": "Обе недели",
    "Classroom": "У 165",
    "Group": "3150",
    "Subject": "Физика",
    "InstructorName": "Клюбина Ксения Александровна",
    "InstructorLink": "https://www.smtu.ru/ru/viewperson/107947/"
  },
  {
    "DayOfWeek": "Пятница",
    "StartTime": "2024-03-04T11:50:00",
    "EndTime": "2024-03-04T13:20:00",
    "WeekType": "Обе недели",
    "Classroom": "У 448",
    "Group": "3150",
    "Subject": "Иностранный язык",
    "InstructorName": "Петренко Валентина Ивановна",
    "InstructorLink": "https://www.smtu.ru/ru/viewperson/107963/"
  },
  {
    "DayOfWeek": "Пятница",
    "StartTime": "2024-03-04T14:00:00",
    "EndTime": "2024-03-04T15:30:00",
    "WeekType": "Обе недели",
    "Classroom": "У 103",
    "Group": "3150",
    "Subject": "Высшая математика",
    "InstructorName": "Дмитриев Владимир Михайлович",
    "InstructorLink": "https://www.smtu.ru/ru/viewperson/100338/"
  },
  {
    "DayOfWeek": "Суббота",
    "StartTime": "2024-03-04T08:30:00",
    "EndTime": "2024-03-04T10:00:00",
    "WeekType": "Обе недели",
    "Classroom": "У каф.ФВ",
    "Group": "3150",
    "Subject": "Физическая культура и спорт (элективная)",
    "InstructorName": "",
    "InstructorLink": ""
  },
  {
    "DayOfWeek": "Суббота",
    "StartTime": "2024-03-04T10:10:00",
    "EndTime": "2024-03-04T11:40:00",
    "WeekType": "Обе недели",
    "Classroom": "У 211",
    "Group": "3150",
    "Subject": "Инженерная графика",
    "InstructorName": "Анисимов Антон Александрович",
    "InstructorLink": ""
  },
  {
    "DayOfWeek": "Суббота",
    "StartTime": "2024-03-04T11:50:00",
    "EndTime": "2024-03-04T13:20:00",
    "WeekType": "Верхняя неделя",
    "Classroom": "У 211",
    "Group": "3150",
    "Subject": "Инженерная графика",
    "InstructorName": "Анисимов Антон Александрович",
    "InstructorLink": ""
  }
]