[
  {
    "DayOfWeek": "Понедельник",
    "StartTime": "2024-03-04T10:10:00",
    "EndTime": "2024-03-04T11:40:00",
    "WeekType": "Нижняя неделя",
    "Classroom": "У 444",
    "Group": "3161",
    "Subject": "Иностранный язык в профессиональной деятельности",
    "InstructorName": "Суринова Елена Аркадьевна",
    "InstructorLink": "https://www.smtu.ru/ru/viewperson/101156/"
  },
  {
    "DayOfWeek": "Понедельник",
    "StartTime": "2024-03-04T11:50:00",
    "EndTime": "2024-03-04T13:20:00",
    "WeekType": "Верхняя неделя",
    "Classroom": "Г 405",
    "Group": "3161",
    "Subject": "Комплексные информационные технологии",
    "InstructorName": "Иванов Александр Юрьевич",
    "InstructorLink": "https://www.smtu.ru/ru/viewperson/100438/"
  },
  {
    "DayOfWeek": "Понедельник",
    "StartTime": "2024-03-04T11:50:00",
    "EndTime": "2024-03-04T13:20:00",
    "WeekType": "Нижняя неделя",
    "Classroom": "У 410",
    "Group": "3161",
    "Subject": "Философские проблемы науки и техники",
    "InstructorName": "Медведев Владимир Иванович",
    "InstructorLink": "https://www.smtu.ru/ru/viewperson/100748/"
  },
  {
    "DayOfWeek": "Понедельник",
    "StartTime": "2024-03-04T14:00:00",
    "EndTime": "2024-03-04T15:30:00",
    "WeekType": "Верхняя неделя",
    "Classroom": "Г 205",
    "Group": "3161",
    "Subject": "Моделирование объектов морской техники",
    "InstructorName": "Скобов Евгений Дмитриевич",
    "InstructorLink": ""
  },
  {
    "DayOfWeek": "Понедельник",
    "StartTime": "2024-03-04T15:40:00",
    "EndTime": "2024-03-04T17:10:00",
    "WeekType": "Верхняя неделя",
    "Classroom": "Г 205",
    "Group": "3161",
    "Subject": "Моделирование объектов морской техники",
    "InstructorName": "Скобов Евгений Дмитриевич",
    "InstructorLink": ""
  },
  {
    "DayOfWeek": "Понедельник",
    "StartTime": "2024-03-04T17:20:00",
    "EndTime": "2024-03-04T18:50:00",
    "WeekType": "Верхняя неделя",
    "Classroom": "Г 205",
    "Group": "3161",
    "Subject": "Моделирование объектов морской техники",
    "InstructorName": "Скобов Евгений Дмитриевич",
    "InstructorLink": ""
  },
  {
    "DayOfWeek": "Вторник",
    "StartTime": "2024-03-04T08:30:00",
    "EndTime": "2024-03-04T10:00:00",
    "WeekType": "Обе недели",
    "Classroom": "Г 216",
    "Group": "3161",
    "Subject": "Военная подготовка (офицеры запаса)",
    "InstructorName": "",
    "InstructorLink": ""
  },
  {
    "DayOfWeek": "Вторник",
    "StartTime": "2024-03-04T10:10:00",
    "EndTime": "2024-03-04T11:40:00",
    "WeekType": "Обе недели",
    "Classroom": "Г 216",
    "Group": "3161",
    "Subject": "Военная подготовка (офицеры запаса)",
    "InstructorName": "",
    "InstructorLink": ""
  },
  {
    "DayOfWeek": "Вторник",
    "StartTime": "2024-03-04T11:50:00",
    "EndTime": "2024-03-04T13:20:00",
    "WeekType": "Обе недели",
    "Classroom": "Г 216",
    "Group": "3161",
    "Subject": "Военная подготовка (офицеры запаса)",
    "InstructorName": "",
    "InstructorLink": ""
  },
  {
    "DayOfWeek": "Среда",
    "StartTime": "2024-03-04T10:10:00",
    "EndTime": "2024-03-04T11:40:00",
    "WeekType": "Нижняя неделя",
    "Classroom": "Г 412",
    "Group": "3161",
    "Subject": "Комплексные информационные технологии",
    "InstructorName": "Иванов Александр Юрьевич",
    "InstructorLink": "https://www.smtu.ru/ru/viewperson/100438/"
  },
  {
    "DayOfWeek": "Среда",
    "StartTime": "2024-03-04T11:50:00",
    "EndTime": "2024-03-04T13:20:00",
    "WeekType": "Нижняя неделя",
    "Classroom": "Г 412",
    "Group": "3161",
    "Subject": "Комплексные информационные технологии",
    "InstructorName": "Иванов Александр Юрьевич",
    "InstructorLink": "https://www.smtu.ru/ru/viewperson/100438/"
  },
  {
    "DayOfWeek": "Среда",
    "StartTime": "2024-03-04T15:40:00",
    "EndTime": "2024-03-04T17:10:00",
    "WeekType": "Верхняя неделя",
    "Classroom": "У 107",
    "Group": "3161",
    "Subject": "Философские проблемы науки и техники",
    "InstructorName": "Медведев Владимир Иванович",
    "InstructorLink": "https://www.smtu.ru/ru/viewperson/100748/"
  },
  {
    "DayOfWeek": "Четверг",
    "StartTime": "2024-03-04T14:00:00",
    "EndTime": "2024-03-04T15:30:00",
    "WeekType": "Верхняя неделя",
    "Classroom": "Г 412",
    "Group": "3161",
    "Subject": "Автоматизация проектирования систем и средств морской техники",
    "InstructorName": "Рыков Сергей Алексеевич",
    "InstructorLink": "https://www.smtu.ru/ru/viewperson/101013/"
  },
  {
    "DayOfWeek": "Четверг",
    "StartTime": "2024-03-04T15:40:00",
    "EndTime": "2024-03-04T17:10:00",
    "WeekType": "Верхняя неделя",
    "Classroom": "Г 407",
    "Group": "3161",
    "Subject": "Методы искусственного интеллекта",
    "InstructorName": "Борисов Александр Николаевич",
    "InstructorLink": ""
  },
  {
    "DayOfWeek": "Четверг",
    "StartTime": "2024-03-04T15:40:00",
    "EndTime": "2024-03-04T17:10:00",
    "WeekType": "Нижняя неделя",
    "Classroom": "Г 407",
    "Group": "3161",
    "Subject": "Автоматизация проектирования систем и средств морской техники",
    "InstructorName": "Рыков Сергей Алексеевич",
    "InstructorLink": "https://www.smtu.ru/ru/viewperson/101013/"
  },
  {
    "DayOfWeek": "Четверг",
    "StartTime": "2024-03-04T17:20:00",
    "EndTime": "2024-03-04T18:50:00",
    "WeekType": "Верхняя неделя",
    "Classroom": "Г 407",
    "Group": "3161",
    "Subject": "Методы искусственного интеллекта",
    "InstructorName": "Борисов Александр Николаевич",
    "InstructorLink": ""
  },
  {
    "DayOfWeek": "Пятница",
    "StartTime": "2024-03-04T08:30:00",
    "EndTime": "2024-03-04T10:00:00",
    "WeekType": "Обе недели",
    "Classroom": "Г 208",
    "Group": "3161",
    "Subject": "Системы управления объектами морской техники",
    "InstructorName": "Рыбинский Владислав Олегович",
    "InstructorLink": "https://www.smtu.ru/ru/viewperson/101010/"
  },
  {
    "DayOfWeek": "Пятница",
    "StartTime": "2024-03-04T10:10:00",
    "EndTime": "2024-03-04T11:40:00",
    "WeekType": "Обе недели",
    "Classroom": "Г 208",
    "Group": "3161",
    "Subject": "Системы управления объектами морской техники",
    "InstructorName": "Рыбинский Владислав Олегович",
    "InstructorLink": "https://www.smtu.ru/ru/viewperson/101010/"
  },
  {
    "DayOfWeek": "Пятница",
    "StartTime": "2024-03-04T11:50:00",
    "EndTime": "2024-03-04T13:20:00",
    "WeekType": "Нижняя неделя",
    "Classroom": "Г 208",
    "Group": "3161",
    "Subject": "Методы оптимизации",
    "InstructorName": "Потапов Андрей Анатольевич",
    "InstructorLink": ""
  },
  {
    "DayOfWeek": "Пятница",
    "StartTime": "2024-03-04T14:00:00",
    "EndTime": "2024-03-04T15:30:00",
    "WeekType": "Нижняя неделя",
    "Classroom": "Г 208",
    "Group": "3161",
    "Subject": "Методы оптимизации",
    "InstructorName": "Потапов Андрей Анатольевич",
    "InstructorLink": ""
  }
]