[
  {
    "DayOfWeek": "Понедельник",
    "StartTime": "2024-03-04T10:10:00",
    "EndTime": "2024-03-04T11:40:00",
    "WeekType": "Верхняя неделя",
    "Classroom": "Г 520",
    "Group": "3162",
    "Subject": "Алгоритмы цифровой обработки гидроакустических сигналов",
    "InstructorName": "Горбачёв Роман Игоревич",
    "InstructorLink": ""
  },
  {
    "DayOfWeek": "Понедельник",
    "StartTime": "2024-03-04T10:10:00",
    "EndTime": "2024-03-04T11:40:00",
    "WeekType": "Нижняя неделя",
    "Classroom": "У 544",
    "Group": "3162",
    "Subject": "Философские проблемы науки и техники",
    "InstructorName": "Медведев Владимир Иванович",
    "InstructorLink": "https://www.smtu.ru/ru/viewperson/100748/"
  },
  {
    "DayOfWeek": "Понедельник",
    "StartTime": "2024-03-04T11:50:00",
    "EndTime": "2024-03-04T13:20:00",
    "WeekType": "Верхняя неделя",
    "Classroom": "Г 520",
    "Group": "3162",
    "Subject": "Алгоритмы цифровой обработки гидроакустических сигналов",
    "InstructorName": "Горбачёв Роман Игоревич",
    "InstructorLink": ""
  },
  {
    "DayOfWeek": "Понедельник",
    "StartTime": "2024-03-04T11:50:00",
    "EndTime": "2024-03-04T13:20:00",
    "WeekType": "Нижняя неделя",
    "Classroom": "У 448",
    "Group": "3162",
    "Subject": "Иностранный язык в профессиональной деятельности",
    "InstructorName": "Силина Екатерина Кузьминична",
    "InstructorLink": "https://www.smtu.ru/ru/viewperson/101075/"
  },
  {
    "DayOfWeek": "Вторник",
    "StartTime": "2024-03-04T08:30:00",
    "EndTime": "2024-03-04T10:00:00",
    "WeekType": "Обе недели",
    "Classroom": "Г 216",
    "Group": "3162",
    "Subject": "Военная подготовка (офицеры запаса)",
    "InstructorName": "",
    "InstructorLink": ""
  },
  {
    "DayOfWeek": "Вторник",
    "StartTime": "2024-03-04T10:10:00",
    "EndTime": "2024-03-04T11:40:00",
    "WeekType": "Обе недели",
    "Classroom": "Г 216",
    "Group": "3162",
    "Subject": "Военная подготовка (офицеры запаса)",
    "InstructorName": "",
    "InstructorLink": ""
  },
  {
    "DayOfWeek": "Вторник",
    "StartTime": "2024-03-04T11:50:00",
    "EndTime": "2024-03-04T13:20:00",
    "WeekType": "Обе недели",
    "Classroom": "Г 216",
    "Group": "3162",
    "Subject": "Военная подготовка (офицеры запаса)",
    "InstructorName": "",
    "InstructorLink": ""
  },
  {
    "DayOfWeek": "Среда",
    "StartTime": "2024-03-04T08:30:00",
    "EndTime": "2024-03-04T10:00:00",
    "WeekType": "Обе недели",
    "Classroom": "Г 315",
    "Group": "3162",
    "Subject": "Технологии программирования информационных систем мобильных роботов",
    "InstructorName": "Семенов Николай Николаевич",
    "InstructorLink": "https://www.smtu.ru/ru/viewperson/101053/"
  },
  {
    "DayOfWeek": "Среда",
    "StartTime": "2024-03-04T10:10:00",
    "EndTime": "2024-03-04T11:40:00",
    "WeekType": "Верхняя неделя",
    "Classroom": "Г 315",
    "Group": "3162",
    "Subject": "Технологии программирования информационных систем мобильных роботов",
    "InstructorName": "Семенов Николай Николаевич",
    "InstructorLink": "https://www.smtu.ru/ru/viewperson/101053/"
  },
  {
    "DayOfWeek": "Среда",
    "StartTime": "2024-03-04T10:10:00",
    "EndTime": "2024-03-04T11:40:00",
    "WeekType": "Нижняя неделя",
    "Classroom": "Г 420",
    "Group": "3162",
    "Subject": "",
    "InstructorName": "Горбачёв Роман Игоревич",
    "InstructorLink": ""
  },
  {
    "DayOfWeek": "Среда",
    "StartTime": "2024-03-04T11:50:00",
    "EndTime": "2024-03-04T13:20:00",
    "WeekType": "Обе недели",
    "Classroom": "Г 420",
    "Group": "3162",
    "Subject": "Алгоритмы цифровой обработки гидроакустических сигналов",
    "InstructorName": "Горбачёв Роман Игоревич",
    "InstructorLink": ""
  },
  {
    "DayOfWeek": "Среда",
    "StartTime": "2024-03-04T15:40:00",
    "EndTime": "2024-03-04T17:10:00",
    "WeekType": "Верхняя неделя",
    "Classroom": "У 107",
    "Group": "3162",
    "Subject": "Философские проблемы науки и техники",
    "InstructorName": "Медведев Владимир Иванович",
    "InstructorLink": "https://www.smtu.ru/ru/viewperson/100748/"
  },
  {
    "DayOfWeek": "Пятница",
    "StartTime": "2024-03-04T10:10:00",
    "EndTime": "2024-03-04T11:40:00",
    "WeekType": "Верхняя неделя",
    "Classroom": "Г 211",
    "Group": "3162",
    "Subject": "Датчики и преобразователи информационных систем мобильных роботов",
    "InstructorName": "Махов Владимир Иванович",
    "InstructorLink": "https://www.smtu.ru/ru/viewperson/100742/"
  },
  {
    "DayOfWeek": "Пятница",
    "StartTime": "2024-03-04T11:50:00",
    "EndTime": "2024-03-04T13:20:00",
    "WeekType": "Обе недели",
    "Classroom": "Г 211",
    "Group": "3162",
    "Subject": "Датчики и преобразователи информационных систем мобильных роботов",
    "InstructorName": "Махов Владимир Иванович",
    "InstructorLink": "https://www.smtu.ru/ru/viewperson/100742/"
  },
  {
    "DayOfWeek": "Пятница",
    "StartTime": "2024-03-04T14:00:00",
    "EndTime": "2024-03-04T15:30:00",
    "WeekType": "Верхняя неделя",
    "Classroom": "Г 315",
    "Group": "3162",
    "Subject": "Компьютерные технологии в моделировании информационных систем",
    "InstructorName": "Филатов Василий Анатольевич",
    "InstructorLink": ""
  },
  {
    "DayOfWeek": "Пятница",
    "StartTime": "2024-03-04T14:00:00",
    "EndTime": "2024-03-04T15:30:00",
    "WeekType": "Нижняя неделя",
    "Classroom": "Г 315",
    "Group": "3162",
    "Subject": "Компьютерные технологии в моделировании информационных систем",
    "InstructorName": "Филатов Василий Анатольевич",
    "InstructorLink": ""
  },
  {
    "DayOfWeek": "Пятница",
    "StartTime": "2024-03-04T15:40:00",
    "EndTime": "2024-03-04T17:10:00",
    "WeekType": "Обе недели",
    "Classroom": "Г 315",
    "Group": "3162",
    "Subject": "Компьютерные технологии в моделировании информационных систем",
    "InstructorName": "Филатов Василий Анатольевич",
    "InstructorLink": ""
  }
]