[
  {
    "DayOfWeek": "Понедельник",
    "StartTime": "2024-03-04T10:10:00",
    "EndTime": "2024-03-04T11:40:00",
    "WeekType": "Верхняя неделя",
    "Classroom": "М 12",
    "Group": "3163",
    "Subject": "Планирование и контроль бизнес-процессов на предприятии судостроения",
    "InstructorName": "Гоголюхина Мария Евгеньевна",
    "InstructorLink": "https://www.smtu.ru/ru/viewperson/100274/"
  },
  {
    "DayOfWeek": "Понедельник",
    "StartTime": "2024-03-04T10:10:00",
    "EndTime": "2024-03-04T11:40:00",
    "WeekType": "Нижняя неделя",
    "Classroom": "У 544",
    "Group": "3163",
    "Subject": "Философские проблемы науки и техники",
    "InstructorName": "Медведев Владимир Иванович",
    "InstructorLink": "https://www.smtu.ru/ru/viewperson/100748/"
  },
  {
    "DayOfWeek": "Понедельник",
    "StartTime": "2024-03-04T11:50:00",
    "EndTime": "2024-03-04T13:20:00",
    "WeekType": "Верхняя неделя",
    "Classroom": "М 12",
    "Group": "3163",
    "Subject": "Планирование и контроль бизнес-процессов на предприятии судостроения",
    "InstructorName": "Гоголюхина Мария Евгеньевна",
    "InstructorLink": "https://www.smtu.ru/ru/viewperson/100274/"
  },
  {
    "DayOfWeek": "Понедельник",
    "StartTime": "2024-03-04T11:50:00",
    "EndTime": "2024-03-04T13:20:00",
    "WeekType": "Нижняя неделя",
    "Classroom": "У 452",
    "Group": "3163",
    "Subject": "Иностранный язык в профессиональной деятельности",
    "InstructorName": "Суринова Елена Аркадьевна",
    "InstructorLink": "https://www.smtu.ru/ru/viewperson/101156/"
  },
  {
    "DayOfWeek": "Понедельник",
    "StartTime": "2024-03-04T14:00:00",
    "EndTime": "2024-03-04T15:30:00",
    "WeekType": "Обе недели",
    "Classroom": "У УЛК-04",
    "Group": "3163",
    "Subject": "Исследовательская деятельность в лаборатории",
    "InstructorName": "Сергеев Александр Степанович",
    "InstructorLink": "https://www.smtu.ru/ru/viewperson/105072/"
  },
  {
    "DayOfWeek": "Понедельник",
    "StartTime": "2024-03-04T15:40:00",
    "EndTime": "2024-03-04T17:10:00",
    "WeekType": "Обе недели",
    "Classroom": "У УЛК-04",
    "Group": "3163",
    "Subject": "Исследовательская деятельность в лаборатории",
    "InstructorName": "Сергеев Александр Степанович",
    "InstructorLink": "https://www.smtu.ru/ru/viewperson/105072/"
  },
  {
    "DayOfWeek": "Вторник",
    "StartTime": "2024-03-04T08:30:00",
    "EndTime": "2024-03-04T10:00:00",
    "WeekType": "Обе недели",
    "Classroom": "Г 216",
    "Group": "3163",
    "Subject": "Военная подготовка (офицеры запаса)",
    "InstructorName": "",
    "InstructorLink": ""
  },
  {
    "DayOfWeek": "Вторник",
    "StartTime": "2024-03-04T10:10:00",
    "EndTime": "2024-03-04T11:40:00",
    "WeekType": "Обе недели",
    "Classroom": "Г 216",
    "Group": "3163",
    "Subject": "Военная подготовка (офицеры запаса)",
    "InstructorName": "",
    "InstructorLink": ""
  },
  {
    "DayOfWeek": "Вторник",
    "StartTime": "2024-03-04T11:50:00",
    "EndTime": "2024-03-04T13:20:00",
    "WeekType": "Обе недели",
    "Classroom": "Г 216",
    "Group": "3163",
    "Subject": "Военная подготовка (офицеры запаса)",
    "InstructorName": "",
    "InstructorLink": ""
  },
  {
    "DayOfWeek": "Среда",
    "StartTime": "2024-03-04T10:10:00",
    "EndTime": "2024-03-04T11:40:00",
    "WeekType": "Верхняя неделя",
    "Classroom": "У 308",
    "Group": "3163",
    "Subject": "ДПО «Управление конструкторско-технологической деятельностью при проектировании подводной робототехники», с 7 февраля по 17 апреля; с 15 по 29 мая",
    "InstructorName": "Омаров Сергей Магомедович",
    "InstructorLink": ""
  },
  {
    "DayOfWeek": "Среда",
    "StartTime": "2024-03-04T11:50:00",
    "EndTime": "2024-03-04T13:20:00",
    "WeekType": "Верхняя неделя",
    "Classroom": "У 308",
    "Group": "3163",
    "Subject": "ДПО «Управление конструкторско-технологической деятельностью при проектировании подводной робототехники», с 7 февраля по 17 апреля; с 15 по 29 мая",
    "InstructorName": "Омаров Сергей Магомедович",
    "InstructorLink": ""
  },
  {
    "DayOfWeek": "Среда",
    "StartTime": "2024-03-04T11:50:00",
    "EndTime": "2024-03-04T13:20:00",
    "WeekType": "Нижняя неделя",
    "Classroom": "М 12",
    "Group": "3163",
    "Subject": "Ценообразование и оптимизация затрат в судостроении",
    "InstructorName": "Фролова Вероника Александровна",
    "InstructorLink": ""
  },
  {
    "DayOfWeek": "Среда",
    "StartTime": "2024-03-04T14:00:00",
    "EndTime": "2024-03-04T15:30:00",
    "WeekType": "Верхняя неделя",
    "Classroom": "У 308",
    "Group": "3163",
    "Subject": "ДПО «Управление конструкторско-технологической деятельностью при проектировании подводной робототехники», с 7 февраля по 17 апреля; с 15 по 29 мая",
    "InstructorName": "Омаров Сергей Магомедович",
    "InstructorLink": ""
  },
  {
    "DayOfWeek": "Среда",
    "StartTime": "2024-03-04T14:00:00",
    "EndTime": "2024-03-04T15:30:00",
    "WeekType": "Нижняя неделя",
    "Classroom": "М 12",
    "Group": "3163",
    "Subject": "Ценообразование и оптимизация затрат в судостроении",
    "InstructorName": "Фролова Вероника Александровна",
    "InstructorLink": ""
  },
  {
    "DayOfWeek": "Среда",
    "StartTime": "2024-03-04T15:40:00",
    "EndTime": "2024-03-04T17:10:00",
    "WeekType": "Верхняя неделя",
    "Classroom": "У 107",
    "Group": "3163",
    "Subject": "Философские проблемы науки и техники",
    "InstructorName": "Медведев Владимир Иванович",
    "InstructorLink": "https://www.smtu.ru/ru/viewperson/100748/"
  },
  {
    "DayOfWeek": "Среда",
    "StartTime": "2024-03-04T15:40:00",
    "EndTime": "2024-03-04T17:10:00",
    "WeekType": "Нижняя неделя",
    "Classroom": "М 12",
    "Group": "3163",
    "Subject": "Развитие производственной системы судостроительной промышленности",
    "InstructorName": "Малышев Евгений Анатольевич",
    "InstructorLink": "https://www.smtu.ru/ru/viewperson/127500/"
  },
  {
    "DayOfWeek": "Среда",
    "StartTime": "2024-03-04T17:20:00",
    "EndTime": "2024-03-04T18:50:00",
    "WeekType": "Нижняя неделя",
    "Classroom": "М 12",
    "Group": "3163",
    "Subject": "Развитие производственной системы судостроительной промышленности",
    "InstructorName": "Малышев Евгений Анатольевич",
    "InstructorLink": "https://www.smtu.ru/ru/viewperson/127500/"
  },
  {
    "DayOfWeek": "Четверг",
    "StartTime": "2024-03-04T15:40:00",
    "EndTime": "2024-03-04T17:10:00",
    "WeekType": "Обе недели",
    "Classroom": "У 308",
    "Group": "3163",
    "Subject": "ДПО «Системы управления инженерными данными и жизненным циклом изделия ЛОЦМАН: PLM», с 14 марта по 4 апреля",
    "InstructorName": "Омаров Сергей Магомедович",
    "InstructorLink": ""
  },
  {
    "DayOfWeek": "Четверг",
    "StartTime": "2024-03-04T15:40:00",
    "EndTime": "2024-03-04T17:10:00",
    "WeekType": "Обе недели",
    "Classroom": "У 308",
    "Group": "3163",
    "Subject": "ДПО «Управление конструкторско-технологической деятельностью при проектировании подводной робототехники», 8, 15, 29 февраля",
    "InstructorName": "Омаров Сергей Магомедович",
    "InstructorLink": ""
  },
  {
    "DayOfWeek": "Четверг",
    "StartTime": "2024-03-04T17:20:00",
    "EndTime": "2024-03-04T18:50:00",
    "WeekType": "Обе недели",
    "Classroom": "У 308",
    "Group": "3163",
    "Subject": "ДПО «Системы управления инженерными данными и жизненным циклом изделия ЛОЦМАН: PLM», с 14 марта по 4 апреля (4 апреля - до 19:35)",
    "InstructorName": "Омаров Сергей Магомедович",
    "InstructorLink": ""
  },
  {
    "DayOfWeek": "Четверг",
    "StartTime": "2024-03-04T17:20:00",
    "EndTime": "2024-03-04T18:50:00",
    "WeekType": "Обе недели",
    "Classroom": "У 308",
    "Group": "3163",
    "Subject": "ДПО «Управление конструкторско-технологической деятельностью при проектировании подводной робототехники», 8, 15, 29 февраля",
    "InstructorName": "Омаров Сергей Магомедович",
    "InstructorLink": ""
  },
  {
    "DayOfWeek": "Пятница",
    "StartTime": "2024-03-04T10:10:00",
    "EndTime": "2024-03-04T11:40:00",
    "WeekType": "Верхняя неделя",
    "Classroom": "Г 414",
    "Group": "3163",
    "Subject": "Конструирование подводных аппаратов",
    "InstructorName": "Сергеев Александр Степанович",
    "InstructorLink": "https://www.smtu.ru/ru/viewperson/105072/"
  },
  {
    "DayOfWeek": "Пятница",
    "StartTime": "2024-03-04T11:50:00",
    "EndTime": "2024-03-04T13:20:00",
    "WeekType": "Обе недели",
    "Classroom": "Г 414",
    "Group": "3163",
    "Subject": "Конструирование подводных аппаратов",
    "InstructorName": "Сергеев Александр Степанович",
    "InstructorLink": "https://www.smtu.ru/ru/viewperson/105072/"
  },
  {
    "DayOfWeek": "Пятница",
    "StartTime": "2024-03-04T14:00:00",
    "EndTime": "2024-03-04T15:30:00",
    "WeekType": "Верхняя неделя",
    "Classroom": "Г 508",
    "Group": "3163",
    "Subject": "Математическое моделирование объектов подводной робототехники",
    "InstructorName": "Салимова Наргиз Алибековна",
    "InstructorLink": "https://www.smtu.ru/ru/viewperson/101026/"
  },
  {
    "DayOfWeek": "Пятница",
    "StartTime": "2024-03-04T14:00:00",
    "EndTime": "2024-03-04T15:30:00",
    "WeekType": "Нижняя неделя",
    "Classroom": "Г 319",
    "Group": "3163",
    "Subject": "Конструирование подводных аппаратов",
    "InstructorName": "Сергеев Александр Степанович",
    "InstructorLink": "https://www.smtu.ru/ru/viewperson/105072/"
  },
  {
    "DayOfWeek": "Пятница",
    "StartTime": "2024-03-04T15:40:00",
    "EndTime": "2024-03-04T17:10:00",
    "WeekType": "Обе недели",
    "Classroom": "Г 508",
    "Group": "3163",
    "Subject": "Математическое моделирование объектов подводной робототехники",
    "InstructorName": "Салимова Наргиз Алибековна",
    "InstructorLink": "https://www.smtu.ru/ru/viewperson/101026/"
  },
  {
    "DayOfWeek": "Пятница",
    "StartTime": "2024-03-04T17:20:00",
    "EndTime": "2024-03-04T18:50:00",
    "WeekType": "Нижняя неделя",
    "Classroom": "Г 508",
    "Group": "3163",
    "Subject": "Математическое моделирование объектов подводной робототехники",
    "InstructorName": "Салимова Наргиз Алибековна",
    "InstructorLink": "https://www.smtu.ru/ru/viewperson/101026/"
  },
  {
    "DayOfWeek": "Суббота",
    "StartTime": "2024-03-04T10:10:00",
    "EndTime": "2024-03-04T11:40:00",
    "WeekType": "Нижняя неделя",
    "Classroom": "Г 414",
    "Group": "3163",
    "Subject": "Основы проектирования робототехнических систем",
    "InstructorName": "Данилова Варвара Геннадиевна",
    "InstructorLink": "https://www.smtu.ru/ru/viewperson/111358/"
  },
  {
    "DayOfWeek": "Суббота",
    "StartTime": "2024-03-04T11:50:00",
    "EndTime": "2024-03-04T13:20:00",
    "WeekType": "Верхняя неделя",
    "Classroom": "Г 306",
    "Group": "3163",
    "Subject": "Информационные технологии в жизненном цикле морской техники",
    "InstructorName": "Коржов Александр Александрович",
    "InstructorLink": ""
  },
  {
    "DayOfWeek": "Суббота",
    "StartTime": "2024-03-04T11:50:00",
    "EndTime": "2024-03-04T13:20:00",
    "WeekType": "Нижняя неделя",
    "Classroom": "Г 317",
    "Group": "3163",
    "Subject": "Основы проектирования робототехнических систем",
    "InstructorName": "Данилова Варвара Геннадиевна",
    "InstructorLink": "https://www.smtu.ru/ru/viewperson/111358/"
  },
  {
    "DayOfWeek": "Суббота",
    "StartTime": "2024-03-04T14:00:00",
    "EndTime": "2024-03-04T15:30:00",
    "WeekType": "Обе недели",
    "Classroom": "Г 317",
    "Group": "3163",
    "Subject": "Информационные технологии в жизненном цикле морской техники",
    "InstructorName": "Коржов Александр Александрович",
    "InstructorLink": ""
  },
  {
    "DayOfWeek": "Суббота",
    "StartTime": "2024-03-04T15:40:00",
    "EndTime": "2024-03-04T17:10:00",
    "WeekType": "Верхняя неделя",
    "Classroom": "Г 317",
    "Group": "3163",
    "Subject": "Автоматизация проектирования систем и средств морской техники",
    "InstructorName": "Коржов Александр Александрович",
    "InstructorLink": ""
  },
  {
    "DayOfWeek": "Суббота",
    "StartTime": "2024-03-04T15:40:00",
    "EndTime": "2024-03-04T17:10:00",
    "WeekType": "Нижняя неделя",
    "Classroom": "Г 317",
    "Group": "3163",
    "Subject": "Автоматизация проектирования систем и средств морской техники",
    "InstructorName": "Коржов Александр Александрович",
    "InstructorLink": ""
  },
  {
    "DayOfWeek": "Суббота",
    "StartTime": "2024-03-04T17:20:00",
    "EndTime": "2024-03-04T18:50:00",
    "WeekType": "Верхняя неделя",
    "Classroom": "Г 317",
    "Group": "3163",
    "Subject": "Промышленные цифровые технологии",
    "InstructorName": "Коржов Александр Александрович",
    "InstructorLink": ""
  },
  {
    "DayOfWeek": "Суббота",
    "StartTime": "2024-03-04T17:20:00",
    "EndTime": "2024-03-04T18:50:00",
    "WeekType": "Нижняя неделя",
    "Classroom": "Г 317",
    "Group": "3163",
    "Subject": "Промышленные цифровые технологии",
    "InstructorName": "Коржов Александр Александрович",
    "InstructorLink": ""
  }
]