[
  {
    "DayOfWeek": "Понедельник",
    "StartTime": "2024-03-04T11:50:00",
    "EndTime": "2024-03-04T13:20:00",
    "WeekType": "Обе недели",
    "Classroom": "У 446",
    "Group": "3170",
    "Subject": "Иностранный язык",
    "InstructorName": "Назимова Наталья Сергеевна",
    "InstructorLink": "https://www.smtu.ru/ru/viewperson/122512/"
  },
  {
    "DayOfWeek": "Понедельник",
    "StartTime": "2024-03-04T14:00:00",
    "EndTime": "2024-03-04T15:30:00",
    "WeekType": "Обе недели",
    "Classroom": "У 326",
    "Group": "3170",
    "Subject": "Физика",
    "InstructorName": "Клюбина Ксения Александровна",
    "InstructorLink": "https://www.smtu.ru/ru/viewperson/107947/"
  },
  {
    "DayOfWeek": "Понедельник",
    "StartTime": "2024-03-04T15:40:00",
    "EndTime": "2024-03-04T17:10:00",
    "WeekType": "Верхняя неделя",
    "Classroom": "У 320",
    "Group": "3170",
    "Subject": "Физика",
    "InstructorName": "Клюбина Ксения Александровна",
    "InstructorLink": "https://www.smtu.ru/ru/viewperson/107947/"
  },
  {
    "DayOfWeek": "Понедельник",
    "StartTime": "2024-03-04T15:40:00",
    "EndTime": "2024-03-04T17:10:00",
    "WeekType": "Верхняя неделя",
    "Classroom": "У 322",
    "Group": "3170",
    "Subject": "Физика",
    "InstructorName": "Клюбина Ксения Александровна",
    "InstructorLink": "https://www.smtu.ru/ru/viewperson/107947/"
  },
  {
    "DayOfWeek": "Понедельник",
    "StartTime": "2024-03-04T15:40:00",
    "EndTime": "2024-03-04T17:10:00",
    "WeekType": "Нижняя неделя",
    "Classroom": "У 326",
    "Group": "3170",
    "Subject": "Физика",
    "InstructorName": "Клюбина Ксения Александровна",
    "InstructorLink": "https://www.smtu.ru/ru/viewperson/107947/"
  },
  {
    "DayOfWeek": "Вторник",
    "StartTime": "2024-03-04T10:10:00",
    "EndTime": "2024-03-04T11:40:00",
    "WeekType": "Нижняя неделя",
    "Classroom": "У 544",
    "Group": "3170",
    "Subject": "История России",
    "InstructorName": "Массов Александр Яковлевич",
    "InstructorLink": "https://www.smtu.ru/ru/viewperson/100736/"
  },
  {
    "DayOfWeek": "Вторник",
    "StartTime": "2024-03-04T11:50:00",
    "EndTime": "2024-03-04T13:20:00",
    "WeekType": "Обе недели",
    "Classroom": "У 107",
    "Group": "3170",
    "Subject": "История России",
    "InstructorName": "Массов Александр Яковлевич",
    "InstructorLink": "https://www.smtu.ru/ru/viewperson/100736/"
  },
  {
    "DayOfWeek": "Вторник",
    "StartTime": "2024-03-04T14:00:00",
    "EndTime": "2024-03-04T15:30:00",
    "WeekType": "Обе недели",
    "Classroom": "У 115",
    "Group": "3170",
    "Subject": "Алгебра и геометрия",
    "InstructorName": "Гессен Алина Валерьевна",
    "InstructorLink": "https://www.smtu.ru/ru/viewperson/100268/"
  },
  {
    "DayOfWeek": "Вторник",
    "StartTime": "2024-03-04T15:40:00",
    "EndTime": "2024-03-04T17:10:00",
    "WeekType": "Обе недели",
    "Classroom": "У 443",
    "Group": "3170",
    "Subject": "Алгебра и геометрия",
    "InstructorName": "Гессен Алина Валерьевна",
    "InstructorLink": "https://www.smtu.ru/ru/viewperson/100268/"
  },
  {
    "DayOfWeek": "Среда",
    "StartTime": "2024-03-04T10:10:00",
    "EndTime": "2024-03-04T11:40:00",
    "WeekType": "Обе недели",
    "Classroom": "У каф.ФВ",
    "Group": "3170",
    "Subject": "Физическая культура и спорт (элективная)",
    "InstructorName": "",
    "InstructorLink": ""
  },
  {
    "DayOfWeek": "Среда",
    "StartTime": "2024-03-04T11:50:00",
    "EndTime": "2024-03-04T13:20:00",
    "WeekType": "Обе недели",
    "Classroom": "У 448",
    "Group": "3170",
    "Subject": "Иностранный язык",
    "InstructorName": "Назимова Наталья Сергеевна",
    "InstructorLink": "https://www.smtu.ru/ru/viewperson/122512/"
  },
  {
    "DayOfWeek": "Среда",
    "StartTime": "2024-03-04T14:00:00",
    "EndTime": "2024-03-04T15:30:00",
    "WeekType": "Обе недели",
    "Classroom": "У 167",
    "Group": "3170",
    "Subject": "Дискретная математика",
    "InstructorName": "Пономарёв Алексей Александрович",
    "InstructorLink": "https://www.smtu.ru/ru/viewperson/122756/"
  },
  {
    "DayOfWeek": "Среда",
    "StartTime": "2024-03-04T15:40:00",
    "EndTime": "2024-03-04T17:10:00",
    "WeekType": "Верхняя неделя",
    "Classroom": "У 10",
    "Group": "3170",
    "Subject": "Дискретная математика",
    "InstructorName": "Пономарёв Алексей Александрович",
    "InstructorLink": "https://www.smtu.ru/ru/viewperson/122756/"
  },
  {
    "DayOfWeek": "Среда",
    "StartTime": "2024-03-04T15:40:00",
    "EndTime": "2024-03-04T17:10:00",
    "WeekType": "Нижняя неделя",
    "Classroom": "У 340(1)",
    "Group": "3170",
    "Subject": "Экология",
    "InstructorName": "Чихонадских Елена Александровна",
    "InstructorLink": "https://www.smtu.ru/ru/viewperson/101326/"
  },
  {
    "DayOfWeek": "Четверг",
    "StartTime": "2024-03-04T08:30:00",
    "EndTime": "2024-03-04T10:00:00",
    "WeekType": "Верхняя неделя",
    "Classroom": "У каф.ФВ",
    "Group": "3170",
    "Subject": "Физическая культура и спорт (элективная)",
    "InstructorName": "",
    "InstructorLink": ""
  },
  {
    "DayOfWeek": "Четверг",
    "StartTime": "2024-03-04T08:30:00",
    "EndTime": "2024-03-04T10:00:00",
    "WeekType": "Нижняя неделя",
    "Classroom": "У 544",
    "Group": "3170",
    "Subject": "Математическая логика и теория алгоритмов",
    "InstructorName": "Пономарёв Алексей Александрович",
    "InstructorLink": "https://www.smtu.ru/ru/viewperson/122756/"
  },
  {
    "DayOfWeek": "Четверг",
    "StartTime": "2024-03-04T10:10:00",
    "EndTime": "2024-03-04T11:40:00",
    "WeekType": "Верхняя неделя",
    "Classroom": "У 101",
    "Group": "3170",
    "Subject": "История России",
    "InstructorName": "Шмелева Марина Юрьевна",
    "InstructorLink": "https://www.smtu.ru/ru/viewperson/101369/"
  },
  {
    "DayOfWeek": "Четверг",
    "StartTime": "2024-03-04T10:10:00",
    "EndTime": "2024-03-04T11:40:00",
    "WeekType": "Нижняя неделя",
    "Classroom": "У 167",
    "Group": "3170",
    "Subject": "Математическая логика и теория алгоритмов",
    "InstructorName": "Пономарёв Алексей Александрович",
    "InstructorLink": "https://www.smtu.ru/ru/viewperson/122756/"
  },
  {
    "DayOfWeek": "Четверг",
    "StartTime": "2024-03-04T11:50:00",
    "EndTime": "2024-03-04T13:20:00",
    "WeekType": "Обе недели",
    "Classroom": "У 163",
    "Group": "3170",
    "Subject": "Алгебра и геометрия",
    "InstructorName": "Гессен Алина Валерьевна",
    "InstructorLink": "https://www.smtu.ru/ru/viewperson/100268/"
  },
  {
    "DayOfWeek": "Четверг",
    "StartTime": "2024-03-04T14:00:00",
    "EndTime": "2024-03-04T15:30:00",
    "WeekType": "Верхняя неделя",
    "Classroom": "У 544",
    "Group": "3170",
    "Subject": "Алгебра и геометрия",
    "InstructorName": "Гессен Алина Валерьевна",
    "InstructorLink": "https://www.smtu.ru/ru/viewperson/100268/"
  },
  {
    "DayOfWeek": "Пятница",
    "StartTime": "2024-03-04T08:30:00",
    "EndTime": "2024-03-04T10:00:00",
    "WeekType": "Нижняя неделя",
    "Classroom": "У 209",
    "Group": "3170",
    "Subject": "Программирование",
    "InstructorName": "Борисов Александр Николаевич",
    "InstructorLink": ""
  },
  {
    "DayOfWeek": "Пятница",
    "StartTime": "2024-03-04T10:10:00",
    "EndTime": "2024-03-04T11:40:00",
    "WeekType": "Обе недели",
    "Classroom": "У 209",
    "Group": "3170",
    "Subject": "Программирование",
    "InstructorName": "Борисов Александр Николаевич",
    "InstructorLink": ""
  },
  {
    "DayOfWeek": "Пятница",
    "StartTime": "2024-03-04T11:50:00",
    "EndTime": "2024-03-04T13:20:00",
    "WeekType": "Обе недели",
    "Classroom": "У 209",
    "Group": "3170",
    "Subject": "Программирование",
    "InstructorName": "Борисов Александр Николаевич",
    "InstructorLink": ""
  },
  {
    "DayOfWeek": "Пятница",
    "StartTime": "2024-03-04T14:00:00",
    "EndTime": "2024-03-04T15:30:00",
    "WeekType": "Верхняя неделя",
    "Classroom": "У 105",
    "Group": "3170",
    "Subject": "Экология",
    "InstructorName": "Чихонадских Елена Александровна",
    "InstructorLink": "https://www.smtu.ru/ru/viewperson/101326/"
  },
  {
    "DayOfWeek": "Пятница",
    "StartTime": "2024-03-04T14:00:00",
    "EndTime": "2024-03-04T15:30:00",
    "WeekType": "Нижняя неделя",
    "Classroom": "У каф.ФВ",
    "Group": "3170",
    "Subject": "Физическая культура и спорт (элективная)",
    "InstructorName": "",
    "InstructorLink": ""
  }
]