[
  {
    "DayOfWeek": "Понедельник",
    "StartTime": "2024-03-04T10:10:00",
    "EndTime": "2024-03-04T11:40:00",
    "WeekType": "Обе недели",
    "Classroom": "Г 420",
    "Group": "3180",
    "Subject": "Информационные технологии",
    "InstructorName": "Кузьменко Александр Владимирович",
    "InstructorLink": ""
  },
  {
    "DayOfWeek": "Понедельник",
    "StartTime": "2024-03-04T11:50:00",
    "EndTime": "2024-03-04T13:20:00",
    "WeekType": "Обе недели",
    "Classroom": "Г 420",
    "Group": "3180",
    "Subject": "Информационные технологии",
    "InstructorName": "Кузьменко Александр Владимирович",
    "InstructorLink": ""
  },
  {
    "DayOfWeek": "Понедельник",
    "StartTime": "2024-03-04T14:00:00",
    "EndTime": "2024-03-04T15:30:00",
    "WeekType": "Обе недели",
    "Classroom": "Г 420",
    "Group": "3180",
    "Subject": "Системы автоматизированного проектирования",
    "InstructorName": "Кузьменко Александр Владимирович",
    "InstructorLink": ""
  },
  {
    "DayOfWeek": "Понедельник",
    "StartTime": "2024-03-04T15:40:00",
    "EndTime": "2024-03-04T17:10:00",
    "WeekType": "Обе недели",
    "Classroom": "Г 420",
    "Group": "3180",
    "Subject": "Основы мехатроники и робототехники",
    "InstructorName": "Кузьменко Александр Владимирович",
    "InstructorLink": ""
  },
  {
    "DayOfWeek": "Понедельник",
    "StartTime": "2024-03-04T17:20:00",
    "EndTime": "2024-03-04T18:50:00",
    "WeekType": "Нижняя неделя",
    "Classroom": "Г 420",
    "Group": "3180",
    "Subject": "Основы мехатроники и робототехники",
    "InstructorName": "Кузьменко Александр Владимирович",
    "InstructorLink": ""
  },
  {
    "DayOfWeek": "Вторник",
    "StartTime": "2024-03-04T11:50:00",
    "EndTime": "2024-03-04T13:20:00",
    "WeekType": "Обе недели",
    "Classroom": "У каф.ФВ",
    "Group": "3180",
    "Subject": "Физическая культура и спорт (элективная)",
    "InstructorName": "",
    "InstructorLink": ""
  },
  {
    "DayOfWeek": "Вторник",
    "StartTime": "2024-03-04T14:00:00",
    "EndTime": "2024-03-04T15:30:00",
    "WeekType": "Обе недели",
    "Classroom": "У 107",
    "Group": "3180",
    "Subject": "История России",
    "InstructorName": "Пантелеева Валерия Николаевна",
    "InstructorLink": "https://www.smtu.ru/ru/viewperson/100872/"
  },
  {
    "DayOfWeek": "Вторник",
    "StartTime": "2024-03-04T15:40:00",
    "EndTime": "2024-03-04T17:10:00",
    "WeekType": "Верхняя неделя",
    "Classroom": "У 340(1)",
    "Group": "3180",
    "Subject": "Экология",
    "InstructorName": "Чихонадских Елена Александровна",
    "InstructorLink": "https://www.smtu.ru/ru/viewperson/101326/"
  },
  {
    "DayOfWeek": "Вторник",
    "StartTime": "2024-03-04T15:40:00",
    "EndTime": "2024-03-04T17:10:00",
    "WeekType": "Нижняя неделя",
    "Classroom": "У 502",
    "Group": "3180",
    "Subject": "История России",
    "InstructorName": "Пантелеева Валерия Николаевна",
    "InstructorLink": "https://www.smtu.ru/ru/viewperson/100872/"
  },
  {
    "DayOfWeek": "Вторник",
    "StartTime": "2024-03-04T17:20:00",
    "EndTime": "2024-03-04T18:50:00",
    "WeekType": "Обе недели",
    "Classroom": "У 447",
    "Group": "3180",
    "Subject": "Иностранный язык",
    "InstructorName": "Петренко Валентина Ивановна",
    "InstructorLink": "https://www.smtu.ru/ru/viewperson/107963/"
  },
  {
    "DayOfWeek": "Четверг",
    "StartTime": "2024-03-04T08:30:00",
    "EndTime": "2024-03-04T10:00:00",
    "WeekType": "Обе недели",
    "Classroom": "У 447",
    "Group": "3180",
    "Subject": "Иностранный язык",
    "InstructorName": "Петренко Валентина Ивановна",
    "InstructorLink": "https://www.smtu.ru/ru/viewperson/107963/"
  },
  {
    "DayOfWeek": "Четверг",
    "StartTime": "2024-03-04T10:10:00",
    "EndTime": "2024-03-04T11:40:00",
    "WeekType": "Верхняя неделя",
    "Classroom": "У 101",
    "Group": "3180",
    "Subject": "История России",
    "InstructorName": "Шмелева Марина Юрьевна",
    "InstructorLink": "https://www.smtu.ru/ru/viewperson/101369/"
  },
  {
    "DayOfWeek": "Четверг",
    "StartTime": "2024-03-04T10:10:00",
    "EndTime": "2024-03-04T11:40:00",
    "WeekType": "Нижняя неделя",
    "Classroom": "У 10",
    "Group": "3180",
    "Subject": "Высшая математика",
    "InstructorName": "Черкасова Екатерина Юрьевна",
    "InstructorLink": "https://www.smtu.ru/ru/viewperson/101311/"
  },
  {
    "DayOfWeek": "Четверг",
    "StartTime": "2024-03-04T11:50:00",
    "EndTime": "2024-03-04T13:20:00",
    "WeekType": "Обе недели",
    "Classroom": "У 10",
    "Group": "3180",
    "Subject": "Высшая математика",
    "InstructorName": "Черкасова Екатерина Юрьевна",
    "InstructorLink": "https://www.smtu.ru/ru/viewperson/101311/"
  },
  {
    "DayOfWeek": "Четверг",
    "StartTime": "2024-03-04T14:00:00",
    "EndTime": "2024-03-04T15:30:00",
    "WeekType": "Обе недели",
    "Classroom": "У 410",
    "Group": "3180",
    "Subject": "Высшая математика",
    "InstructorName": "Черкасова Екатерина Юрьевна",
    "InstructorLink": "https://www.smtu.ru/ru/viewperson/101311/"
  },
  {
    "DayOfWeek": "Пятница",
    "StartTime": "2024-03-04T10:10:00",
    "EndTime": "2024-03-04T11:40:00",
    "WeekType": "Нижняя неделя",
    "Classroom": "У 217",
    "Group": "3180",
    "Subject": "Инженерная графика",
    "InstructorName": "Анисимов Антон Александрович",
    "InstructorLink": ""
  },
  {
    "DayOfWeek": "Пятница",
    "StartTime": "2024-03-04T11:50:00",
    "EndTime": "2024-03-04T13:20:00",
    "WeekType": "Обе недели",
    "Classroom": "У 217",
    "Group": "3180",
    "Subject": "Инженерная графика",
    "InstructorName": "Анисимов Антон Александрович",
    "InstructorLink": ""
  },
  {
    "DayOfWeek": "Пятница",
    "StartTime": "2024-03-04T14:00:00",
    "EndTime": "2024-03-04T15:30:00",
    "WeekType": "Верхняя неделя",
    "Classroom": "У 105",
    "Group": "3180",
    "Subject": "Экология",
    "InstructorName": "Чихонадских Елена Александровна",
    "InstructorLink": "https://www.smtu.ru/ru/viewperson/101326/"
  },
  {
    "DayOfWeek": "Пятница",
    "StartTime": "2024-03-04T14:00:00",
    "EndTime": "2024-03-04T15:30:00",
    "WeekType": "Нижняя неделя",
    "Classroom": "У 410",
    "Group": "3180",
    "Subject": "Высшая математика",
    "InstructorName": "Черкасова Екатерина Юрьевна",
    "InstructorLink": "https://www.smtu.ru/ru/viewperson/101311/"
  },
  {
    "DayOfWeek": "Пятница",
    "StartTime": "2024-03-04T15:40:00",
    "EndTime": "2024-03-04T17:10:00",
    "WeekType": "Обе недели",
    "Classroom": "У каф.ФВ",
    "Group": "3180",
    "Subject": "Физическая культура и спорт (элективная)",
    "InstructorName": "",
    "InstructorLink": ""
  },
  {
    "DayOfWeek": "Суббота",
    "StartTime": "2024-03-04T08:30:00",
    "EndTime": "2024-03-04T10:00:00",
    "WeekType": "Обе недели",
    "Classroom": "У 165",
    "Group": "3180",
    "Subject": "Физика",
    "InstructorName": "Петров Александр Александрович",
    "InstructorLink": "https://www.smtu.ru/ru/viewperson/122531/"
  },
  {
    "DayOfWeek": "Суббота",
    "StartTime": "2024-03-04T10:10:00",
    "EndTime": "2024-03-04T11:40:00",
    "WeekType": "Обе недели",
    "Classroom": "У 506",
    "Group": "3180",
    "Subject": "Теоретическая механика",
    "InstructorName": "Гур-Мильнер Семен Исаакович",
    "InstructorLink": ""
  },
  {
    "DayOfWeek": "Суббота",
    "StartTime": "2024-03-04T11:50:00",
    "EndTime": "2024-03-04T13:20:00",
    "WeekType": "Верхняя неделя",
    "Classroom": "У 107",
    "Group": "3180",
    "Subject": "Теоретическая механика",
    "InstructorName": "Бабанин Николай Викторович",
    "InstructorLink": ""
  },
  {
    "DayOfWeek": "Суббота",
    "StartTime": "2024-03-04T11:50:00",
    "EndTime": "2024-03-04T13:20:00",
    "WeekType": "Нижняя неделя",
    "Classroom": "У 320",
    "Group": "3180",
    "Subject": "Физика",
    "InstructorName": "Молчановский Василий Максимович",
    "InstructorLink": ""
  },
  {
    "DayOfWeek": "Суббота",
    "StartTime": "2024-03-04T11:50:00",
    "EndTime": "2024-03-04T13:20:00",
    "WeekType": "Нижняя неделя",
    "Classroom": "У 322",
    "Group": "3180",
    "Subject": "Физика",
    "InstructorName": "Молчановский Василий Максимович",
    "InstructorLink": ""
  },
  {
    "DayOfWeek": "Суббота",
    "StartTime": "2024-03-04T14:00:00",
    "EndTime": "2024-03-04T15:30:00",
    "WeekType": "Верхняя неделя",
    "Classroom": "У 326",
    "Group": "3180",
    "Subject": "Физика",
    "InstructorName": "Молчановский Василий Максимович",
    "InstructorLink": ""
  }
]