[
  {
    "DayOfWeek": "Понедельник",
    "StartTime": "2024-03-04T11:50:00",
    "EndTime": "2024-03-04T13:20:00",
    "WeekType": "Обе недели",
    "Classroom": "Г 407",
    "Group": "3190",
    "Subject": "Информационные технологии",
    "InstructorName": "Гневашев Ярослав Олегович",
    "InstructorLink": ""
  },
  {
    "DayOfWeek": "Понедельник",
    "StartTime": "2024-03-04T14:00:00",
    "EndTime": "2024-03-04T15:30:00",
    "WeekType": "Обе недели",
    "Classroom": "Г 407",
    "Group": "3190",
    "Subject": "Информационные технологии",
    "InstructorName": "Гневашев Ярослав Олегович",
    "InstructorLink": ""
  },
  {
    "DayOfWeek": "Вторник",
    "StartTime": "2024-03-04T10:10:00",
    "EndTime": "2024-03-04T11:40:00",
    "WeekType": "Нижняя неделя",
    "Classroom": "У 437",
    "Group": "3190",
    "Subject": "Высшая математика",
    "InstructorName": "Черкасова Екатерина Юрьевна",
    "InstructorLink": "https://www.smtu.ru/ru/viewperson/101311/"
  },
  {
    "DayOfWeek": "Вторник",
    "StartTime": "2024-03-04T11:50:00",
    "EndTime": "2024-03-04T13:20:00",
    "WeekType": "Верхняя неделя",
    "Classroom": "У 531",
    "Group": "3190",
    "Subject": "История России",
    "InstructorName": "Пантелеева Валерия Николаевна",
    "InstructorLink": "https://www.smtu.ru/ru/viewperson/100872/"
  },
  {
    "DayOfWeek": "Вторник",
    "StartTime": "2024-03-04T11:50:00",
    "EndTime": "2024-03-04T13:20:00",
    "WeekType": "Нижняя неделя",
    "Classroom": "У 437",
    "Group": "3190",
    "Subject": "Высшая математика",
    "InstructorName": "Черкасова Екатерина Юрьевна",
    "InstructorLink": "https://www.smtu.ru/ru/viewperson/101311/"
  },
  {
    "DayOfWeek": "Вторник",
    "StartTime": "2024-03-04T14:00:00",
    "EndTime": "2024-03-04T15:30:00",
    "WeekType": "Обе недели",
    "Classroom": "У 107",
    "Group": "3190",
    "Subject": "История России",
    "InstructorName": "Пантелеева Валерия Николаевна",
    "InstructorLink": "https://www.smtu.ru/ru/viewperson/100872/"
  },
  {
    "DayOfWeek": "Вторник",
    "StartTime": "2024-03-04T15:40:00",
    "EndTime": "2024-03-04T17:10:00",
    "WeekType": "Обе недели",
    "Classroom": "У 448",
    "Group": "3190",
    "Subject": "Иностранный язык",
    "InstructorName": "Суринова Елена Аркадьевна",
    "InstructorLink": "https://www.smtu.ru/ru/viewperson/101156/"
  },
  {
    "DayOfWeek": "Среда",
    "StartTime": "2024-03-04T10:10:00",
    "EndTime": "2024-03-04T11:40:00",
    "WeekType": "Нижняя неделя",
    "Classroom": "У 410",
    "Group": "3190",
    "Subject": "",
    "InstructorName": "Черкасова Екатерина Юрьевна",
    "InstructorLink": "https://www.smtu.ru/ru/viewperson/101311/"
  },
  {
    "DayOfWeek": "Среда",
    "StartTime": "2024-03-04T11:50:00",
    "EndTime": "2024-03-04T13:20:00",
    "WeekType": "Верхняя неделя",
    "Classroom": "У 535",
    "Group": "3190",
    "Subject": "Химия",
    "InstructorName": "Карзина Екатерина Ивановна",
    "InstructorLink": "https://www.smtu.ru/ru/viewperson/104615/"
  },
  {
    "DayOfWeek": "Среда",
    "StartTime": "2024-03-04T11:50:00",
    "EndTime": "2024-03-04T13:20:00",
    "WeekType": "Нижняя неделя",
    "Classroom": "У 535",
    "Group": "3190",
    "Subject": "Химия",
    "InstructorName": "Карзина Екатерина Ивановна",
    "InstructorLink": "https://www.smtu.ru/ru/viewperson/104615/"
  },
  {
    "DayOfWeek": "Среда",
    "StartTime": "2024-03-04T14:00:00",
    "EndTime": "2024-03-04T15:30:00",
    "WeekType": "Верхняя неделя",
    "Classroom": "У 9",
    "Group": "3190",
    "Subject": "Химия",
    "InstructorName": "Карзина Екатерина Ивановна",
    "InstructorLink": "https://www.smtu.ru/ru/viewperson/104615/"
  },
  {
    "DayOfWeek": "Среда",
    "StartTime": "2024-03-04T14:00:00",
    "EndTime": "2024-03-04T15:30:00",
    "WeekType": "Нижняя неделя",
    "Classroom": "У 103",
    "Group": "3190",
    "Subject": "Химия",
    "InstructorName": "Карзина Екатерина Ивановна",
    "InstructorLink": "https://www.smtu.ru/ru/viewperson/104615/"
  },
  {
    "DayOfWeek": "Среда",
    "StartTime": "2024-03-04T15:40:00",
    "EndTime": "2024-03-04T17:10:00",
    "WeekType": "Обе недели",
    "Classroom": "У 506",
    "Group": "3190",
    "Subject": "Теоретическая механика",
    "InstructorName": "Курзанова Елена Викторовна",
    "InstructorLink": ""
  },
  {
    "DayOfWeek": "Среда",
    "StartTime": "2024-03-04T17:20:00",
    "EndTime": "2024-03-04T18:50:00",
    "WeekType": "Верхняя неделя",
    "Classroom": "У 101",
    "Group": "3190",
    "Subject": "Теоретическая механика",
    "InstructorName": "Курзанова Елена Викторовна",
    "InstructorLink": ""
  },
  {
    "DayOfWeek": "Четверг",
    "StartTime": "2024-03-04T10:10:00",
    "EndTime": "2024-03-04T11:40:00",
    "WeekType": "Верхняя неделя",
    "Classroom": "У 101",
    "Group": "3190",
    "Subject": "История России",
    "InstructorName": "Шмелева Марина Юрьевна",
    "InstructorLink": "https://www.smtu.ru/ru/viewperson/101369/"
  },
  {
    "DayOfWeek": "Четверг",
    "StartTime": "2024-03-04T10:10:00",
    "EndTime": "2024-03-04T11:40:00",
    "WeekType": "Нижняя неделя",
    "Classroom": "У 10",
    "Group": "3190",
    "Subject": "Высшая математика",
    "InstructorName": "Черкасова Екатерина Юрьевна",
    "InstructorLink": "https://www.smtu.ru/ru/viewperson/101311/"
  },
  {
    "DayOfWeek": "Четверг",
    "StartTime": "2024-03-04T11:50:00",
    "EndTime": "2024-03-04T13:20:00",
    "WeekType": "Обе недели",
    "Classroom": "У 10",
    "Group": "3190",
    "Subject": "Высшая математика",
    "InstructorName": "Черкасова Екатерина Юрьевна",
    "InstructorLink": "https://www.smtu.ru/ru/viewperson/101311/"
  },
  {
    "DayOfWeek": "Четверг",
    "StartTime": "2024-03-04T14:00:00",
    "EndTime": "2024-03-04T15:30:00",
    "WeekType": "Обе недели",
    "Classroom": "У 452",
    "Group": "3190",
    "Subject": "Иностранный язык",
    "InstructorName": "Суринова Елена Аркадьевна",
    "InstructorLink": "https://www.smtu.ru/ru/viewperson/101156/"
  },
  {
    "DayOfWeek": "Пятница",
    "StartTime": "2024-03-04T11:50:00",
    "EndTime": "2024-03-04T13:20:00",
    "WeekType": "Верхняя неделя",
    "Classroom": "У каф.ФВ",
    "Group": "3190",
    "Subject": "Физическая культура и спорт (элективная)",
    "InstructorName": "",
    "InstructorLink": ""
  },
  {
    "DayOfWeek": "Пятница",
    "StartTime": "2024-03-04T14:00:00",
    "EndTime": "2024-03-04T15:30:00",
    "WeekType": "Верхняя неделя",
    "Classroom": "У 209",
    "Group": "3190",
    "Subject": "Основы морской техники",
    "InstructorName": "Мурза Полина Андреевна",
    "InstructorLink": ""
  },
  {
    "DayOfWeek": "Пятница",
    "StartTime": "2024-03-04T14:00:00",
    "EndTime": "2024-03-04T15:30:00",
    "WeekType": "Нижняя неделя",
    "Classroom": "У каф.ФВ",
    "Group": "3190",
    "Subject": "Физическая культура и спорт (элективная)",
    "InstructorName": "",
    "InstructorLink": ""
  },
  {
    "DayOfWeek": "Пятница",
    "StartTime": "2024-03-04T15:40:00",
    "EndTime": "2024-03-04T17:10:00",
    "WeekType": "Верхняя неделя",
    "Classroom": "У 212",
    "Group": "3190",
    "Subject": "Основы морской техники",
    "InstructorName": "Мурза Полина Андреевна",
    "InstructorLink": ""
  },
  {
    "DayOfWeek": "Пятница",
    "StartTime": "2024-03-04T15:40:00",
    "EndTime": "2024-03-04T17:10:00",
    "WeekType": "Нижняя неделя",
    "Classroom": "У 215",
    "Group": "3190",
    "Subject": "Инженерная графика",
    "InstructorName": "Беляева Людмила Ивановна",
    "InstructorLink": "https://www.smtu.ru/ru/viewperson/100096/"
  },
  {
    "DayOfWeek": "Пятница",
    "StartTime": "2024-03-04T17:20:00",
    "EndTime": "2024-03-04T18:50:00",
    "WeekType": "Обе недели",
    "Classroom": "У 215",
    "Group": "3190",
    "Subject": "Инженерная графика",
    "InstructorName": "Беляева Людмила Ивановна",
    "InstructorLink": "https://www.smtu.ru/ru/viewperson/100096/"
  },
  {
    "DayOfWeek": "Суббота",
    "StartTime": "2024-03-04T08:30:00",
    "EndTime": "2024-03-04T10:00:00",
    "WeekType": "Обе недели",
    "Classroom": "У 165",
    "Group": "3190",
    "Subject": "Физика",
    "InstructorName": "Петров Александр Александрович",
    "InstructorLink": "https://www.smtu.ru/ru/viewperson/122531/"
  },
  {
    "DayOfWeek": "Суббота",
    "StartTime": "2024-03-04T10:10:00",
    "EndTime": "2024-03-04T11:40:00",
    "WeekType": "Верхняя неделя",
    "Classroom": "У 326",
    "Group": "3190",
    "Subject": "Физика",
    "InstructorName": "Молчановский Василий Максимович",
    "InstructorLink": ""
  },
  {
    "DayOfWeek": "Суббота",
    "StartTime": "2024-03-04T10:10:00",
    "EndTime": "2024-03-04T11:40:00",
    "WeekType": "Нижняя неделя",
    "Classroom": "У 322",
    "Group": "3190",
    "Subject": "Физика",
    "InstructorName": "Молчановский Василий Максимович",
    "InstructorLink": ""
  },
  {
    "DayOfWeek": "Суббота",
    "StartTime": "2024-03-04T10:10:00",
    "EndTime": "2024-03-04T11:40:00",
    "WeekType": "Нижняя неделя",
    "Classroom": "У 320",
    "Group": "3190",
    "Subject": "Физика",
    "InstructorName": "Молчановский Василий Максимович",
    "InstructorLink": ""
  },
  {
    "DayOfWeek": "Суббота",
    "StartTime": "2024-03-04T11:50:00",
    "EndTime": "2024-03-04T13:20:00",
    "WeekType": "Обе недели",
    "Classroom": "У каф.ФВ",
    "Group": "3190",
    "Subject": "Физическая культура и спорт (элективная)",
    "InstructorName": "",
    "InstructorLink": ""
  }
]