[
  {
    "DayOfWeek": "Понедельник",
    "StartTime": "2024-03-04T10:10:00",
    "EndTime": "2024-03-04T11:40:00",
    "WeekType": "Верхняя неделя",
    "Classroom": "У УЛК-03",
    "Group": "3224",
    "Subject": "Электротехника и электроника",
    "InstructorName": "Попов Антон Сергеевич",
    "InstructorLink": ""
  },
  {
    "DayOfWeek": "Понедельник",
    "StartTime": "2024-03-04T11:50:00",
    "EndTime": "2024-03-04T13:20:00",
    "WeekType": "Верхняя неделя",
    "Classroom": "У 191",
    "Group": "3224",
    "Subject": "Материаловедение. Технология конструкционных материалов",
    "InstructorName": "Бабынькина Анна Николаевна",
    "InstructorLink": "https://www.smtu.ru/ru/viewperson/100061/"
  },
  {
    "DayOfWeek": "Понедельник",
    "StartTime": "2024-03-04T11:50:00",
    "EndTime": "2024-03-04T13:20:00",
    "WeekType": "Верхняя неделя",
    "Classroom": "У 191а",
    "Group": "3224",
    "Subject": "Материаловедение. Технология конструкционных материалов",
    "InstructorName": "Лебедева Надежда Валерьевна",
    "InstructorLink": ""
  },
  {
    "DayOfWeek": "Понедельник",
    "StartTime": "2024-03-04T11:50:00",
    "EndTime": "2024-03-04T13:20:00",
    "WeekType": "Нижняя неделя",
    "Classroom": "У УЛК-03",
    "Group": "3224",
    "Subject": "Электротехника и электроника",
    "InstructorName": "Попов Антон Сергеевич",
    "InstructorLink": ""
  },
  {
    "DayOfWeek": "Понедельник",
    "StartTime": "2024-03-04T14:00:00",
    "EndTime": "2024-03-04T15:30:00",
    "WeekType": "Верхняя неделя",
    "Classroom": "У 161",
    "Group": "3224",
    "Subject": "Материаловедение. Технология конструкционных материалов",
    "InstructorName": "Бабынькина Анна Николаевна",
    "InstructorLink": "https://www.smtu.ru/ru/viewperson/100061/"
  },
  {
    "DayOfWeek": "Понедельник",
    "StartTime": "2024-03-04T14:00:00",
    "EndTime": "2024-03-04T15:30:00",
    "WeekType": "Нижняя неделя",
    "Classroom": "У 165",
    "Group": "3224",
    "Subject": "Материаловедение. Технология конструкционных материалов",
    "InstructorName": "Бабынькина Анна Николаевна",
    "InstructorLink": "https://www.smtu.ru/ru/viewperson/100061/"
  },
  {
    "DayOfWeek": "Понедельник",
    "StartTime": "2024-03-04T15:40:00",
    "EndTime": "2024-03-04T17:10:00",
    "WeekType": "Верхняя неделя",
    "Classroom": "У 161",
    "Group": "3224",
    "Subject": "Электротехника и электроника",
    "InstructorName": "Ветров Борис Георгиевич",
    "InstructorLink": "https://www.smtu.ru/ru/viewperson/100209/"
  },
  {
    "DayOfWeek": "Понедельник",
    "StartTime": "2024-03-04T15:40:00",
    "EndTime": "2024-03-04T17:10:00",
    "WeekType": "Нижняя неделя",
    "Classroom": "У 167",
    "Group": "3224",
    "Subject": "Механика сплошной среды",
    "InstructorName": "Коробицин Антон Александрович",
    "InstructorLink": ""
  },
  {
    "DayOfWeek": "Понедельник",
    "StartTime": "2024-03-04T17:20:00",
    "EndTime": "2024-03-04T18:50:00",
    "WeekType": "Нижняя неделя",
    "Classroom": "У 506",
    "Group": "3224",
    "Subject": "Механика сплошной среды",
    "InstructorName": "Коробицин Антон Александрович",
    "InstructorLink": ""
  },
  {
    "DayOfWeek": "Вторник",
    "StartTime": "2024-03-04T08:30:00",
    "EndTime": "2024-03-04T10:00:00",
    "WeekType": "Обе недели",
    "Classroom": "А ВУЦ",
    "Group": "3224",
    "Subject": "Военная подготовка (кадровые офицеры)",
    "InstructorName": "",
    "InstructorLink": ""
  },
  {
    "DayOfWeek": "Среда",
    "StartTime": "2024-03-04T08:30:00",
    "EndTime": "2024-03-04T10:00:00",
    "WeekType": "Обе недели",
    "Classroom": "У 105",
    "Group": "3224",
    "Subject": "Высшая математика",
    "InstructorName": "Кротов Евгений Алексеевич",
    "InstructorLink": "https://www.smtu.ru/ru/viewperson/100590/"
  },
  {
    "DayOfWeek": "Среда",
    "StartTime": "2024-03-04T10:10:00",
    "EndTime": "2024-03-04T11:40:00",
    "WeekType": "Обе недели",
    "Classroom": "У 443",
    "Group": "3224",
    "Subject": "Высшая математика",
    "InstructorName": "Кротов Евгений Алексеевич",
    "InstructorLink": "https://www.smtu.ru/ru/viewperson/100590/"
  },
  {
    "DayOfWeek": "Среда",
    "StartTime": "2024-03-04T11:50:00",
    "EndTime": "2024-03-04T13:20:00",
    "WeekType": "Верхняя неделя",
    "Classroom": "У 144",
    "Group": "3224",
    "Subject": "Сопротивление материалов",
    "InstructorName": "Крюков Алексей Андреевич",
    "InstructorLink": ""
  },
  {
    "DayOfWeek": "Среда",
    "StartTime": "2024-03-04T11:50:00",
    "EndTime": "2024-03-04T13:20:00",
    "WeekType": "Нижняя неделя",
    "Classroom": "У 105",
    "Group": "3224",
    "Subject": "Сопротивление материалов",
    "InstructorName": "Крюков Алексей Андреевич",
    "InstructorLink": ""
  },
  {
    "DayOfWeek": "Среда",
    "StartTime": "2024-03-04T14:00:00",
    "EndTime": "2024-03-04T15:30:00",
    "WeekType": "Обе недели",
    "Classroom": "У каф.ФВ",
    "Group": "3224",
    "Subject": "Физическая культура и спорт (элективная)",
    "InstructorName": "",
    "InstructorLink": ""
  },
  {
    "DayOfWeek": "Четверг",
    "StartTime": "2024-03-04T08:30:00",
    "EndTime": "2024-03-04T10:00:00",
    "WeekType": "Верхняя неделя",
    "Classroom": "Г 323",
    "Group": "3224",
    "Subject": "Системы автоматизированного проектирования",
    "InstructorName": "Омаров Сергей Магомедович",
    "InstructorLink": ""
  },
  {
    "DayOfWeek": "Четверг",
    "StartTime": "2024-03-04T08:30:00",
    "EndTime": "2024-03-04T10:00:00",
    "WeekType": "Нижняя неделя",
    "Classroom": "У каф.ФВ",
    "Group": "3224",
    "Subject": "Физическая культура и спорт (элективная)",
    "InstructorName": "",
    "InstructorLink": ""
  },
  {
    "DayOfWeek": "Четверг",
    "StartTime": "2024-03-04T10:10:00",
    "EndTime": "2024-03-04T11:40:00",
    "WeekType": "Верхняя неделя",
    "Classroom": "Г 312",
    "Group": "3224",
    "Subject": "Системы автоматизированного проектирования",
    "InstructorName": "Омаров Сергей Магомедович",
    "InstructorLink": ""
  },
  {
    "DayOfWeek": "Четверг",
    "StartTime": "2024-03-04T10:10:00",
    "EndTime": "2024-03-04T11:40:00",
    "WeekType": "Нижняя неделя",
    "Classroom": "У каф.ФВ",
    "Group": "3224",
    "Subject": "Физическая культура и спорт (элективная)",
    "InstructorName": "",
    "InstructorLink": ""
  },
  {
    "DayOfWeek": "Четверг",
    "StartTime": "2024-03-04T11:50:00",
    "EndTime": "2024-03-04T13:20:00",
    "WeekType": "Верхняя неделя",
    "Classroom": "Г 323",
    "Group": "3224",
    "Subject": "Системы автоматизированного проектирования",
    "InstructorName": "Омаров Сергей Магомедович",
    "InstructorLink": ""
  },
  {
    "DayOfWeek": "Пятница",
    "StartTime": "2024-03-04T14:00:00",
    "EndTime": "2024-03-04T15:30:00",
    "WeekType": "Обе недели",
    "Classroom": "Г 414",
    "Group": "3224",
    "Subject": "Методология проектирования подводных аппаратов",
    "InstructorName": "Кузнецов Денис Иванович",
    "InstructorLink": "https://www.smtu.ru/ru/viewperson/100607/"
  },
  {
    "DayOfWeek": "Пятница",
    "StartTime": "2024-03-04T15:40:00",
    "EndTime": "2024-03-04T17:10:00",
    "WeekType": "Верхняя неделя",
    "Classroom": "Г 414",
    "Group": "3224",
    "Subject": "Методология проектирования подводных аппаратов",
    "InstructorName": "Кузнецов Денис Иванович",
    "InstructorLink": "https://www.smtu.ru/ru/viewperson/100607/"
  },
  {
    "DayOfWeek": "Пятница",
    "StartTime": "2024-03-04T15:40:00",
    "EndTime": "2024-03-04T17:10:00",
    "WeekType": "Нижняя неделя",
    "Classroom": "Г 414",
    "Group": "3224",
    "Subject": "Методология проектирования подводных аппаратов",
    "InstructorName": "Кузнецов Денис Иванович",
    "InstructorLink": "https://www.smtu.ru/ru/viewperson/100607/"
  },
  {
    "DayOfWeek": "Суббота",
    "StartTime": "2024-03-04T08:30:00",
    "EndTime": "2024-03-04T10:00:00",
    "WeekType": "Верхняя неделя",
    "Classroom": "Г 414",
    "Group": "3224",
    "Subject": "Источники энергии тепловых торпед",
    "InstructorName": "Черных Андрей Валерьевич",
    "InstructorLink": ""
  },
  {
    "DayOfWeek": "Суббота",
    "StartTime": "2024-03-04T08:30:00",
    "EndTime": "2024-03-04T10:00:00",
    "WeekType": "Нижняя неделя",
    "Classroom": "Г 414",
    "Group": "3224",
    "Subject": "Источники энергии тепловых торпед",
    "InstructorName": "Черных Андрей Валерьевич",
    "InstructorLink": ""
  },
  {
    "DayOfWeek": "Суббота",
    "StartTime": "2024-03-04T10:10:00",
    "EndTime": "2024-03-04T11:40:00",
    "WeekType": "Верхняя неделя",
    "Classroom": "Г 317",
    "Group": "3224",
    "Subject": "Основы проектирования робототехнических систем",
    "InstructorName": "Данилова Варвара Геннадиевна",
    "InstructorLink": "https://www.smtu.ru/ru/viewperson/111358/"
  },
  {
    "DayOfWeek": "Суббота",
    "StartTime": "2024-03-04T10:10:00",
    "EndTime": "2024-03-04T11:40:00",
    "WeekType": "Нижняя неделя",
    "Classroom": "Г 317",
    "Group": "3224",
    "Subject": "Компьютерное проектирование",
    "InstructorName": "Коржов Александр Александрович",
    "InstructorLink": ""
  },
  {
    "DayOfWeek": "Суббота",
    "StartTime": "2024-03-04T11:50:00",
    "EndTime": "2024-03-04T13:20:00",
    "WeekType": "Верхняя неделя",
    "Classroom": "Г 412",
    "Group": "3224",
    "Subject": "Основы проектирования робототехнических систем",
    "InstructorName": "Данилова Варвара Геннадиевна",
    "InstructorLink": "https://www.smtu.ru/ru/viewperson/111358/"
  },
  {
    "DayOfWeek": "Суббота",
    "StartTime": "2024-03-04T11:50:00",
    "EndTime": "2024-03-04T13:20:00",
    "WeekType": "Нижняя неделя",
    "Classroom": "Г 412",
    "Group": "3224",
    "Subject": "Компьютерное проектирование",
    "InstructorName": "Коржов Александр Александрович",
    "InstructorLink": ""
  }
]