[
  {
    "DayOfWeek": "Понедельник",
    "StartTime": "2024-03-04T11:50:00",
    "EndTime": "2024-03-04T13:20:00",
    "WeekType": "Обе недели",
    "Classroom": "У каф.ФВ",
    "Group": "3230",
    "Subject": "Физическая культура и спорт (элективная)",
    "InstructorName": "",
    "InstructorLink": ""
  },
  {
    "DayOfWeek": "Понедельник",
    "StartTime": "2024-03-04T14:00:00",
    "EndTime": "2024-03-04T15:30:00",
    "WeekType": "Верхняя неделя",
    "Classroom": "У 144",
    "Group": "3230",
    "Subject": "Сопротивление материалов",
    "InstructorName": "Крюков Алексей Андреевич",
    "InstructorLink": ""
  },
  {
    "DayOfWeek": "Понедельник",
    "StartTime": "2024-03-04T14:00:00",
    "EndTime": "2024-03-04T15:30:00",
    "WeekType": "Нижняя неделя",
    "Classroom": "У 02ю",
    "Group": "3230",
    "Subject": "Правоведение",
    "InstructorName": "Ладыка Сергей Иванович",
    "InstructorLink": "https://www.smtu.ru/ru/viewperson/100652/"
  },
  {
    "DayOfWeek": "Понедельник",
    "StartTime": "2024-03-04T15:40:00",
    "EndTime": "2024-03-04T17:10:00",
    "WeekType": "Верхняя неделя",
    "Classroom": "У 165",
    "Group": "3230",
    "Subject": "Сопротивление материалов",
    "InstructorName": "Крюков Алексей Андреевич",
    "InstructorLink": ""
  },
  {
    "DayOfWeek": "Понедельник",
    "StartTime": "2024-03-04T15:40:00",
    "EndTime": "2024-03-04T17:10:00",
    "WeekType": "Нижняя неделя",
    "Classroom": "У 165",
    "Group": "3230",
    "Subject": "Правоведение",
    "InstructorName": "Ладыка Сергей Иванович",
    "InstructorLink": "https://www.smtu.ru/ru/viewperson/100652/"
  },
  {
    "DayOfWeek": "Понедельник",
    "StartTime": "2024-03-04T17:20:00",
    "EndTime": "2024-03-04T18:50:00",
    "WeekType": "Обе недели",
    "Classroom": "У 209",
    "Group": "3230",
    "Subject": "Программирование бортовой вычислительной техники",
    "InstructorName": "Гальцов Герман Александрович",
    "InstructorLink": ""
  },
  {
    "DayOfWeek": "Понедельник",
    "StartTime": "2024-03-04T19:00:00",
    "EndTime": "2024-03-04T20:30:00",
    "WeekType": "Обе недели",
    "Classroom": "У УЛК-03",
    "Group": "3230",
    "Subject": "Электротехника и электроника",
    "InstructorName": "Крупинин Олег Сергеевич",
    "InstructorLink": ""
  },
  {
    "DayOfWeek": "Вторник",
    "StartTime": "2024-03-04T08:30:00",
    "EndTime": "2024-03-04T10:00:00",
    "WeekType": "Обе недели",
    "Classroom": "А ВУЦ",
    "Group": "3230",
    "Subject": "Военная подготовка (матросы/солдаты запаса)",
    "InstructorName": "",
    "InstructorLink": ""
  },
  {
    "DayOfWeek": "Вторник",
    "StartTime": "2024-03-04T08:30:00",
    "EndTime": "2024-03-04T10:00:00",
    "WeekType": "Обе недели",
    "Classroom": "А ВУЦ",
    "Group": "3230",
    "Subject": "Военная подготовка (офицеры запаса)",
    "InstructorName": "",
    "InstructorLink": ""
  },
  {
    "DayOfWeek": "Среда",
    "StartTime": "2024-03-04T08:30:00",
    "EndTime": "2024-03-04T10:00:00",
    "WeekType": "Нижняя неделя",
    "Classroom": "Г 426",
    "Group": "3230",
    "Subject": "Теория автоматического управления",
    "InstructorName": "Телятник Сергей Георгиевич",
    "InstructorLink": ""
  },
  {
    "DayOfWeek": "Среда",
    "StartTime": "2024-03-04T10:10:00",
    "EndTime": "2024-03-04T11:40:00",
    "WeekType": "Обе недели",
    "Classroom": "Г 312",
    "Group": "3230",
    "Subject": "Теория автоматического управления",
    "InstructorName": "Телятник Сергей Георгиевич",
    "InstructorLink": ""
  },
  {
    "DayOfWeek": "Среда",
    "StartTime": "2024-03-04T11:50:00",
    "EndTime": "2024-03-04T13:20:00",
    "WeekType": "Обе недели",
    "Classroom": "Г 426",
    "Group": "3230",
    "Subject": "Теория автоматического управления",
    "InstructorName": "Телятник Сергей Георгиевич",
    "InstructorLink": ""
  },
  {
    "DayOfWeek": "Среда",
    "StartTime": "2024-03-04T14:00:00",
    "EndTime": "2024-03-04T15:30:00",
    "WeekType": "Обе недели",
    "Classroom": "Г 426",
    "Group": "3230",
    "Subject": "Прикладная информатика",
    "InstructorName": "Иванов Александр Юрьевич",
    "InstructorLink": "https://www.smtu.ru/ru/viewperson/100438/"
  },
  {
    "DayOfWeek": "Среда",
    "StartTime": "2024-03-04T15:40:00",
    "EndTime": "2024-03-04T17:10:00",
    "WeekType": "Верхняя неделя",
    "Classroom": "Г 425",
    "Group": "3230",
    "Subject": "Прикладная информатика",
    "InstructorName": "Иванов Александр Юрьевич",
    "InstructorLink": "https://www.smtu.ru/ru/viewperson/100438/"
  },
  {
    "DayOfWeek": "Четверг",
    "StartTime": "2024-03-04T10:10:00",
    "EndTime": "2024-03-04T11:40:00",
    "WeekType": "Нижняя неделя",
    "Classroom": "Г 412",
    "Group": "3230",
    "Subject": "Вычислительные машины, системы и сети",
    "InstructorName": "Одоевский Сергей Михайлович",
    "InstructorLink": "https://www.smtu.ru/ru/viewperson/100841/"
  },
  {
    "DayOfWeek": "Четверг",
    "StartTime": "2024-03-04T11:50:00",
    "EndTime": "2024-03-04T13:20:00",
    "WeekType": "Обе недели",
    "Classroom": "Г 407",
    "Group": "3230",
    "Subject": "Вычислительные машины, системы и сети",
    "InstructorName": "Одоевский Сергей Михайлович",
    "InstructorLink": "https://www.smtu.ru/ru/viewperson/100841/"
  },
  {
    "DayOfWeek": "Четверг",
    "StartTime": "2024-03-04T14:00:00",
    "EndTime": "2024-03-04T15:30:00",
    "WeekType": "Обе недели",
    "Classroom": "Г 407",
    "Group": "3230",
    "Subject": "Вычислительные машины, системы и сети",
    "InstructorName": "Одоевский Сергей Михайлович",
    "InstructorLink": "https://www.smtu.ru/ru/viewperson/100841/"
  },
  {
    "DayOfWeek": "Четверг",
    "StartTime": "2024-03-04T15:40:00",
    "EndTime": "2024-03-04T17:10:00",
    "WeekType": "Обе недели",
    "Classroom": "Г 426",
    "Group": "3230",
    "Subject": "Микропроцессорные системы морской техники",
    "InstructorName": "Ясинская Юлия Владимировна",
    "InstructorLink": ""
  },
  {
    "DayOfWeek": "Четверг",
    "StartTime": "2024-03-04T17:20:00",
    "EndTime": "2024-03-04T18:50:00",
    "WeekType": "Верхняя неделя",
    "Classroom": "Г 426",
    "Group": "3230",
    "Subject": "Микропроцессорные системы морской техники",
    "InstructorName": "Ясинская Юлия Владимировна",
    "InstructorLink": ""
  },
  {
    "DayOfWeek": "Пятница",
    "StartTime": "2024-03-04T08:30:00",
    "EndTime": "2024-03-04T10:00:00",
    "WeekType": "Верхняя неделя",
    "Classroom": "У каф.ФВ",
    "Group": "3230",
    "Subject": "Физическая культура и спорт (элективная)",
    "InstructorName": "",
    "InstructorLink": ""
  },
  {
    "DayOfWeek": "Пятница",
    "StartTime": "2024-03-04T10:10:00",
    "EndTime": "2024-03-04T11:40:00",
    "WeekType": "Верхняя неделя",
    "Classroom": "У 319",
    "Group": "3230",
    "Subject": "Технические средства автоматизации и управления",
    "InstructorName": "Воронцов Дмитрий Николаевич",
    "InstructorLink": "https://www.smtu.ru/ru/viewperson/102138/"
  },
  {
    "DayOfWeek": "Пятница",
    "StartTime": "2024-03-04T10:10:00",
    "EndTime": "2024-03-04T11:40:00",
    "WeekType": "Нижняя неделя",
    "Classroom": "У каф.ФВ",
    "Group": "3230",
    "Subject": "Физическая культура и спорт (элективная)",
    "InstructorName": "",
    "InstructorLink": ""
  },
  {
    "DayOfWeek": "Пятница",
    "StartTime": "2024-03-04T11:50:00",
    "EndTime": "2024-03-04T13:20:00",
    "WeekType": "Обе недели",
    "Classroom": "У 319",
    "Group": "3230",
    "Subject": "Технические средства автоматизации и управления",
    "InstructorName": "Воронцов Дмитрий Николаевич",
    "InstructorLink": "https://www.smtu.ru/ru/viewperson/102138/"
  },
  {
    "DayOfWeek": "Пятница",
    "StartTime": "2024-03-04T14:00:00",
    "EndTime": "2024-03-04T15:30:00",
    "WeekType": "Обе недели",
    "Classroom": "У 9",
    "Group": "3230",
    "Subject": "Электротехника и электроника",
    "InstructorName": "Лупкин Иван Дмитриевич",
    "InstructorLink": "https://www.smtu.ru/ru/viewperson/100695/"
  },
  {
    "DayOfWeek": "Пятница",
    "StartTime": "2024-03-04T15:40:00",
    "EndTime": "2024-03-04T17:10:00",
    "WeekType": "Обе недели",
    "Classroom": "У 209",
    "Group": "3230",
    "Subject": "Программирование бортовой вычислительной техники",
    "InstructorName": "Сакович Сергей Юрьевич",
    "InstructorLink": "https://www.smtu.ru/ru/viewperson/101024/"
  },
  {
    "DayOfWeek": "Пятница",
    "StartTime": "2024-03-04T17:20:00",
    "EndTime": "2024-03-04T18:50:00",
    "WeekType": "Нижняя неделя",
    "Classroom": "У 209",
    "Group": "3230",
    "Subject": "Программирование бортовой вычислительной техники",
    "InstructorName": "Сакович Сергей Юрьевич",
    "InstructorLink": "https://www.smtu.ru/ru/viewperson/101024/"
  }
]