[
  {
    "DayOfWeek": "Понедельник",
    "StartTime": "2024-03-04T10:10:00",
    "EndTime": "2024-03-04T11:40:00",
    "WeekType": "Обе недели",
    "Classroom": "У 318",
    "Group": "3250",
    "Subject": "Электроматериаловедение",
    "InstructorName": "Гриценко Кристина Вадимовна",
    "InstructorLink": ""
  },
  {
    "DayOfWeek": "Понедельник",
    "StartTime": "2024-03-04T11:50:00",
    "EndTime": "2024-03-04T13:20:00",
    "WeekType": "Обе недели",
    "Classroom": "У 165",
    "Group": "3250",
    "Subject": "Электроматериаловедение",
    "InstructorName": "Царева Полина Евгеньевна",
    "InstructorLink": ""
  },
  {
    "DayOfWeek": "Понедельник",
    "StartTime": "2024-03-04T14:00:00",
    "EndTime": "2024-03-04T15:30:00",
    "WeekType": "Обе недели",
    "Classroom": "У 115",
    "Group": "3250",
    "Subject": "Гидромеханика",
    "InstructorName": "Яковлев Алексей Юрьевич",
    "InstructorLink": "https://www.smtu.ru/ru/viewperson/101392/"
  },
  {
    "DayOfWeek": "Понедельник",
    "StartTime": "2024-03-04T15:40:00",
    "EndTime": "2024-03-04T17:10:00",
    "WeekType": "Обе недели",
    "Classroom": "У каф.ФВ",
    "Group": "3250",
    "Subject": "Физическая культура и спорт (элективная)",
    "InstructorName": "",
    "InstructorLink": ""
  },
  {
    "DayOfWeek": "Вторник",
    "StartTime": "2024-03-04T08:30:00",
    "EndTime": "2024-03-04T10:00:00",
    "WeekType": "Обе недели",
    "Classroom": "А ВУЦ",
    "Group": "3250",
    "Subject": "Военная подготовка (офицеры запаса)",
    "InstructorName": "",
    "InstructorLink": ""
  },
  {
    "DayOfWeek": "Вторник",
    "StartTime": "2024-03-04T08:30:00",
    "EndTime": "2024-03-04T10:00:00",
    "WeekType": "Обе недели",
    "Classroom": "А ВУЦ",
    "Group": "3250",
    "Subject": "Военная подготовка (матросы/солдаты запаса)",
    "InstructorName": "",
    "InstructorLink": ""
  },
  {
    "DayOfWeek": "Среда",
    "StartTime": "2024-03-04T08:30:00",
    "EndTime": "2024-03-04T10:00:00",
    "WeekType": "Верхняя неделя",
    "Classroom": "Г 208",
    "Group": "3250",
    "Subject": "Планирование эксперимента при поиске оптимальных условий",
    "InstructorName": "Потапов Андрей Анатольевич",
    "InstructorLink": ""
  },
  {
    "DayOfWeek": "Среда",
    "StartTime": "2024-03-04T10:10:00",
    "EndTime": "2024-03-04T11:40:00",
    "WeekType": "Обе недели",
    "Classroom": "Г 208",
    "Group": "3250",
    "Subject": "Планирование эксперимента при поиске оптимальных условий",
    "InstructorName": "Потапов Андрей Анатольевич",
    "InstructorLink": ""
  },
  {
    "DayOfWeek": "Среда",
    "StartTime": "2024-03-04T11:50:00",
    "EndTime": "2024-03-04T13:20:00",
    "WeekType": "Нижняя неделя",
    "Classroom": "Г 207",
    "Group": "3250",
    "Subject": "Аппаратные средства вычислительной техники корабельных управляющих комплексов",
    "InstructorName": "Образцов Михаил Алексеевич",
    "InstructorLink": "https://www.smtu.ru/ru/viewperson/100833/"
  },
  {
    "DayOfWeek": "Среда",
    "StartTime": "2024-03-04T14:00:00",
    "EndTime": "2024-03-04T15:30:00",
    "WeekType": "Нижняя неделя",
    "Classroom": "Г 208",
    "Group": "3250",
    "Subject": "Аппаратные средства вычислительной техники корабельных управляющих комплексов",
    "InstructorName": "Образцов Михаил Алексеевич",
    "InstructorLink": "https://www.smtu.ru/ru/viewperson/100833/"
  },
  {
    "DayOfWeek": "Четверг",
    "StartTime": "2024-03-04T08:30:00",
    "EndTime": "2024-03-04T10:00:00",
    "WeekType": "Обе недели",
    "Classroom": "Г 207",
    "Group": "3250",
    "Subject": "Системное программное обеспечение корабельных комплексов",
    "InstructorName": "Образцов Михаил Алексеевич",
    "InstructorLink": "https://www.smtu.ru/ru/viewperson/100833/"
  },
  {
    "DayOfWeek": "Четверг",
    "StartTime": "2024-03-04T10:10:00",
    "EndTime": "2024-03-04T11:40:00",
    "WeekType": "Обе недели",
    "Classroom": "Г 208",
    "Group": "3250",
    "Subject": "Системное программное обеспечение корабельных комплексов",
    "InstructorName": "Образцов Михаил Алексеевич",
    "InstructorLink": "https://www.smtu.ru/ru/viewperson/100833/"
  },
  {
    "DayOfWeek": "Четверг",
    "StartTime": "2024-03-04T11:50:00",
    "EndTime": "2024-03-04T13:20:00",
    "WeekType": "Верхняя неделя",
    "Classroom": "Г 208",
    "Group": "3250",
    "Subject": "Системное программное обеспечение корабельных комплексов",
    "InstructorName": "Образцов Михаил Алексеевич",
    "InstructorLink": "https://www.smtu.ru/ru/viewperson/100833/"
  },
  {
    "DayOfWeek": "Пятница",
    "StartTime": "2024-03-04T10:10:00",
    "EndTime": "2024-03-04T11:40:00",
    "WeekType": "Обе недели",
    "Classroom": "У каф.ФВ",
    "Group": "3250",
    "Subject": "Физическая культура и спорт (элективная)",
    "InstructorName": "",
    "InstructorLink": ""
  },
  {
    "DayOfWeek": "Пятница",
    "StartTime": "2024-03-04T11:50:00",
    "EndTime": "2024-03-04T13:20:00",
    "WeekType": "Верхняя неделя",
    "Classroom": "У 155",
    "Group": "3250",
    "Subject": "Правоведение",
    "InstructorName": "Радько Анастасия Сергеевна",
    "InstructorLink": "https://www.smtu.ru/ru/viewperson/100966/"
  },
  {
    "DayOfWeek": "Пятница",
    "StartTime": "2024-03-04T11:50:00",
    "EndTime": "2024-03-04T13:20:00",
    "WeekType": "Нижняя неделя",
    "Classroom": "У 115",
    "Group": "3250",
    "Subject": "Правоведение",
    "InstructorName": "Радько Анастасия Сергеевна",
    "InstructorLink": "https://www.smtu.ru/ru/viewperson/100966/"
  },
  {
    "DayOfWeek": "Пятница",
    "StartTime": "2024-03-04T14:00:00",
    "EndTime": "2024-03-04T15:30:00",
    "WeekType": "Обе недели",
    "Classroom": "У 107",
    "Group": "3250",
    "Subject": "Электротехника и электроника",
    "InstructorName": "Ветров Борис Георгиевич",
    "InstructorLink": "https://www.smtu.ru/ru/viewperson/100209/"
  },
  {
    "DayOfWeek": "Пятница",
    "StartTime": "2024-03-04T15:40:00",
    "EndTime": "2024-03-04T17:10:00",
    "WeekType": "Верхняя неделя",
    "Classroom": "У 103",
    "Group": "3250",
    "Subject": "Детали машин",
    "InstructorName": "Голиков Владимир Анатольевич",
    "InstructorLink": ""
  },
  {
    "DayOfWeek": "Пятница",
    "StartTime": "2024-03-04T15:40:00",
    "EndTime": "2024-03-04T17:10:00",
    "WeekType": "Нижняя неделя",
    "Classroom": "У 107",
    "Group": "3250",
    "Subject": "Сопротивление материалов",
    "InstructorName": "Андреев Александр Николаевич",
    "InstructorLink": "https://www.smtu.ru/ru/viewperson/123117/"
  },
  {
    "DayOfWeek": "Пятница",
    "StartTime": "2024-03-04T17:20:00",
    "EndTime": "2024-03-04T18:50:00",
    "WeekType": "Верхняя неделя",
    "Classroom": "У 311",
    "Group": "3250",
    "Subject": "Детали машин",
    "InstructorName": "Голиков Владимир Анатольевич",
    "InstructorLink": ""
  },
  {
    "DayOfWeek": "Пятница",
    "StartTime": "2024-03-04T17:20:00",
    "EndTime": "2024-03-04T18:50:00",
    "WeekType": "Нижняя неделя",
    "Classroom": "У 144",
    "Group": "3250",
    "Subject": "Сопротивление материалов",
    "InstructorName": "Андреев Александр Николаевич",
    "InstructorLink": "https://www.smtu.ru/ru/viewperson/123117/"
  },
  {
    "DayOfWeek": "Суббота",
    "StartTime": "2024-03-04T08:30:00",
    "EndTime": "2024-03-04T10:00:00",
    "WeekType": "Верхняя неделя",
    "Classroom": "У УЛК-03",
    "Group": "3250",
    "Subject": "Электротехника и электроника",
    "InstructorName": "Крупинин Олег Сергеевич",
    "InstructorLink": ""
  },
  {
    "DayOfWeek": "Суббота",
    "StartTime": "2024-03-04T08:30:00",
    "EndTime": "2024-03-04T10:00:00",
    "WeekType": "Нижняя неделя",
    "Classroom": "Б 318",
    "Group": "3250",
    "Subject": "Гидромеханика",
    "InstructorName": "Бережная Мария Алексеевна",
    "InstructorLink": ""
  },
  {
    "DayOfWeek": "Суббота",
    "StartTime": "2024-03-04T10:10:00",
    "EndTime": "2024-03-04T11:40:00",
    "WeekType": "Верхняя неделя",
    "Classroom": "У УЛК-03",
    "Group": "3250",
    "Subject": "Электротехника и электроника",
    "InstructorName": "Крупинин Олег Сергеевич",
    "InstructorLink": ""
  },
  {
    "DayOfWeek": "Суббота",
    "StartTime": "2024-03-04T10:10:00",
    "EndTime": "2024-03-04T11:40:00",
    "WeekType": "Нижняя неделя",
    "Classroom": "Б 316",
    "Group": "3250",
    "Subject": "Гидромеханика",
    "InstructorName": "Белая Алена Борисовна",
    "InstructorLink": ""
  }
]