[
  {
    "DayOfWeek": "Понедельник",
    "StartTime": "2024-03-04T14:00:00",
    "EndTime": "2024-03-04T15:30:00",
    "WeekType": "Обе недели",
    "Classroom": "У каф.ФВ",
    "Group": "3270",
    "Subject": "Физическая культура и спорт (элективная)",
    "InstructorName": "",
    "InstructorLink": ""
  },
  {
    "DayOfWeek": "Понедельник",
    "StartTime": "2024-03-04T15:40:00",
    "EndTime": "2024-03-04T17:10:00",
    "WeekType": "Верхняя неделя",
    "Classroom": "У 02ю",
    "Group": "3270",
    "Subject": "Правоведение",
    "InstructorName": "Ладыка Сергей Иванович",
    "InstructorLink": "https://www.smtu.ru/ru/viewperson/100652/"
  },
  {
    "DayOfWeek": "Понедельник",
    "StartTime": "2024-03-04T15:40:00",
    "EndTime": "2024-03-04T17:10:00",
    "WeekType": "Нижняя неделя",
    "Classroom": "У 165",
    "Group": "3270",
    "Subject": "Правоведение",
    "InstructorName": "Ладыка Сергей Иванович",
    "InstructorLink": "https://www.smtu.ru/ru/viewperson/100652/"
  },
  {
    "DayOfWeek": "Понедельник",
    "StartTime": "2024-03-04T17:20:00",
    "EndTime": "2024-03-04T18:50:00",
    "WeekType": "Обе недели",
    "Classroom": "У 167",
    "Group": "3270",
    "Subject": "Языки ассемблера",
    "InstructorName": "Сакович Сергей Юрьевич",
    "InstructorLink": "https://www.smtu.ru/ru/viewperson/101024/"
  },
  {
    "DayOfWeek": "Понедельник",
    "StartTime": "2024-03-04T19:00:00",
    "EndTime": "2024-03-04T20:30:00",
    "WeekType": "Обе недели",
    "Classroom": "У 209",
    "Group": "3270",
    "Subject": "Языки ассемблера",
    "InstructorName": "Сакович Сергей Юрьевич",
    "InstructorLink": "https://www.smtu.ru/ru/viewperson/101024/"
  },
  {
    "DayOfWeek": "Вторник",
    "StartTime": "2024-03-04T08:30:00",
    "EndTime": "2024-03-04T10:00:00",
    "WeekType": "Обе недели",
    "Classroom": "А ВУЦ",
    "Group": "3270",
    "Subject": "Военная подготовка (матросы/солдаты запаса)",
    "InstructorName": "",
    "InstructorLink": ""
  },
  {
    "DayOfWeek": "Вторник",
    "StartTime": "2024-03-04T08:30:00",
    "EndTime": "2024-03-04T10:00:00",
    "WeekType": "Обе недели",
    "Classroom": "А ВУЦ",
    "Group": "3270",
    "Subject": "Военная подготовка (офицеры запаса)",
    "InstructorName": "",
    "InstructorLink": ""
  },
  {
    "DayOfWeek": "Среда",
    "StartTime": "2024-03-04T10:10:00",
    "EndTime": "2024-03-04T11:40:00",
    "WeekType": "Обе недели",
    "Classroom": "Г 312",
    "Group": "3270",
    "Subject": "Теория автоматического управления",
    "InstructorName": "Телятник Сергей Георгиевич",
    "InstructorLink": ""
  },
  {
    "DayOfWeek": "Среда",
    "StartTime": "2024-03-04T11:50:00",
    "EndTime": "2024-03-04T13:20:00",
    "WeekType": "Верхняя неделя",
    "Classroom": "Г 211",
    "Group": "3270",
    "Subject": "Конструкторско-технологическое обеспечение ЭВМ",
    "InstructorName": "Прусов Андрей Владимирович",
    "InstructorLink": ""
  },
  {
    "DayOfWeek": "Среда",
    "StartTime": "2024-03-04T11:50:00",
    "EndTime": "2024-03-04T13:20:00",
    "WeekType": "Нижняя неделя",
    "Classroom": "Г 201",
    "Group": "3270",
    "Subject": "Конструкторско-технологическое обеспечение ЭВМ",
    "InstructorName": "Прусов Андрей Владимирович",
    "InstructorLink": ""
  },
  {
    "DayOfWeek": "Среда",
    "StartTime": "2024-03-04T14:00:00",
    "EndTime": "2024-03-04T15:30:00",
    "WeekType": "Верхняя неделя",
    "Classroom": "Г 405",
    "Group": "3270",
    "Subject": "Теория автоматов",
    "InstructorName": "Сиек Юрий Леонардович",
    "InstructorLink": "https://www.smtu.ru/ru/viewperson/101074/"
  },
  {
    "DayOfWeek": "Среда",
    "StartTime": "2024-03-04T14:00:00",
    "EndTime": "2024-03-04T15:30:00",
    "WeekType": "Нижняя неделя",
    "Classroom": "Г 405",
    "Group": "3270",
    "Subject": "Теория автоматов",
    "InstructorName": "Сиек Юрий Леонардович",
    "InstructorLink": "https://www.smtu.ru/ru/viewperson/101074/"
  },
  {
    "DayOfWeek": "Четверг",
    "StartTime": "2024-03-04T11:50:00",
    "EndTime": "2024-03-04T13:20:00",
    "WeekType": "Обе недели",
    "Classroom": "Г 426",
    "Group": "3270",
    "Subject": "Операционные системы",
    "InstructorName": "Ясинская Юлия Владимировна",
    "InstructorLink": ""
  },
  {
    "DayOfWeek": "Четверг",
    "StartTime": "2024-03-04T14:00:00",
    "EndTime": "2024-03-04T15:30:00",
    "WeekType": "Обе недели",
    "Classroom": "Г 425",
    "Group": "3270",
    "Subject": "Операционные системы",
    "InstructorName": "Ясинская Юлия Владимировна",
    "InstructorLink": ""
  },
  {
    "DayOfWeek": "Четверг",
    "StartTime": "2024-03-04T15:40:00",
    "EndTime": "2024-03-04T17:10:00",
    "WeekType": "Обе недели",
    "Classroom": "Г 405",
    "Group": "3270",
    "Subject": "Теория автоматического управления",
    "InstructorName": "Телятник Сергей Георгиевич",
    "InstructorLink": ""
  },
  {
    "DayOfWeek": "Четверг",
    "StartTime": "2024-03-04T17:20:00",
    "EndTime": "2024-03-04T18:50:00",
    "WeekType": "Нижняя неделя",
    "Classroom": "Г 426",
    "Group": "3270",
    "Subject": "Операционные системы",
    "InstructorName": "Ясинская Юлия Владимировна",
    "InstructorLink": ""
  },
  {
    "DayOfWeek": "Пятница",
    "StartTime": "2024-03-04T08:30:00",
    "EndTime": "2024-03-04T10:00:00",
    "WeekType": "Верхняя неделя",
    "Classroom": "У УЛК-03",
    "Group": "3270",
    "Subject": "Электротехника, электроника и схемотехника",
    "InstructorName": "Попов Антон Сергеевич",
    "InstructorLink": ""
  },
  {
    "DayOfWeek": "Пятница",
    "StartTime": "2024-03-04T08:30:00",
    "EndTime": "2024-03-04T10:00:00",
    "WeekType": "Нижняя неделя",
    "Classroom": "У каф.ФВ",
    "Group": "3270",
    "Subject": "Физическая культура и спорт (элективная)",
    "InstructorName": "",
    "InstructorLink": ""
  },
  {
    "DayOfWeek": "Пятница",
    "StartTime": "2024-03-04T10:10:00",
    "EndTime": "2024-03-04T11:40:00",
    "WeekType": "Обе недели",
    "Classroom": "У 10",
    "Group": "3270",
    "Subject": "Электротехника, электроника и схемотехника",
    "InstructorName": "Лупкин Иван Дмитриевич",
    "InstructorLink": "https://www.smtu.ru/ru/viewperson/100695/"
  },
  {
    "DayOfWeek": "Пятница",
    "StartTime": "2024-03-04T11:50:00",
    "EndTime": "2024-03-04T13:20:00",
    "WeekType": "Обе недели",
    "Classroom": "У 107",
    "Group": "3270",
    "Subject": "Теория вероятностей и математическая статистика",
    "InstructorName": "Пак Элла Ефимовна",
    "InstructorLink": "https://www.smtu.ru/ru/viewperson/123073/"
  },
  {
    "DayOfWeek": "Пятница",
    "StartTime": "2024-03-04T14:00:00",
    "EndTime": "2024-03-04T15:30:00",
    "WeekType": "Верхняя неделя",
    "Classroom": "У 443",
    "Group": "3270",
    "Subject": "Теория вероятностей и математическая статистика",
    "InstructorName": "Пак Элла Ефимовна",
    "InstructorLink": "https://www.smtu.ru/ru/viewperson/123073/"
  },
  {
    "DayOfWeek": "Пятница",
    "StartTime": "2024-03-04T14:00:00",
    "EndTime": "2024-03-04T15:30:00",
    "WeekType": "Нижняя неделя",
    "Classroom": "У 436",
    "Group": "3270",
    "Subject": "Вычислительная математика",
    "InstructorName": "Хазанов Владимир Борисович",
    "InstructorLink": "https://www.smtu.ru/ru/viewperson/101267/"
  },
  {
    "DayOfWeek": "Пятница",
    "StartTime": "2024-03-04T15:40:00",
    "EndTime": "2024-03-04T17:10:00",
    "WeekType": "Верхняя неделя",
    "Classroom": "У каф.ФВ",
    "Group": "3270",
    "Subject": "Физическая культура и спорт (элективная)",
    "InstructorName": "",
    "InstructorLink": ""
  },
  {
    "DayOfWeek": "Пятница",
    "StartTime": "2024-03-04T15:40:00",
    "EndTime": "2024-03-04T17:10:00",
    "WeekType": "Нижняя неделя",
    "Classroom": "У 436",
    "Group": "3270",
    "Subject": "Вычислительная математика",
    "InstructorName": "Хазанов Владимир Борисович",
    "InstructorLink": "https://www.smtu.ru/ru/viewperson/101267/"
  }
]