[
  {
    "DayOfWeek": "Понедельник",
    "StartTime": "2024-03-04T08:30:00",
    "EndTime": "2024-03-04T10:00:00",
    "WeekType": "Верхняя неделя",
    "Classroom": "У 534",
    "Group": "3300",
    "Subject": "Безопасность жизнедеятельности",
    "InstructorName": "Синякова Мария Александровна",
    "InstructorLink": "https://www.smtu.ru/ru/viewperson/127502/"
  },
  {
    "DayOfWeek": "Понедельник",
    "StartTime": "2024-03-04T10:10:00",
    "EndTime": "2024-03-04T11:40:00",
    "WeekType": "Верхняя неделя",
    "Classroom": "У 410",
    "Group": "3300",
    "Subject": "Безопасность жизнедеятельности",
    "InstructorName": "Синякова Мария Александровна",
    "InstructorLink": "https://www.smtu.ru/ru/viewperson/127502/"
  },
  {
    "DayOfWeek": "Понедельник",
    "StartTime": "2024-03-04T11:50:00",
    "EndTime": "2024-03-04T13:20:00",
    "WeekType": "Обе недели",
    "Classroom": "У каф.ФВ",
    "Group": "3300",
    "Subject": "Физическая культура и спорт (элективная)",
    "InstructorName": "",
    "InstructorLink": ""
  },
  {
    "DayOfWeek": "Понедельник",
    "StartTime": "2024-03-04T14:00:00",
    "EndTime": "2024-03-04T15:30:00",
    "WeekType": "Обе недели",
    "Classroom": "У каф.ФВ",
    "Group": "3300",
    "Subject": "Физическая культура и спорт (элективная)",
    "InstructorName": "",
    "InstructorLink": ""
  },
  {
    "DayOfWeek": "Вторник",
    "StartTime": "2024-03-04T10:10:00",
    "EndTime": "2024-03-04T11:40:00",
    "WeekType": "Обе недели",
    "Classroom": "Г 512",
    "Group": "3300",
    "Subject": "Объекты морской техники (С)",
    "InstructorName": "Штырлин Евгений Владимирович",
    "InstructorLink": "https://www.smtu.ru/ru/viewperson/101376/"
  },
  {
    "DayOfWeek": "Вторник",
    "StartTime": "2024-03-04T11:50:00",
    "EndTime": "2024-03-04T13:20:00",
    "WeekType": "Обе недели",
    "Classroom": "Г 201",
    "Group": "3300",
    "Subject": "Гидрофизические поля морских объектов",
    "InstructorName": "Огурцов Юрий Петрович",
    "InstructorLink": "https://www.smtu.ru/ru/viewperson/100838/"
  },
  {
    "DayOfWeek": "Вторник",
    "StartTime": "2024-03-04T14:00:00",
    "EndTime": "2024-03-04T15:30:00",
    "WeekType": "Обе недели",
    "Classroom": "Г 201",
    "Group": "3300",
    "Subject": "Гидрофизические поля морских объектов",
    "InstructorName": "Огурцов Юрий Петрович",
    "InstructorLink": "https://www.smtu.ru/ru/viewperson/100838/"
  },
  {
    "DayOfWeek": "Вторник",
    "StartTime": "2024-03-04T15:40:00",
    "EndTime": "2024-03-04T17:10:00",
    "WeekType": "Обе недели",
    "Classroom": "Г 420",
    "Group": "3300",
    "Subject": "Автоматика морских информационных систем",
    "InstructorName": "Филимонова Елена Анатольевна",
    "InstructorLink": ""
  },
  {
    "DayOfWeek": "Вторник",
    "StartTime": "2024-03-04T17:20:00",
    "EndTime": "2024-03-04T18:50:00",
    "WeekType": "Верхняя неделя",
    "Classroom": "Г 420",
    "Group": "3300",
    "Subject": "Автоматика морских информационных систем",
    "InstructorName": "Филимонова Елена Анатольевна",
    "InstructorLink": ""
  },
  {
    "DayOfWeek": "Вторник",
    "StartTime": "2024-03-04T17:20:00",
    "EndTime": "2024-03-04T18:50:00",
    "WeekType": "Нижняя неделя",
    "Classroom": "Г 518",
    "Group": "3300",
    "Subject": "Автоматика морских информационных систем",
    "InstructorName": "Филимонова Елена Анатольевна",
    "InstructorLink": ""
  },
  {
    "DayOfWeek": "Среда",
    "StartTime": "2024-03-04T14:00:00",
    "EndTime": "2024-03-04T15:30:00",
    "WeekType": "Верхняя неделя",
    "Classroom": "Г 420",
    "Group": "3300",
    "Subject": "Микропроцессоры",
    "InstructorName": "Коротицкий Евгений Викторович",
    "InstructorLink": ""
  },
  {
    "DayOfWeek": "Среда",
    "StartTime": "2024-03-04T14:00:00",
    "EndTime": "2024-03-04T15:30:00",
    "WeekType": "Нижняя неделя",
    "Classroom": "Г 420",
    "Group": "3300",
    "Subject": "Микропроцессоры",
    "InstructorName": "Коротицкий Евгений Викторович",
    "InstructorLink": ""
  },
  {
    "DayOfWeek": "Среда",
    "StartTime": "2024-03-04T15:40:00",
    "EndTime": "2024-03-04T17:10:00",
    "WeekType": "Обе недели",
    "Classroom": "Г 211",
    "Group": "3300",
    "Subject": "Микропроцессоры",
    "InstructorName": "Коротицкий Евгений Викторович",
    "InstructorLink": ""
  },
  {
    "DayOfWeek": "Среда",
    "StartTime": "2024-03-04T17:20:00",
    "EndTime": "2024-03-04T18:50:00",
    "WeekType": "Верхняя неделя",
    "Classroom": "Г 125",
    "Group": "3300",
    "Subject": "Гидроакустические поля и антенны",
    "InstructorName": "Огурцов Юрий Петрович",
    "InstructorLink": "https://www.smtu.ru/ru/viewperson/100838/"
  },
  {
    "DayOfWeek": "Среда",
    "StartTime": "2024-03-04T17:20:00",
    "EndTime": "2024-03-04T18:50:00",
    "WeekType": "Нижняя неделя",
    "Classroom": "Г 420",
    "Group": "3300",
    "Subject": "Теория информации и сигналов",
    "InstructorName": "Костин Максим Юрьевич",
    "InstructorLink": ""
  },
  {
    "DayOfWeek": "Четверг",
    "StartTime": "2024-03-04T08:30:00",
    "EndTime": "2024-03-04T10:00:00",
    "WeekType": "Обе недели",
    "Classroom": "Г 216",
    "Group": "3300",
    "Subject": "Военная подготовка (офицеры запаса)",
    "InstructorName": "",
    "InstructorLink": ""
  },
  {
    "DayOfWeek": "Четверг",
    "StartTime": "2024-03-04T10:10:00",
    "EndTime": "2024-03-04T11:40:00",
    "WeekType": "Обе недели",
    "Classroom": "Г 216",
    "Group": "3300",
    "Subject": "Военная подготовка (офицеры запаса)",
    "InstructorName": "",
    "InstructorLink": ""
  },
  {
    "DayOfWeek": "Четверг",
    "StartTime": "2024-03-04T11:50:00",
    "EndTime": "2024-03-04T13:20:00",
    "WeekType": "Обе недели",
    "Classroom": "Г 216",
    "Group": "3300",
    "Subject": "Военная подготовка (офицеры запаса)",
    "InstructorName": "",
    "InstructorLink": ""
  },
  {
    "DayOfWeek": "Четверг",
    "StartTime": "2024-03-04T14:00:00",
    "EndTime": "2024-03-04T15:30:00",
    "WeekType": "Верхняя неделя",
    "Classroom": "Г лаб.12",
    "Group": "3300",
    "Subject": "Объекты морской техники (С)",
    "InstructorName": "Штырлин Евгений Владимирович",
    "InstructorLink": "https://www.smtu.ru/ru/viewperson/101376/"
  },
  {
    "DayOfWeek": "Четверг",
    "StartTime": "2024-03-04T14:00:00",
    "EndTime": "2024-03-04T15:30:00",
    "WeekType": "Нижняя неделя",
    "Classroom": "Г лаб.12",
    "Group": "3300",
    "Subject": "Объекты морской техники (С)",
    "InstructorName": "Штырлин Евгений Владимирович",
    "InstructorLink": "https://www.smtu.ru/ru/viewperson/101376/"
  },
  {
    "DayOfWeek": "Пятница",
    "StartTime": "2024-03-04T10:10:00",
    "EndTime": "2024-03-04T11:40:00",
    "WeekType": "Нижняя неделя",
    "Classroom": "Г 211",
    "Group": "3300",
    "Subject": "Гидроакустические поля и антенны",
    "InstructorName": "Махов Владимир Иванович",
    "InstructorLink": "https://www.smtu.ru/ru/viewperson/100742/"
  },
  {
    "DayOfWeek": "Пятница",
    "StartTime": "2024-03-04T11:50:00",
    "EndTime": "2024-03-04T13:20:00",
    "WeekType": "Обе недели",
    "Classroom": "Г 312",
    "Group": "3300",
    "Subject": "Экономика",
    "InstructorName": "Малышев Евгений Анатольевич",
    "InstructorLink": "https://www.smtu.ru/ru/viewperson/127500/"
  },
  {
    "DayOfWeek": "Пятница",
    "StartTime": "2024-03-04T14:00:00",
    "EndTime": "2024-03-04T15:30:00",
    "WeekType": "Обе недели",
    "Classroom": "Г 211",
    "Group": "3300",
    "Subject": "Гидроакустические поля и антенны",
    "InstructorName": "Махов Владимир Иванович",
    "InstructorLink": "https://www.smtu.ru/ru/viewperson/100742/"
  },
  {
    "DayOfWeek": "Пятница",
    "StartTime": "2024-03-04T15:40:00",
    "EndTime": "2024-03-04T17:10:00",
    "WeekType": "Обе недели",
    "Classroom": "Г 312",
    "Group": "3300",
    "Subject": "Экономика",
    "InstructorName": "Малышев Евгений Анатольевич",
    "InstructorLink": "https://www.smtu.ru/ru/viewperson/127500/"
  },
  {
    "DayOfWeek": "Суббота",
    "StartTime": "2024-03-04T08:30:00",
    "EndTime": "2024-03-04T10:00:00",
    "WeekType": "Нижняя неделя",
    "Classroom": "Г 312",
    "Group": "3300",
    "Subject": "Теория информации и сигналов",
    "InstructorName": "Шилина Екатерина Сергеевна",
    "InstructorLink": ""
  },
  {
    "DayOfWeek": "Суббота",
    "StartTime": "2024-03-04T10:10:00",
    "EndTime": "2024-03-04T11:40:00",
    "WeekType": "Обе недели",
    "Classroom": "Г 312",
    "Group": "3300",
    "Subject": "Теория информации и сигналов",
    "InstructorName": "Шилина Екатерина Сергеевна",
    "InstructorLink": ""
  },
  {
    "DayOfWeek": "Суббота",
    "StartTime": "2024-03-04T11:50:00",
    "EndTime": "2024-03-04T13:20:00",
    "WeekType": "Верхняя неделя",
    "Classroom": "Г 315",
    "Group": "3300",
    "Subject": "Теория информации и сигналов",
    "InstructorName": "Шилина Екатерина Сергеевна",
    "InstructorLink": ""
  },
  {
    "DayOfWeek": "Суббота",
    "StartTime": "2024-03-04T14:00:00",
    "EndTime": "2024-03-04T15:30:00",
    "WeekType": "Нижняя неделя",
    "Classroom": "У 107",
    "Group": "3300",
    "Subject": "Безопасность жизнедеятельности",
    "InstructorName": "Синякова Мария Александровна",
    "InstructorLink": "https://www.smtu.ru/ru/viewperson/127502/"
  }
]