[
  {
    "DayOfWeek": "Понедельник",
    "StartTime": "2024-03-04T10:10:00",
    "EndTime": "2024-03-04T11:40:00",
    "WeekType": "Обе недели",
    "Classroom": "Г 415",
    "Group": "3320",
    "Subject": "Электрическая пускорегулирующая аппаратура подводных аппаратов",
    "InstructorName": "Сергеев Александр Степанович",
    "InstructorLink": "https://www.smtu.ru/ru/viewperson/105072/"
  },
  {
    "DayOfWeek": "Понедельник",
    "StartTime": "2024-03-04T11:50:00",
    "EndTime": "2024-03-04T13:20:00",
    "WeekType": "Обе недели",
    "Classroom": "Г 415",
    "Group": "3320",
    "Subject": "Электрическая пускорегулирующая аппаратура подводных аппаратов",
    "InstructorName": "Сергеев Александр Степанович",
    "InstructorLink": "https://www.smtu.ru/ru/viewperson/105072/"
  },
  {
    "DayOfWeek": "Понедельник",
    "StartTime": "2024-03-04T14:00:00",
    "EndTime": "2024-03-04T15:30:00",
    "WeekType": "Обе недели",
    "Classroom": "Г 306",
    "Group": "3320",
    "Subject": "Энергетические комплексы морской техники",
    "InstructorName": "Боженов Юрий Александрович",
    "InstructorLink": "https://www.smtu.ru/ru/viewperson/100127/"
  },
  {
    "DayOfWeek": "Вторник",
    "StartTime": "2024-03-04T10:10:00",
    "EndTime": "2024-03-04T11:40:00",
    "WeekType": "Обе недели",
    "Classroom": "Г 317",
    "Group": "3320",
    "Subject": "Системы автоматизированного проектирования самоходных подводных аппаратов",
    "InstructorName": "Омаров Сергей Магомедович",
    "InstructorLink": ""
  },
  {
    "DayOfWeek": "Вторник",
    "StartTime": "2024-03-04T11:50:00",
    "EndTime": "2024-03-04T13:20:00",
    "WeekType": "Обе недели",
    "Classroom": "Г 317",
    "Group": "3320",
    "Subject": "Системы автоматизированного проектирования самоходных подводных аппаратов",
    "InstructorName": "Омаров Сергей Магомедович",
    "InstructorLink": ""
  },
  {
    "DayOfWeek": "Вторник",
    "StartTime": "2024-03-04T14:00:00",
    "EndTime": "2024-03-04T15:30:00",
    "WeekType": "Верхняя неделя",
    "Classroom": "Г 414",
    "Group": "3320",
    "Subject": "Основы технологии приборостроения и машиностроения",
    "InstructorName": "Щукина Елена Викторовна",
    "InstructorLink": "https://www.smtu.ru/ru/viewperson/122753/"
  },
  {
    "DayOfWeek": "Вторник",
    "StartTime": "2024-03-04T14:00:00",
    "EndTime": "2024-03-04T15:30:00",
    "WeekType": "Нижняя неделя",
    "Classroom": "Г 306",
    "Group": "3320",
    "Subject": "Энергетические комплексы морской техники",
    "InstructorName": "Боженов Юрий Александрович",
    "InstructorLink": "https://www.smtu.ru/ru/viewperson/100127/"
  },
  {
    "DayOfWeek": "Вторник",
    "StartTime": "2024-03-04T15:40:00",
    "EndTime": "2024-03-04T17:10:00",
    "WeekType": "Верхняя неделя",
    "Classroom": "Г 414",
    "Group": "3320",
    "Subject": "Основы технологии приборостроения и машиностроения",
    "InstructorName": "Щукина Елена Викторовна",
    "InstructorLink": "https://www.smtu.ru/ru/viewperson/122753/"
  },
  {
    "DayOfWeek": "Вторник",
    "StartTime": "2024-03-04T15:40:00",
    "EndTime": "2024-03-04T17:10:00",
    "WeekType": "Нижняя неделя",
    "Classroom": "Г 306",
    "Group": "3320",
    "Subject": "Энергетические комплексы морской техники",
    "InstructorName": "Боженов Юрий Александрович",
    "InstructorLink": "https://www.smtu.ru/ru/viewperson/100127/"
  },
  {
    "DayOfWeek": "Вторник",
    "StartTime": "2024-03-04T17:20:00",
    "EndTime": "2024-03-04T18:50:00",
    "WeekType": "Верхняя неделя",
    "Classroom": "Г 414",
    "Group": "3320",
    "Subject": "Основы технологии приборостроения и машиностроения",
    "InstructorName": "Щукина Елена Викторовна",
    "InstructorLink": "https://www.smtu.ru/ru/viewperson/122753/"
  },
  {
    "DayOfWeek": "Среда",
    "StartTime": "2024-03-04T08:30:00",
    "EndTime": "2024-03-04T10:00:00",
    "WeekType": "Обе недели",
    "Classroom": "У каф.ФВ",
    "Group": "3320",
    "Subject": "Физическая культура и спорт (элективная)",
    "InstructorName": "",
    "InstructorLink": ""
  },
  {
    "DayOfWeek": "Среда",
    "StartTime": "2024-03-04T11:50:00",
    "EndTime": "2024-03-04T13:20:00",
    "WeekType": "Обе недели",
    "Classroom": "Г 323",
    "Group": "3320",
    "Subject": "Основы технологии приборостроения и машиностроения",
    "InstructorName": "Пантелеева Екатерина Игоревна",
    "InstructorLink": "https://www.smtu.ru/ru/viewperson/123122/"
  },
  {
    "DayOfWeek": "Среда",
    "StartTime": "2024-03-04T14:00:00",
    "EndTime": "2024-03-04T15:30:00",
    "WeekType": "Верхняя неделя",
    "Classroom": "Г 323",
    "Group": "3320",
    "Subject": "Основы технологии приборостроения и машиностроения",
    "InstructorName": "Пантелеева Екатерина Игоревна",
    "InstructorLink": "https://www.smtu.ru/ru/viewperson/123122/"
  },
  {
    "DayOfWeek": "Среда",
    "StartTime": "2024-03-04T14:00:00",
    "EndTime": "2024-03-04T15:30:00",
    "WeekType": "Нижняя неделя",
    "Classroom": "Г 323",
    "Group": "3320",
    "Subject": "Системы автоматизированного проектирования самоходных подводных аппаратов",
    "InstructorName": "Омаров Сергей Магомедович",
    "InstructorLink": ""
  },
  {
    "DayOfWeek": "Среда",
    "StartTime": "2024-03-04T15:40:00",
    "EndTime": "2024-03-04T17:10:00",
    "WeekType": "Нижняя неделя",
    "Classroom": "Г 323",
    "Group": "3320",
    "Subject": "Системы автоматизированного проектирования самоходных подводных аппаратов",
    "InstructorName": "Омаров Сергей Магомедович",
    "InstructorLink": ""
  },
  {
    "DayOfWeek": "Четверг",
    "StartTime": "2024-03-04T08:30:00",
    "EndTime": "2024-03-04T10:00:00",
    "WeekType": "Обе недели",
    "Classroom": "Г 216",
    "Group": "3320",
    "Subject": "Военная подготовка (офицеры запаса)",
    "InstructorName": "",
    "InstructorLink": ""
  },
  {
    "DayOfWeek": "Четверг",
    "StartTime": "2024-03-04T10:10:00",
    "EndTime": "2024-03-04T11:40:00",
    "WeekType": "Обе недели",
    "Classroom": "Г 216",
    "Group": "3320",
    "Subject": "Военная подготовка (офицеры запаса)",
    "InstructorName": "",
    "InstructorLink": ""
  },
  {
    "DayOfWeek": "Четверг",
    "StartTime": "2024-03-04T11:50:00",
    "EndTime": "2024-03-04T13:20:00",
    "WeekType": "Обе недели",
    "Classroom": "Г 216",
    "Group": "3320",
    "Subject": "Военная подготовка (офицеры запаса)",
    "InstructorName": "",
    "InstructorLink": ""
  },
  {
    "DayOfWeek": "Пятница",
    "StartTime": "2024-03-04T10:10:00",
    "EndTime": "2024-03-04T11:40:00",
    "WeekType": "Обе недели",
    "Classroom": "Г 205",
    "Group": "3320",
    "Subject": "Экономика",
    "InstructorName": "Малышев Евгений Анатольевич",
    "InstructorLink": "https://www.smtu.ru/ru/viewperson/127500/"
  },
  {
    "DayOfWeek": "Пятница",
    "StartTime": "2024-03-04T11:50:00",
    "EndTime": "2024-03-04T13:20:00",
    "WeekType": "Обе недели",
    "Classroom": "Г 312",
    "Group": "3320",
    "Subject": "Экономика",
    "InstructorName": "Малышев Евгений Анатольевич",
    "InstructorLink": "https://www.smtu.ru/ru/viewperson/127500/"
  },
  {
    "DayOfWeek": "Пятница",
    "StartTime": "2024-03-04T14:00:00",
    "EndTime": "2024-03-04T15:30:00",
    "WeekType": "Обе недели",
    "Classroom": "Г 317",
    "Group": "3320",
    "Subject": "Методология проектирования самоходных подводных аппаратов",
    "InstructorName": "Кузнецов Денис Иванович",
    "InstructorLink": "https://www.smtu.ru/ru/viewperson/100607/"
  },
  {
    "DayOfWeek": "Пятница",
    "StartTime": "2024-03-04T15:40:00",
    "EndTime": "2024-03-04T17:10:00",
    "WeekType": "Обе недели",
    "Classroom": "Г 317",
    "Group": "3320",
    "Subject": "Методология проектирования самоходных подводных аппаратов",
    "InstructorName": "Кузнецов Денис Иванович",
    "InstructorLink": "https://www.smtu.ru/ru/viewperson/100607/"
  },
  {
    "DayOfWeek": "Суббота",
    "StartTime": "2024-03-04T08:30:00",
    "EndTime": "2024-03-04T10:00:00",
    "WeekType": "Обе недели",
    "Classroom": "У каф.ФВ",
    "Group": "3320",
    "Subject": "Физическая культура и спорт (элективная)",
    "InstructorName": "",
    "InstructorLink": ""
  },
  {
    "DayOfWeek": "Суббота",
    "StartTime": "2024-03-04T10:10:00",
    "EndTime": "2024-03-04T11:40:00",
    "WeekType": "Нижняя неделя",
    "Classroom": "У 534",
    "Group": "3320",
    "Subject": "Безопасность жизнедеятельности",
    "InstructorName": "Синякова Мария Александровна",
    "InstructorLink": "https://www.smtu.ru/ru/viewperson/127502/"
  },
  {
    "DayOfWeek": "Суббота",
    "StartTime": "2024-03-04T11:50:00",
    "EndTime": "2024-03-04T13:20:00",
    "WeekType": "Нижняя неделя",
    "Classroom": "У 511",
    "Group": "3320",
    "Subject": "Безопасность жизнедеятельности",
    "InstructorName": "Синякова Мария Александровна",
    "InstructorLink": "https://www.smtu.ru/ru/viewperson/127502/"
  },
  {
    "DayOfWeek": "Суббота",
    "StartTime": "2024-03-04T14:00:00",
    "EndTime": "2024-03-04T15:30:00",
    "WeekType": "Нижняя неделя",
    "Classroom": "У 107",
    "Group": "3320",
    "Subject": "Безопасность жизнедеятельности",
    "InstructorName": "Синякова Мария Александровна",
    "InstructorLink": "https://www.smtu.ru/ru/viewperson/127502/"
  }
]