[
  {
    "DayOfWeek": "Понедельник",
    "StartTime": "2024-03-04T08:30:00",
    "EndTime": "2024-03-04T10:00:00",
    "WeekType": "Верхняя неделя",
    "Classroom": "Г 207",
    "Group": "3324",
    "Subject": "Методы моделирования динамических процессов",
    "InstructorName": "Животнев Николай Сергеевич",
    "InstructorLink": "https://www.smtu.ru/ru/viewperson/100387/"
  },
  {
    "DayOfWeek": "Понедельник",
    "StartTime": "2024-03-04T10:10:00",
    "EndTime": "2024-03-04T11:40:00",
    "WeekType": "Верхняя неделя",
    "Classroom": "Г 208",
    "Group": "3324",
    "Subject": "Методы моделирования динамических процессов",
    "InstructorName": "Животнев Николай Сергеевич",
    "InstructorLink": "https://www.smtu.ru/ru/viewperson/100387/"
  },
  {
    "DayOfWeek": "Понедельник",
    "StartTime": "2024-03-04T10:10:00",
    "EndTime": "2024-03-04T11:40:00",
    "WeekType": "Нижняя неделя",
    "Classroom": "Г 520",
    "Group": "3324",
    "Subject": "Схемотехника",
    "InstructorName": "Шилина Екатерина Сергеевна",
    "InstructorLink": ""
  },
  {
    "DayOfWeek": "Понедельник",
    "StartTime": "2024-03-04T11:50:00",
    "EndTime": "2024-03-04T13:20:00",
    "WeekType": "Обе недели",
    "Classroom": "Г 315",
    "Group": "3324",
    "Subject": "Схемотехника",
    "InstructorName": "Шилина Екатерина Сергеевна",
    "InstructorLink": ""
  },
  {
    "DayOfWeek": "Понедельник",
    "StartTime": "2024-03-04T14:00:00",
    "EndTime": "2024-03-04T15:30:00",
    "WeekType": "Верхняя неделя",
    "Classroom": "Г 520",
    "Group": "3324",
    "Subject": "Схемотехника",
    "InstructorName": "Шилина Екатерина Сергеевна",
    "InstructorLink": ""
  },
  {
    "DayOfWeek": "Понедельник",
    "StartTime": "2024-03-04T14:00:00",
    "EndTime": "2024-03-04T15:30:00",
    "WeekType": "Нижняя неделя",
    "Classroom": "Г 319",
    "Group": "3324",
    "Subject": "Моделирование с применением CAD/CAE/CAM",
    "InstructorName": "Коржов Александр Александрович",
    "InstructorLink": ""
  },
  {
    "DayOfWeek": "Понедельник",
    "StartTime": "2024-03-04T15:40:00",
    "EndTime": "2024-03-04T17:10:00",
    "WeekType": "Нижняя неделя",
    "Classroom": "Г 414",
    "Group": "3324",
    "Subject": "Моделирование с применением CAD/CAE/CAM",
    "InstructorName": "Коржов Александр Александрович",
    "InstructorLink": ""
  },
  {
    "DayOfWeek": "Вторник",
    "StartTime": "2024-03-04T08:30:00",
    "EndTime": "2024-03-04T10:00:00",
    "WeekType": "Обе недели",
    "Classroom": "Г 216",
    "Group": "3324",
    "Subject": "Военная подготовка (кадровые офицеры)",
    "InstructorName": "",
    "InstructorLink": ""
  },
  {
    "DayOfWeek": "Вторник",
    "StartTime": "2024-03-04T10:10:00",
    "EndTime": "2024-03-04T11:40:00",
    "WeekType": "Обе недели",
    "Classroom": "Г 216",
    "Group": "3324",
    "Subject": "Военная подготовка (кадровые офицеры)",
    "InstructorName": "",
    "InstructorLink": ""
  },
  {
    "DayOfWeek": "Вторник",
    "StartTime": "2024-03-04T11:50:00",
    "EndTime": "2024-03-04T13:20:00",
    "WeekType": "Обе недели",
    "Classroom": "Г 216",
    "Group": "3324",
    "Subject": "Военная подготовка (кадровые офицеры)",
    "InstructorName": "",
    "InstructorLink": ""
  },
  {
    "DayOfWeek": "Среда",
    "StartTime": "2024-03-04T08:30:00",
    "EndTime": "2024-03-04T10:00:00",
    "WeekType": "Верхняя неделя",
    "Classroom": "У 534",
    "Group": "3324",
    "Subject": "Безопасность жизнедеятельности",
    "InstructorName": "Ефремов Сергей Владимирович",
    "InstructorLink": "https://www.smtu.ru/ru/viewperson/107832/"
  },
  {
    "DayOfWeek": "Среда",
    "StartTime": "2024-03-04T10:10:00",
    "EndTime": "2024-03-04T11:40:00",
    "WeekType": "Верхняя неделя",
    "Classroom": "У 10",
    "Group": "3324",
    "Subject": "Безопасность жизнедеятельности",
    "InstructorName": "Ефремов Сергей Владимирович",
    "InstructorLink": "https://www.smtu.ru/ru/viewperson/107832/"
  },
  {
    "DayOfWeek": "Среда",
    "StartTime": "2024-03-04T10:10:00",
    "EndTime": "2024-03-04T11:40:00",
    "WeekType": "Нижняя неделя",
    "Classroom": "Г 415",
    "Group": "3324",
    "Subject": "Энергосиловые установки электроторпед и роботов (С)",
    "InstructorName": "Боженов Юрий Александрович",
    "InstructorLink": "https://www.smtu.ru/ru/viewperson/100127/"
  },
  {
    "DayOfWeek": "Среда",
    "StartTime": "2024-03-04T11:50:00",
    "EndTime": "2024-03-04T13:20:00",
    "WeekType": "Верхняя неделя",
    "Classroom": "У 534",
    "Group": "3324",
    "Subject": "Безопасность жизнедеятельности",
    "InstructorName": "Ефремов Сергей Владимирович",
    "InstructorLink": "https://www.smtu.ru/ru/viewperson/107832/"
  },
  {
    "DayOfWeek": "Среда",
    "StartTime": "2024-03-04T11:50:00",
    "EndTime": "2024-03-04T13:20:00",
    "WeekType": "Нижняя неделя",
    "Classroom": "Г 415",
    "Group": "3324",
    "Subject": "Энергосиловые установки электроторпед и роботов (С)",
    "InstructorName": "Боженов Юрий Александрович",
    "InstructorLink": "https://www.smtu.ru/ru/viewperson/100127/"
  },
  {
    "DayOfWeek": "Среда",
    "StartTime": "2024-03-04T14:00:00",
    "EndTime": "2024-03-04T15:30:00",
    "WeekType": "Нижняя неделя",
    "Classroom": "Г 415",
    "Group": "3324",
    "Subject": "Энергосиловые установки электроторпед и роботов (С)",
    "InstructorName": "Боженов Юрий Александрович",
    "InstructorLink": "https://www.smtu.ru/ru/viewperson/100127/"
  },
  {
    "DayOfWeek": "Среда",
    "StartTime": "2024-03-04T15:40:00",
    "EndTime": "2024-03-04T17:10:00",
    "WeekType": "Верхняя неделя",
    "Classroom": "Г 405",
    "Group": "3324",
    "Subject": "Теория автоматического управления объектами",
    "InstructorName": "Ксенофонтов Юрий Геннадьевич",
    "InstructorLink": ""
  },
  {
    "DayOfWeek": "Среда",
    "StartTime": "2024-03-04T15:40:00",
    "EndTime": "2024-03-04T17:10:00",
    "WeekType": "Нижняя неделя",
    "Classroom": "Г 407",
    "Group": "3324",
    "Subject": "Теория автоматического управления объектами",
    "InstructorName": "Ксенофонтов Юрий Геннадьевич",
    "InstructorLink": ""
  },
  {
    "DayOfWeek": "Четверг",
    "StartTime": "2024-03-04T08:30:00",
    "EndTime": "2024-03-04T10:00:00",
    "WeekType": "Обе недели",
    "Classroom": "Г 216",
    "Group": "3324",
    "Subject": "Морское подводное оружие и вооружение (С)",
    "InstructorName": "Бобров Михаил Александрович",
    "InstructorLink": ""
  },
  {
    "DayOfWeek": "Четверг",
    "StartTime": "2024-03-04T10:10:00",
    "EndTime": "2024-03-04T11:40:00",
    "WeekType": "Обе недели",
    "Classroom": "Г 216",
    "Group": "3324",
    "Subject": "Морское подводное оружие и вооружение (С)",
    "InstructorName": "Бобров Михаил Александрович",
    "InstructorLink": ""
  },
  {
    "DayOfWeek": "Четверг",
    "StartTime": "2024-03-04T11:50:00",
    "EndTime": "2024-03-04T13:20:00",
    "WeekType": "Обе недели",
    "Classroom": "Г 216",
    "Group": "3324",
    "Subject": "Морское подводное оружие и вооружение (С)",
    "InstructorName": "Бобров Михаил Александрович",
    "InstructorLink": ""
  },
  {
    "DayOfWeek": "Четверг",
    "StartTime": "2024-03-04T14:00:00",
    "EndTime": "2024-03-04T15:30:00",
    "WeekType": "Обе недели",
    "Classroom": "Г 216",
    "Group": "3324",
    "Subject": "Морское подводное оружие и вооружение (С)",
    "InstructorName": "Бобров Михаил Александрович",
    "InstructorLink": ""
  },
  {
    "DayOfWeek": "Пятница",
    "StartTime": "2024-03-04T10:10:00",
    "EndTime": "2024-03-04T11:40:00",
    "WeekType": "Обе недели",
    "Classroom": "Г 205",
    "Group": "3324",
    "Subject": "Экономика",
    "InstructorName": "Малышев Евгений Анатольевич",
    "InstructorLink": "https://www.smtu.ru/ru/viewperson/127500/"
  },
  {
    "DayOfWeek": "Пятница",
    "StartTime": "2024-03-04T11:50:00",
    "EndTime": "2024-03-04T13:20:00",
    "WeekType": "Обе недели",
    "Classroom": "Г 312",
    "Group": "3324",
    "Subject": "Экономика",
    "InstructorName": "Малышев Евгений Анатольевич",
    "InstructorLink": "https://www.smtu.ru/ru/viewperson/127500/"
  },
  {
    "DayOfWeek": "Пятница",
    "StartTime": "2024-03-04T15:40:00",
    "EndTime": "2024-03-04T17:10:00",
    "WeekType": "Обе недели",
    "Classroom": "У каф.ФВ",
    "Group": "3324",
    "Subject": "Физическая культура и спорт (элективная)",
    "InstructorName": "",
    "InstructorLink": ""
  },
  {
    "DayOfWeek": "Суббота",
    "StartTime": "2024-03-04T11:50:00",
    "EndTime": "2024-03-04T13:20:00",
    "WeekType": "Обе недели",
    "Classroom": "У каф.ФВ",
    "Group": "3324",
    "Subject": "Физическая культура и спорт (элективная)",
    "InstructorName": "",
    "InstructorLink": ""
  }
]