[
  {
    "DayOfWeek": "Понедельник",
    "StartTime": "2024-03-04T08:30:00",
    "EndTime": "2024-03-04T10:00:00",
    "WeekType": "Обе недели",
    "Classroom": "Г 312",
    "Group": "3325",
    "Subject": "Экономика",
    "InstructorName": "Малышев Евгений Анатольевич",
    "InstructorLink": "https://www.smtu.ru/ru/viewperson/127500/"
  },
  {
    "DayOfWeek": "Понедельник",
    "StartTime": "2024-03-04T10:10:00",
    "EndTime": "2024-03-04T11:40:00",
    "WeekType": "Обе недели",
    "Classroom": "Г 415",
    "Group": "3325",
    "Subject": "Электрическая пускорегулирующая аппаратура подводных аппаратов",
    "InstructorName": "Сергеев Александр Степанович",
    "InstructorLink": "https://www.smtu.ru/ru/viewperson/105072/"
  },
  {
    "DayOfWeek": "Понедельник",
    "StartTime": "2024-03-04T11:50:00",
    "EndTime": "2024-03-04T13:20:00",
    "WeekType": "Обе недели",
    "Classroom": "Г 415",
    "Group": "3325",
    "Subject": "Электрическая пускорегулирующая аппаратура подводных аппаратов",
    "InstructorName": "Сергеев Александр Степанович",
    "InstructorLink": "https://www.smtu.ru/ru/viewperson/105072/"
  },
  {
    "DayOfWeek": "Вторник",
    "StartTime": "2024-03-04T10:10:00",
    "EndTime": "2024-03-04T11:40:00",
    "WeekType": "Обе недели",
    "Classroom": "Г 415",
    "Group": "3325",
    "Subject": "Энергосиловые установки  электрических специальных подводных аппаратов  и роботов (С)",
    "InstructorName": "Боженов Юрий Александрович",
    "InstructorLink": "https://www.smtu.ru/ru/viewperson/100127/"
  },
  {
    "DayOfWeek": "Вторник",
    "StartTime": "2024-03-04T11:50:00",
    "EndTime": "2024-03-04T13:20:00",
    "WeekType": "Обе недели",
    "Classroom": "Г 415",
    "Group": "3325",
    "Subject": "Энергосиловые установки  электрических специальных подводных аппаратов  и роботов (С)",
    "InstructorName": "Боженов Юрий Александрович",
    "InstructorLink": "https://www.smtu.ru/ru/viewperson/100127/"
  },
  {
    "DayOfWeek": "Вторник",
    "StartTime": "2024-03-04T14:00:00",
    "EndTime": "2024-03-04T15:30:00",
    "WeekType": "Обе недели",
    "Classroom": "Г 415",
    "Group": "3325",
    "Subject": "Конструкции самоходных подводных аппаратов (С)",
    "InstructorName": "Куприянов Юрий Алексеевич",
    "InstructorLink": ""
  },
  {
    "DayOfWeek": "Вторник",
    "StartTime": "2024-03-04T15:40:00",
    "EndTime": "2024-03-04T17:10:00",
    "WeekType": "Обе недели",
    "Classroom": "Г 415",
    "Group": "3325",
    "Subject": "Конструкции самоходных подводных аппаратов (С)",
    "InstructorName": "Куприянов Юрий Алексеевич",
    "InstructorLink": ""
  },
  {
    "DayOfWeek": "Среда",
    "StartTime": "2024-03-04T10:10:00",
    "EndTime": "2024-03-04T11:40:00",
    "WeekType": "Верхняя неделя",
    "Classroom": "У 10",
    "Group": "3325",
    "Subject": "Безопасность жизнедеятельности",
    "InstructorName": "Ефремов Сергей Владимирович",
    "InstructorLink": "https://www.smtu.ru/ru/viewperson/107832/"
  },
  {
    "DayOfWeek": "Среда",
    "StartTime": "2024-03-04T10:10:00",
    "EndTime": "2024-03-04T11:40:00",
    "WeekType": "Нижняя неделя",
    "Classroom": "У 534",
    "Group": "3325",
    "Subject": "Безопасность жизнедеятельности",
    "InstructorName": "Ефремов Сергей Владимирович",
    "InstructorLink": "https://www.smtu.ru/ru/viewperson/107832/"
  },
  {
    "DayOfWeek": "Среда",
    "StartTime": "2024-03-04T11:50:00",
    "EndTime": "2024-03-04T13:20:00",
    "WeekType": "Нижняя неделя",
    "Classroom": "У 407",
    "Group": "3325",
    "Subject": "Безопасность жизнедеятельности",
    "InstructorName": "Ефремов Сергей Владимирович",
    "InstructorLink": "https://www.smtu.ru/ru/viewperson/107832/"
  },
  {
    "DayOfWeek": "Среда",
    "StartTime": "2024-03-04T14:00:00",
    "EndTime": "2024-03-04T15:30:00",
    "WeekType": "Верхняя неделя",
    "Classroom": "Г 415",
    "Group": "3325",
    "Subject": "Энергосиловые установки  электрических специальных подводных аппаратов  и роботов (С)",
    "InstructorName": "Боженов Юрий Александрович",
    "InstructorLink": "https://www.smtu.ru/ru/viewperson/100127/"
  },
  {
    "DayOfWeek": "Среда",
    "StartTime": "2024-03-04T15:40:00",
    "EndTime": "2024-03-04T17:10:00",
    "WeekType": "Обе недели",
    "Classroom": "Г 415",
    "Group": "3325",
    "Subject": "Энергосиловые установки  электрических специальных подводных аппаратов  и роботов (С)",
    "InstructorName": "Боженов Юрий Александрович",
    "InstructorLink": "https://www.smtu.ru/ru/viewperson/100127/"
  },
  {
    "DayOfWeek": "Среда",
    "StartTime": "2024-03-04T17:20:00",
    "EndTime": "2024-03-04T18:50:00",
    "WeekType": "Верхняя неделя",
    "Classroom": "Г 405",
    "Group": "3325",
    "Subject": "Теория автоматического управления объектами",
    "InstructorName": "Ксенофонтов Юрий Геннадьевич",
    "InstructorLink": ""
  },
  {
    "DayOfWeek": "Среда",
    "StartTime": "2024-03-04T17:20:00",
    "EndTime": "2024-03-04T18:50:00",
    "WeekType": "Нижняя неделя",
    "Classroom": "Г 407",
    "Group": "3325",
    "Subject": "Теория автоматического управления объектами",
    "InstructorName": "Ксенофонтов Юрий Геннадьевич",
    "InstructorLink": ""
  },
  {
    "DayOfWeek": "Четверг",
    "StartTime": "2024-03-04T08:30:00",
    "EndTime": "2024-03-04T10:00:00",
    "WeekType": "Обе недели",
    "Classroom": "Г 216",
    "Group": "3325",
    "Subject": "Военная подготовка (офицеры запаса)",
    "InstructorName": "",
    "InstructorLink": ""
  },
  {
    "DayOfWeek": "Четверг",
    "StartTime": "2024-03-04T10:10:00",
    "EndTime": "2024-03-04T11:40:00",
    "WeekType": "Обе недели",
    "Classroom": "Г 216",
    "Group": "3325",
    "Subject": "Военная подготовка (офицеры запаса)",
    "InstructorName": "",
    "InstructorLink": ""
  },
  {
    "DayOfWeek": "Четверг",
    "StartTime": "2024-03-04T11:50:00",
    "EndTime": "2024-03-04T13:20:00",
    "WeekType": "Обе недели",
    "Classroom": "Г 216",
    "Group": "3325",
    "Subject": "Военная подготовка (офицеры запаса)",
    "InstructorName": "",
    "InstructorLink": ""
  },
  {
    "DayOfWeek": "Пятница",
    "StartTime": "2024-03-04T10:10:00",
    "EndTime": "2024-03-04T11:40:00",
    "WeekType": "Нижняя неделя",
    "Classroom": "Г 412",
    "Group": "3325",
    "Subject": "Структура бортовой аппаратуры самоходных подводных аппаратов",
    "InstructorName": "Сергеев Александр Степанович",
    "InstructorLink": "https://www.smtu.ru/ru/viewperson/105072/"
  },
  {
    "DayOfWeek": "Пятница",
    "StartTime": "2024-03-04T11:50:00",
    "EndTime": "2024-03-04T13:20:00",
    "WeekType": "Обе недели",
    "Classroom": "Г 312",
    "Group": "3325",
    "Subject": "Экономика",
    "InstructorName": "Малышев Евгений Анатольевич",
    "InstructorLink": "https://www.smtu.ru/ru/viewperson/127500/"
  },
  {
    "DayOfWeek": "Пятница",
    "StartTime": "2024-03-04T14:00:00",
    "EndTime": "2024-03-04T15:30:00",
    "WeekType": "Верхняя неделя",
    "Classroom": "Г 319",
    "Group": "3325",
    "Subject": "Структура бортовой аппаратуры самоходных подводных аппаратов",
    "InstructorName": "Сергеев Александр Степанович",
    "InstructorLink": "https://www.smtu.ru/ru/viewperson/105072/"
  },
  {
    "DayOfWeek": "Пятница",
    "StartTime": "2024-03-04T14:00:00",
    "EndTime": "2024-03-04T15:30:00",
    "WeekType": "Нижняя неделя",
    "Classroom": "Г 412",
    "Group": "3325",
    "Subject": "Теплоэнергетические системы и агрегаты самоходных подводных аппаратов",
    "InstructorName": "Клоков Андрей Александрович",
    "InstructorLink": "https://www.smtu.ru/ru/viewperson/123468/"
  },
  {
    "DayOfWeek": "Пятница",
    "StartTime": "2024-03-04T15:40:00",
    "EndTime": "2024-03-04T17:10:00",
    "WeekType": "Верхняя неделя",
    "Classroom": "Г 319",
    "Group": "3325",
    "Subject": "Структура бортовой аппаратуры самоходных подводных аппаратов",
    "InstructorName": "Сергеев Александр Степанович",
    "InstructorLink": "https://www.smtu.ru/ru/viewperson/105072/"
  },
  {
    "DayOfWeek": "Пятница",
    "StartTime": "2024-03-04T15:40:00",
    "EndTime": "2024-03-04T17:10:00",
    "WeekType": "Нижняя неделя",
    "Classroom": "Г 412",
    "Group": "3325",
    "Subject": "Теплоэнергетические системы и агрегаты самоходных подводных аппаратов",
    "InstructorName": "Клоков Андрей Александрович",
    "InstructorLink": "https://www.smtu.ru/ru/viewperson/123468/"
  },
  {
    "DayOfWeek": "Суббота",
    "StartTime": "2024-03-04T10:10:00",
    "EndTime": "2024-03-04T11:40:00",
    "WeekType": "Обе недели",
    "Classroom": "У каф.ФВ",
    "Group": "3325",
    "Subject": "Физическая культура и спорт (элективная)",
    "InstructorName": "",
    "InstructorLink": ""
  },
  {
    "DayOfWeek": "Суббота",
    "StartTime": "2024-03-04T11:50:00",
    "EndTime": "2024-03-04T13:20:00",
    "WeekType": "Обе недели",
    "Classroom": "У каф.ФВ",
    "Group": "3325",
    "Subject": "Физическая культура и спорт (элективная)",
    "InstructorName": "",
    "InstructorLink": ""
  }
]