[
  {
    "DayOfWeek": "Понедельник",
    "StartTime": "2024-03-04T11:50:00",
    "EndTime": "2024-03-04T13:20:00",
    "WeekType": "Обе недели",
    "Classroom": "Г 205",
    "Group": "3330",
    "Subject": "Экономика",
    "InstructorName": "Малышев Евгений Анатольевич",
    "InstructorLink": "https://www.smtu.ru/ru/viewperson/127500/"
  },
  {
    "DayOfWeek": "Понедельник",
    "StartTime": "2024-03-04T14:00:00",
    "EndTime": "2024-03-04T15:30:00",
    "WeekType": "Обе недели",
    "Classroom": "Г 312",
    "Group": "3330",
    "Subject": "Экономика",
    "InstructorName": "Малышев Евгений Анатольевич",
    "InstructorLink": "https://www.smtu.ru/ru/viewperson/127500/"
  },
  {
    "DayOfWeek": "Понедельник",
    "StartTime": "2024-03-04T15:40:00",
    "EndTime": "2024-03-04T17:10:00",
    "WeekType": "Обе недели",
    "Classroom": "Г 405",
    "Group": "3330",
    "Subject": "Исследование операций",
    "InstructorName": "Иванов Александр Юрьевич",
    "InstructorLink": "https://www.smtu.ru/ru/viewperson/100438/"
  },
  {
    "DayOfWeek": "Понедельник",
    "StartTime": "2024-03-04T17:20:00",
    "EndTime": "2024-03-04T18:50:00",
    "WeekType": "Обе недели",
    "Classroom": "Г 405",
    "Group": "3330",
    "Subject": "Исследование операций",
    "InstructorName": "Иванов Александр Юрьевич",
    "InstructorLink": "https://www.smtu.ru/ru/viewperson/100438/"
  },
  {
    "DayOfWeek": "Вторник",
    "StartTime": "2024-03-04T08:30:00",
    "EndTime": "2024-03-04T10:00:00",
    "WeekType": "Нижняя неделя",
    "Classroom": "У каф.ФВ",
    "Group": "3330",
    "Subject": "Физическая культура и спорт (элективная)",
    "InstructorName": "",
    "InstructorLink": ""
  },
  {
    "DayOfWeek": "Вторник",
    "StartTime": "2024-03-04T10:10:00",
    "EndTime": "2024-03-04T11:40:00",
    "WeekType": "Нижняя неделя",
    "Classroom": "У каф.ФВ",
    "Group": "3330",
    "Subject": "Физическая культура и спорт (элективная)",
    "InstructorName": "",
    "InstructorLink": ""
  },
  {
    "DayOfWeek": "Вторник",
    "StartTime": "2024-03-04T11:50:00",
    "EndTime": "2024-03-04T13:20:00",
    "WeekType": "Верхняя неделя",
    "Classroom": "Г 426",
    "Group": "3330",
    "Subject": "Моделирование систем управления объектов морской техники",
    "InstructorName": "Хуторная Екатерина Викторовна",
    "InstructorLink": ""
  },
  {
    "DayOfWeek": "Вторник",
    "StartTime": "2024-03-04T14:00:00",
    "EndTime": "2024-03-04T15:30:00",
    "WeekType": "Верхняя неделя",
    "Classroom": "Г 426",
    "Group": "3330",
    "Subject": "Основы автоматизированного проектирования",
    "InstructorName": "Барашкова Елена Евгеньевна",
    "InstructorLink": "https://www.smtu.ru/ru/viewperson/100076/"
  },
  {
    "DayOfWeek": "Вторник",
    "StartTime": "2024-03-04T15:40:00",
    "EndTime": "2024-03-04T17:10:00",
    "WeekType": "Верхняя неделя",
    "Classroom": "Г 426",
    "Group": "3330",
    "Subject": "Основы автоматизированного проектирования",
    "InstructorName": "Барашкова Елена Евгеньевна",
    "InstructorLink": "https://www.smtu.ru/ru/viewperson/100076/"
  },
  {
    "DayOfWeek": "Среда",
    "StartTime": "2024-03-04T11:50:00",
    "EndTime": "2024-03-04T13:20:00",
    "WeekType": "Обе недели",
    "Classroom": "Г 405",
    "Group": "3330",
    "Subject": "Методы оптимизации",
    "InstructorName": "Рыков Сергей Алексеевич",
    "InstructorLink": "https://www.smtu.ru/ru/viewperson/101013/"
  },
  {
    "DayOfWeek": "Среда",
    "StartTime": "2024-03-04T14:00:00",
    "EndTime": "2024-03-04T15:30:00",
    "WeekType": "Обе недели",
    "Classroom": "Г 130",
    "Group": "3330",
    "Subject": "Методы оптимизации",
    "InstructorName": "Рыков Сергей Алексеевич",
    "InstructorLink": "https://www.smtu.ru/ru/viewperson/101013/"
  },
  {
    "DayOfWeek": "Среда",
    "StartTime": "2024-03-04T15:40:00",
    "EndTime": "2024-03-04T17:10:00",
    "WeekType": "Верхняя неделя",
    "Classroom": "Г 407",
    "Group": "3330",
    "Subject": "Моделирование систем управления объектов морской техники",
    "InstructorName": "Гневашев Ярослав Олегович",
    "InstructorLink": ""
  },
  {
    "DayOfWeek": "Среда",
    "StartTime": "2024-03-04T15:40:00",
    "EndTime": "2024-03-04T17:10:00",
    "WeekType": "Нижняя неделя",
    "Classroom": "Г 426",
    "Group": "3330",
    "Subject": "Моделирование систем управления объектов морской техники",
    "InstructorName": "Гневашев Ярослав Олегович",
    "InstructorLink": ""
  },
  {
    "DayOfWeek": "Четверг",
    "StartTime": "2024-03-04T08:30:00",
    "EndTime": "2024-03-04T10:00:00",
    "WeekType": "Обе недели",
    "Classroom": "Г 216",
    "Group": "3330",
    "Subject": "Военная подготовка (офицеры запаса)",
    "InstructorName": "",
    "InstructorLink": ""
  },
  {
    "DayOfWeek": "Четверг",
    "StartTime": "2024-03-04T10:10:00",
    "EndTime": "2024-03-04T11:40:00",
    "WeekType": "Обе недели",
    "Classroom": "Г 216",
    "Group": "3330",
    "Subject": "Военная подготовка (офицеры запаса)",
    "InstructorName": "",
    "InstructorLink": ""
  },
  {
    "DayOfWeek": "Четверг",
    "StartTime": "2024-03-04T11:50:00",
    "EndTime": "2024-03-04T13:20:00",
    "WeekType": "Обе недели",
    "Classroom": "Г 216",
    "Group": "3330",
    "Subject": "Военная подготовка (офицеры запаса)",
    "InstructorName": "",
    "InstructorLink": ""
  },
  {
    "DayOfWeek": "Пятница",
    "StartTime": "2024-03-04T10:10:00",
    "EndTime": "2024-03-04T11:40:00",
    "WeekType": "Верхняя неделя",
    "Classroom": "Г 405",
    "Group": "3330",
    "Subject": "Морские интегрированные навигационные системы",
    "InstructorName": "Мартынов Виктор Леонидович",
    "InstructorLink": "https://www.smtu.ru/ru/viewperson/101628/"
  },
  {
    "DayOfWeek": "Пятница",
    "StartTime": "2024-03-04T10:10:00",
    "EndTime": "2024-03-04T11:40:00",
    "WeekType": "Нижняя неделя",
    "Classroom": "Г 405",
    "Group": "3330",
    "Subject": "Морские интегрированные навигационные системы",
    "InstructorName": "Мартынов Виктор Леонидович",
    "InstructorLink": "https://www.smtu.ru/ru/viewperson/101628/"
  },
  {
    "DayOfWeek": "Пятница",
    "StartTime": "2024-03-04T11:50:00",
    "EndTime": "2024-03-04T13:20:00",
    "WeekType": "Обе недели",
    "Classroom": "Г 405",
    "Group": "3330",
    "Subject": "Морские интегрированные навигационные системы",
    "InstructorName": "Мартынов Виктор Леонидович",
    "InstructorLink": "https://www.smtu.ru/ru/viewperson/101628/"
  },
  {
    "DayOfWeek": "Пятница",
    "StartTime": "2024-03-04T14:00:00",
    "EndTime": "2024-03-04T15:30:00",
    "WeekType": "Обе недели",
    "Classroom": "Г 405",
    "Group": "3330",
    "Subject": "Системы телеуправления",
    "InstructorName": "Мамонин Николай Павлович",
    "InstructorLink": ""
  },
  {
    "DayOfWeek": "Пятница",
    "StartTime": "2024-03-04T15:40:00",
    "EndTime": "2024-03-04T17:10:00",
    "WeekType": "Верхняя неделя",
    "Classroom": "Г 405",
    "Group": "3330",
    "Subject": "Системы телеуправления",
    "InstructorName": "Мамонин Николай Павлович",
    "InstructorLink": ""
  },
  {
    "DayOfWeek": "Суббота",
    "StartTime": "2024-03-04T10:10:00",
    "EndTime": "2024-03-04T11:40:00",
    "WeekType": "Верхняя неделя",
    "Classroom": "У каф.ФВ",
    "Group": "3330",
    "Subject": "Физическая культура и спорт (элективная)",
    "InstructorName": "",
    "InstructorLink": ""
  },
  {
    "DayOfWeek": "Суббота",
    "StartTime": "2024-03-04T10:10:00",
    "EndTime": "2024-03-04T11:40:00",
    "WeekType": "Нижняя неделя",
    "Classroom": "У 316",
    "Group": "3330",
    "Subject": "Метрология и измерительная техника",
    "InstructorName": "Царева Полина Евгеньевна",
    "InstructorLink": ""
  },
  {
    "DayOfWeek": "Суббота",
    "StartTime": "2024-03-04T11:50:00",
    "EndTime": "2024-03-04T13:20:00",
    "WeekType": "Верхняя неделя",
    "Classroom": "У каф.ФВ",
    "Group": "3330",
    "Subject": "Физическая культура и спорт (элективная)",
    "InstructorName": "",
    "InstructorLink": ""
  },
  {
    "DayOfWeek": "Суббота",
    "StartTime": "2024-03-04T11:50:00",
    "EndTime": "2024-03-04T13:20:00",
    "WeekType": "Нижняя неделя",
    "Classroom": "У 316",
    "Group": "3330",
    "Subject": "Метрология и измерительная техника",
    "InstructorName": "Царева Полина Евгеньевна",
    "InstructorLink": ""
  },
  {
    "DayOfWeek": "Суббота",
    "StartTime": "2024-03-04T14:00:00",
    "EndTime": "2024-03-04T15:30:00",
    "WeekType": "Верхняя неделя",
    "Classroom": "У 534",
    "Group": "3330",
    "Subject": "Безопасность жизнедеятельности",
    "InstructorName": "Синякова Мария Александровна",
    "InstructorLink": "https://www.smtu.ru/ru/viewperson/127502/"
  },
  {
    "DayOfWeek": "Суббота",
    "StartTime": "2024-03-04T14:00:00",
    "EndTime": "2024-03-04T15:30:00",
    "WeekType": "Нижняя неделя",
    "Classroom": "У 107",
    "Group": "3330",
    "Subject": "Безопасность жизнедеятельности",
    "InstructorName": "Синякова Мария Александровна",
    "InstructorLink": "https://www.smtu.ru/ru/viewperson/127502/"
  },
  {
    "DayOfWeek": "Суббота",
    "StartTime": "2024-03-04T15:40:00",
    "EndTime": "2024-03-04T17:10:00",
    "WeekType": "Нижняя неделя",
    "Classroom": "У 107",
    "Group": "3330",
    "Subject": "Безопасность жизнедеятельности",
    "InstructorName": "Синякова Мария Александровна",
    "InstructorLink": "https://www.smtu.ru/ru/viewperson/127502/"
  }
]