[
  {
    "DayOfWeek": "Понедельник",
    "StartTime": "2024-03-04T10:10:00",
    "EndTime": "2024-03-04T11:40:00",
    "WeekType": "Обе недели",
    "Classroom": "Г 312",
    "Group": "3370",
    "Subject": "Экономика",
    "InstructorName": "Малышев Евгений Анатольевич",
    "InstructorLink": "https://www.smtu.ru/ru/viewperson/127500/"
  },
  {
    "DayOfWeek": "Понедельник",
    "StartTime": "2024-03-04T11:50:00",
    "EndTime": "2024-03-04T13:20:00",
    "WeekType": "Обе недели",
    "Classroom": "Г 205",
    "Group": "3370",
    "Subject": "Экономика",
    "InstructorName": "Малышев Евгений Анатольевич",
    "InstructorLink": "https://www.smtu.ru/ru/viewperson/127500/"
  },
  {
    "DayOfWeek": "Понедельник",
    "StartTime": "2024-03-04T15:40:00",
    "EndTime": "2024-03-04T17:10:00",
    "WeekType": "Обе недели",
    "Classroom": "У каф.ФВ",
    "Group": "3370",
    "Subject": "Физическая культура и спорт (элективная)",
    "InstructorName": "",
    "InstructorLink": ""
  },
  {
    "DayOfWeek": "Вторник",
    "StartTime": "2024-03-04T08:30:00",
    "EndTime": "2024-03-04T10:00:00",
    "WeekType": "Обе недели",
    "Classroom": "Г 407",
    "Group": "3370",
    "Subject": "Системы искусственного интеллекта",
    "InstructorName": "Борисов Александр Николаевич",
    "InstructorLink": ""
  },
  {
    "DayOfWeek": "Вторник",
    "StartTime": "2024-03-04T10:10:00",
    "EndTime": "2024-03-04T11:40:00",
    "WeekType": "Обе недели",
    "Classroom": "Г 407",
    "Group": "3370",
    "Subject": "Системы искусственного интеллекта",
    "InstructorName": "Борисов Александр Николаевич",
    "InstructorLink": ""
  },
  {
    "DayOfWeek": "Вторник",
    "StartTime": "2024-03-04T11:50:00",
    "EndTime": "2024-03-04T13:20:00",
    "WeekType": "Верхняя неделя",
    "Classroom": "Г 425",
    "Group": "3370",
    "Subject": "ЭВМ и периферийные устройства",
    "InstructorName": "Ясинская Юлия Владимировна",
    "InstructorLink": ""
  },
  {
    "DayOfWeek": "Вторник",
    "StartTime": "2024-03-04T11:50:00",
    "EndTime": "2024-03-04T13:20:00",
    "WeekType": "Нижняя неделя",
    "Classroom": "Г 426",
    "Group": "3370",
    "Subject": "ЭВМ и периферийные устройства",
    "InstructorName": "Ясинская Юлия Владимировна",
    "InstructorLink": ""
  },
  {
    "DayOfWeek": "Вторник",
    "StartTime": "2024-03-04T14:00:00",
    "EndTime": "2024-03-04T15:30:00",
    "WeekType": "Верхняя неделя",
    "Classroom": "Г 425",
    "Group": "3370",
    "Subject": "ЭВМ и периферийные устройства",
    "InstructorName": "Ясинская Юлия Владимировна",
    "InstructorLink": ""
  },
  {
    "DayOfWeek": "Вторник",
    "StartTime": "2024-03-04T14:00:00",
    "EndTime": "2024-03-04T15:30:00",
    "WeekType": "Нижняя неделя",
    "Classroom": "Г 426",
    "Group": "3370",
    "Subject": "ЭВМ и периферийные устройства",
    "InstructorName": "Ясинская Юлия Владимировна",
    "InstructorLink": ""
  },
  {
    "DayOfWeek": "Вторник",
    "StartTime": "2024-03-04T15:40:00",
    "EndTime": "2024-03-04T17:10:00",
    "WeekType": "Нижняя неделя",
    "Classroom": "Г 426",
    "Group": "3370",
    "Subject": "ЭВМ и периферийные устройства",
    "InstructorName": "Ясинская Юлия Владимировна",
    "InstructorLink": ""
  },
  {
    "DayOfWeek": "Среда",
    "StartTime": "2024-03-04T08:30:00",
    "EndTime": "2024-03-04T10:00:00",
    "WeekType": "Обе недели",
    "Classroom": "Г 405",
    "Group": "3370",
    "Subject": "Методы оптимизации",
    "InstructorName": "Рыков Сергей Алексеевич",
    "InstructorLink": "https://www.smtu.ru/ru/viewperson/101013/"
  },
  {
    "DayOfWeek": "Среда",
    "StartTime": "2024-03-04T10:10:00",
    "EndTime": "2024-03-04T11:40:00",
    "WeekType": "Верхняя неделя",
    "Classroom": "Г 407",
    "Group": "3370",
    "Subject": "Методы оптимизации",
    "InstructorName": "Рыков Сергей Алексеевич",
    "InstructorLink": "https://www.smtu.ru/ru/viewperson/101013/"
  },
  {
    "DayOfWeek": "Среда",
    "StartTime": "2024-03-04T10:10:00",
    "EndTime": "2024-03-04T11:40:00",
    "WeekType": "Нижняя неделя",
    "Classroom": "Г 407",
    "Group": "3370",
    "Subject": "Методы оптимизации",
    "InstructorName": "Рыков Сергей Алексеевич",
    "InstructorLink": "https://www.smtu.ru/ru/viewperson/101013/"
  },
  {
    "DayOfWeek": "Среда",
    "StartTime": "2024-03-04T11:50:00",
    "EndTime": "2024-03-04T13:20:00",
    "WeekType": "Обе недели",
    "Classroom": "Г 407",
    "Group": "3370",
    "Subject": "Теория и проектирование морских компьютерных систем",
    "InstructorName": "Хуторная Екатерина Викторовна",
    "InstructorLink": ""
  },
  {
    "DayOfWeek": "Среда",
    "StartTime": "2024-03-04T14:00:00",
    "EndTime": "2024-03-04T15:30:00",
    "WeekType": "Обе недели",
    "Classroom": "Г 407",
    "Group": "3370",
    "Subject": "Теория и проектирование морских компьютерных систем",
    "InstructorName": "Гневашев Ярослав Олегович",
    "InstructorLink": ""
  },
  {
    "DayOfWeek": "Четверг",
    "StartTime": "2024-03-04T08:30:00",
    "EndTime": "2024-03-04T10:00:00",
    "WeekType": "Обе недели",
    "Classroom": "Г 216",
    "Group": "3370",
    "Subject": "Военная подготовка (офицеры запаса)",
    "InstructorName": "",
    "InstructorLink": ""
  },
  {
    "DayOfWeek": "Четверг",
    "StartTime": "2024-03-04T10:10:00",
    "EndTime": "2024-03-04T11:40:00",
    "WeekType": "Обе недели",
    "Classroom": "Г 216",
    "Group": "3370",
    "Subject": "Военная подготовка (офицеры запаса)",
    "InstructorName": "",
    "InstructorLink": ""
  },
  {
    "DayOfWeek": "Четверг",
    "StartTime": "2024-03-04T11:50:00",
    "EndTime": "2024-03-04T13:20:00",
    "WeekType": "Обе недели",
    "Classroom": "Г 216",
    "Group": "3370",
    "Subject": "Военная подготовка (офицеры запаса)",
    "InstructorName": "",
    "InstructorLink": ""
  },
  {
    "DayOfWeek": "Пятница",
    "StartTime": "2024-03-04T10:10:00",
    "EndTime": "2024-03-04T11:40:00",
    "WeekType": "Верхняя неделя",
    "Classroom": "У 534",
    "Group": "3370",
    "Subject": "Безопасность жизнедеятельности",
    "InstructorName": "Бокатов Антон Юрьевич",
    "InstructorLink": "https://www.smtu.ru/ru/viewperson/100134/"
  },
  {
    "DayOfWeek": "Пятница",
    "StartTime": "2024-03-04T10:10:00",
    "EndTime": "2024-03-04T11:40:00",
    "WeekType": "Нижняя неделя",
    "Classroom": "У 316",
    "Group": "3370",
    "Subject": "Микропроцессорные системы",
    "InstructorName": "Епифанцев Игнат Романович",
    "InstructorLink": "https://www.smtu.ru/ru/viewperson/108038/"
  },
  {
    "DayOfWeek": "Пятница",
    "StartTime": "2024-03-04T11:50:00",
    "EndTime": "2024-03-04T13:20:00",
    "WeekType": "Верхняя неделя",
    "Classroom": "У 534",
    "Group": "3370",
    "Subject": "Безопасность жизнедеятельности",
    "InstructorName": "Бокатов Антон Юрьевич",
    "InstructorLink": "https://www.smtu.ru/ru/viewperson/100134/"
  },
  {
    "DayOfWeek": "Пятница",
    "StartTime": "2024-03-04T11:50:00",
    "EndTime": "2024-03-04T13:20:00",
    "WeekType": "Нижняя неделя",
    "Classroom": "У 316",
    "Group": "3370",
    "Subject": "Микропроцессорные системы",
    "InstructorName": "Епифанцев Игнат Романович",
    "InstructorLink": "https://www.smtu.ru/ru/viewperson/108038/"
  },
  {
    "DayOfWeek": "Пятница",
    "StartTime": "2024-03-04T14:00:00",
    "EndTime": "2024-03-04T15:30:00",
    "WeekType": "Верхняя неделя",
    "Classroom": "У 534",
    "Group": "3370",
    "Subject": "Безопасность жизнедеятельности",
    "InstructorName": "Бокатов Антон Юрьевич",
    "InstructorLink": "https://www.smtu.ru/ru/viewperson/100134/"
  },
  {
    "DayOfWeek": "Пятница",
    "StartTime": "2024-03-04T14:00:00",
    "EndTime": "2024-03-04T15:30:00",
    "WeekType": "Нижняя неделя",
    "Classroom": "У каф.ФВ",
    "Group": "3370",
    "Subject": "Физическая культура и спорт (элективная)",
    "InstructorName": "",
    "InstructorLink": ""
  },
  {
    "DayOfWeek": "Суббота",
    "StartTime": "2024-03-04T11:50:00",
    "EndTime": "2024-03-04T13:20:00",
    "WeekType": "Верхняя неделя",
    "Classroom": "У каф.ФВ",
    "Group": "3370",
    "Subject": "Физическая культура и спорт (элективная)",
    "InstructorName": "",
    "InstructorLink": ""
  },
  {
    "DayOfWeek": "Суббота",
    "StartTime": "2024-03-04T14:00:00",
    "EndTime": "2024-03-04T15:30:00",
    "WeekType": "Верхняя неделя",
    "Classroom": "У 167",
    "Group": "3370",
    "Subject": "Безопасность жизнедеятельности",
    "InstructorName": "Бокатов Антон Юрьевич",
    "InstructorLink": "https://www.smtu.ru/ru/viewperson/100134/"
  },
  {
    "DayOfWeek": "Суббота",
    "StartTime": "2024-03-04T15:40:00",
    "EndTime": "2024-03-04T17:10:00",
    "WeekType": "Верхняя неделя",
    "Classroom": "У 319",
    "Group": "3370",
    "Subject": "Микропроцессорные системы",
    "InstructorName": "Епифанцев Игнат Романович",
    "InstructorLink": "https://www.smtu.ru/ru/viewperson/108038/"
  },
  {
    "DayOfWeek": "Суббота",
    "StartTime": "2024-03-04T17:20:00",
    "EndTime": "2024-03-04T18:50:00",
    "WeekType": "Верхняя неделя",
    "Classroom": "У 319",
    "Group": "3370",
    "Subject": "Микропроцессорные системы",
    "InstructorName": "Епифанцев Игнат Романович",
    "InstructorLink": "https://www.smtu.ru/ru/viewperson/108038/"
  }
]