[
  {
    "DayOfWeek": "Понедельник",
    "StartTime": "2024-03-04T08:30:00",
    "EndTime": "2024-03-04T10:00:00",
    "WeekType": "Обе недели",
    "Classroom": "Г 312",
    "Group": "3380",
    "Subject": "Экономика",
    "InstructorName": "Малышев Евгений Анатольевич",
    "InstructorLink": "https://www.smtu.ru/ru/viewperson/127500/"
  },
  {
    "DayOfWeek": "Понедельник",
    "StartTime": "2024-03-04T10:10:00",
    "EndTime": "2024-03-04T11:40:00",
    "WeekType": "Обе недели",
    "Classroom": "Г 312",
    "Group": "3380",
    "Subject": "Экономика",
    "InstructorName": "Малышев Евгений Анатольевич",
    "InstructorLink": "https://www.smtu.ru/ru/viewperson/127500/"
  },
  {
    "DayOfWeek": "Понедельник",
    "StartTime": "2024-03-04T14:00:00",
    "EndTime": "2024-03-04T15:30:00",
    "WeekType": "Обе недели",
    "Classroom": "У каф.ФВ",
    "Group": "3380",
    "Subject": "Физическая культура и спорт (элективная)",
    "InstructorName": "",
    "InstructorLink": ""
  },
  {
    "DayOfWeek": "Вторник",
    "StartTime": "2024-03-04T10:10:00",
    "EndTime": "2024-03-04T11:40:00",
    "WeekType": "Обе недели",
    "Classroom": "У каф.ФВ",
    "Group": "3380",
    "Subject": "Физическая культура и спорт (элективная)",
    "InstructorName": "",
    "InstructorLink": ""
  },
  {
    "DayOfWeek": "Вторник",
    "StartTime": "2024-03-04T14:00:00",
    "EndTime": "2024-03-04T15:30:00",
    "WeekType": "Нижняя неделя",
    "Classroom": "Г 420",
    "Group": "3380",
    "Subject": "Микропроцессорная техника в мехатронике и робототехнике",
    "InstructorName": "Коротицкий Евгений Викторович",
    "InstructorLink": ""
  },
  {
    "DayOfWeek": "Вторник",
    "StartTime": "2024-03-04T15:40:00",
    "EndTime": "2024-03-04T17:10:00",
    "WeekType": "Обе недели",
    "Classroom": "Г 520",
    "Group": "3380",
    "Subject": "Микропроцессорная техника в мехатронике и робототехнике",
    "InstructorName": "Коротицкий Евгений Викторович",
    "InstructorLink": ""
  },
  {
    "DayOfWeek": "Вторник",
    "StartTime": "2024-03-04T17:20:00",
    "EndTime": "2024-03-04T18:50:00",
    "WeekType": "Верхняя неделя",
    "Classroom": "Г 520",
    "Group": "3380",
    "Subject": "Микропроцессорная техника в мехатронике и робототехнике",
    "InstructorName": "Коротицкий Евгений Викторович",
    "InstructorLink": ""
  },
  {
    "DayOfWeek": "Вторник",
    "StartTime": "2024-03-04T17:20:00",
    "EndTime": "2024-03-04T18:50:00",
    "WeekType": "Нижняя неделя",
    "Classroom": "Г 420",
    "Group": "3380",
    "Subject": "Микропроцессорная техника в мехатронике и робототехнике",
    "InstructorName": "Коротицкий Евгений Викторович",
    "InstructorLink": ""
  },
  {
    "DayOfWeek": "Среда",
    "StartTime": "2024-03-04T10:10:00",
    "EndTime": "2024-03-04T11:40:00",
    "WeekType": "Нижняя неделя",
    "Classroom": "Г 425",
    "Group": "3380",
    "Subject": "Первичные преобразователи информации",
    "InstructorName": "Махов Владимир Иванович",
    "InstructorLink": "https://www.smtu.ru/ru/viewperson/100742/"
  },
  {
    "DayOfWeek": "Среда",
    "StartTime": "2024-03-04T11:50:00",
    "EndTime": "2024-03-04T13:20:00",
    "WeekType": "Обе недели",
    "Classroom": "Г 425",
    "Group": "3380",
    "Subject": "Первичные преобразователи информации",
    "InstructorName": "Махов Владимир Иванович",
    "InstructorLink": "https://www.smtu.ru/ru/viewperson/100742/"
  },
  {
    "DayOfWeek": "Среда",
    "StartTime": "2024-03-04T14:00:00",
    "EndTime": "2024-03-04T15:30:00",
    "WeekType": "Обе недели",
    "Classroom": "Г 520",
    "Group": "3380",
    "Subject": "Физические поля в морской среде",
    "InstructorName": "Огурцов Юрий Петрович",
    "InstructorLink": "https://www.smtu.ru/ru/viewperson/100838/"
  },
  {
    "DayOfWeek": "Среда",
    "StartTime": "2024-03-04T15:40:00",
    "EndTime": "2024-03-04T17:10:00",
    "WeekType": "Верхняя неделя",
    "Classroom": "Г 306",
    "Group": "3380",
    "Subject": "Физические поля в морской среде",
    "InstructorName": "Огурцов Юрий Петрович",
    "InstructorLink": "https://www.smtu.ru/ru/viewperson/100838/"
  },
  {
    "DayOfWeek": "Среда",
    "StartTime": "2024-03-04T15:40:00",
    "EndTime": "2024-03-04T17:10:00",
    "WeekType": "Нижняя неделя",
    "Classroom": "Г 306",
    "Group": "3380",
    "Subject": "Физические поля в морской среде",
    "InstructorName": "Огурцов Юрий Петрович",
    "InstructorLink": "https://www.smtu.ru/ru/viewperson/100838/"
  },
  {
    "DayOfWeek": "Среда",
    "StartTime": "2024-03-04T17:20:00",
    "EndTime": "2024-03-04T18:50:00",
    "WeekType": "Верхняя неделя",
    "Classroom": "Г 420",
    "Group": "3380",
    "Subject": "Теория информации и сигналов",
    "InstructorName": "Костин Максим Юрьевич",
    "InstructorLink": ""
  },
  {
    "DayOfWeek": "Четверг",
    "StartTime": "2024-03-04T11:50:00",
    "EndTime": "2024-03-04T13:20:00",
    "WeekType": "Верхняя неделя",
    "Classroom": "Г 125",
    "Group": "3380",
    "Subject": "Первичные преобразователи информации",
    "InstructorName": "Огурцов Юрий Петрович",
    "InstructorLink": "https://www.smtu.ru/ru/viewperson/100838/"
  },
  {
    "DayOfWeek": "Четверг",
    "StartTime": "2024-03-04T14:00:00",
    "EndTime": "2024-03-04T15:30:00",
    "WeekType": "Обе недели",
    "Classroom": "Г 520",
    "Group": "3380",
    "Subject": "Цифровая обработка информации",
    "InstructorName": "Сетин Александр Иванович",
    "InstructorLink": "https://www.smtu.ru/ru/viewperson/101069/"
  },
  {
    "DayOfWeek": "Четверг",
    "StartTime": "2024-03-04T15:40:00",
    "EndTime": "2024-03-04T17:10:00",
    "WeekType": "Верхняя неделя",
    "Classroom": "Г 520",
    "Group": "3380",
    "Subject": "Цифровая обработка информации",
    "InstructorName": "Сетин Александр Иванович",
    "InstructorLink": "https://www.smtu.ru/ru/viewperson/101069/"
  },
  {
    "DayOfWeek": "Четверг",
    "StartTime": "2024-03-04T15:40:00",
    "EndTime": "2024-03-04T17:10:00",
    "WeekType": "Нижняя неделя",
    "Classroom": "Г 315",
    "Group": "3380",
    "Subject": "Цифровая обработка информации",
    "InstructorName": "Сетин Александр Иванович",
    "InstructorLink": "https://www.smtu.ru/ru/viewperson/101069/"
  },
  {
    "DayOfWeek": "Четверг",
    "StartTime": "2024-03-04T17:20:00",
    "EndTime": "2024-03-04T18:50:00",
    "WeekType": "Обе недели",
    "Classroom": "Г 315",
    "Group": "3380",
    "Subject": "Цифровая обработка информации",
    "InstructorName": "Сетин Александр Иванович",
    "InstructorLink": "https://www.smtu.ru/ru/viewperson/101069/"
  },
  {
    "DayOfWeek": "Суббота",
    "StartTime": "2024-03-04T08:30:00",
    "EndTime": "2024-03-04T10:00:00",
    "WeekType": "Верхняя неделя",
    "Classroom": "Г 315",
    "Group": "3380",
    "Subject": "Теория информации и сигналов",
    "InstructorName": "Шилина Екатерина Сергеевна",
    "InstructorLink": ""
  },
  {
    "DayOfWeek": "Суббота",
    "StartTime": "2024-03-04T08:30:00",
    "EndTime": "2024-03-04T10:00:00",
    "WeekType": "Нижняя неделя",
    "Classroom": "Г 312",
    "Group": "3380",
    "Subject": "Теория информации и сигналов",
    "InstructorName": "Шилина Екатерина Сергеевна",
    "InstructorLink": ""
  },
  {
    "DayOfWeek": "Суббота",
    "StartTime": "2024-03-04T10:10:00",
    "EndTime": "2024-03-04T11:40:00",
    "WeekType": "Обе недели",
    "Classroom": "Г 312",
    "Group": "3380",
    "Subject": "Теория информации и сигналов",
    "InstructorName": "Шилина Екатерина Сергеевна",
    "InstructorLink": ""
  },
  {
    "DayOfWeek": "Суббота",
    "StartTime": "2024-03-04T14:00:00",
    "EndTime": "2024-03-04T15:30:00",
    "WeekType": "Верхняя неделя",
    "Classroom": "У 167",
    "Group": "3380",
    "Subject": "Безопасность жизнедеятельности",
    "InstructorName": "Бокатов Антон Юрьевич",
    "InstructorLink": "https://www.smtu.ru/ru/viewperson/100134/"
  },
  {
    "DayOfWeek": "Суббота",
    "StartTime": "2024-03-04T14:00:00",
    "EndTime": "2024-03-04T15:30:00",
    "WeekType": "Нижняя неделя",
    "Classroom": "У 534",
    "Group": "3380",
    "Subject": "Безопасность жизнедеятельности",
    "InstructorName": "Бокатов Антон Юрьевич",
    "InstructorLink": "https://www.smtu.ru/ru/viewperson/100134/"
  },
  {
    "DayOfWeek": "Суббота",
    "StartTime": "2024-03-04T15:40:00",
    "EndTime": "2024-03-04T17:10:00",
    "WeekType": "Верхняя неделя",
    "Classroom": "У 410",
    "Group": "3380",
    "Subject": "Безопасность жизнедеятельности",
    "InstructorName": "Бокатов Антон Юрьевич",
    "InstructorLink": "https://www.smtu.ru/ru/viewperson/100134/"
  },
  {
    "DayOfWeek": "Суббота",
    "StartTime": "2024-03-04T15:40:00",
    "EndTime": "2024-03-04T17:10:00",
    "WeekType": "Нижняя неделя",
    "Classroom": "У 534",
    "Group": "3380",
    "Subject": "Безопасность жизнедеятельности",
    "InstructorName": "Бокатов Антон Юрьевич",
    "InstructorLink": "https://www.smtu.ru/ru/viewperson/100134/"
  }
]