[
  {
    "DayOfWeek": "Понедельник",
    "StartTime": "2024-03-04T10:10:00",
    "EndTime": "2024-03-04T11:40:00",
    "WeekType": "Обе недели",
    "Classroom": "Г 312",
    "Group": "3390",
    "Subject": "Экономика",
    "InstructorName": "Малышев Евгений Анатольевич",
    "InstructorLink": "https://www.smtu.ru/ru/viewperson/127500/"
  },
  {
    "DayOfWeek": "Понедельник",
    "StartTime": "2024-03-04T14:00:00",
    "EndTime": "2024-03-04T15:30:00",
    "WeekType": "Обе недели",
    "Classroom": "У каф.ФВ",
    "Group": "3390",
    "Subject": "Физическая культура и спорт (элективная)",
    "InstructorName": "",
    "InstructorLink": ""
  },
  {
    "DayOfWeek": "Вторник",
    "StartTime": "2024-03-04T11:50:00",
    "EndTime": "2024-03-04T13:20:00",
    "WeekType": "Верхняя неделя",
    "Classroom": "Г 408",
    "Group": "3390",
    "Subject": "Робототехнические системы",
    "InstructorName": "Гальцов Герман Александрович",
    "InstructorLink": ""
  },
  {
    "DayOfWeek": "Вторник",
    "StartTime": "2024-03-04T14:00:00",
    "EndTime": "2024-03-04T15:30:00",
    "WeekType": "Обе недели",
    "Classroom": "Г 408",
    "Group": "3390",
    "Subject": "Робототехнические системы",
    "InstructorName": "Сакович Сергей Юрьевич",
    "InstructorLink": "https://www.smtu.ru/ru/viewperson/101024/"
  },
  {
    "DayOfWeek": "Вторник",
    "StartTime": "2024-03-04T15:40:00",
    "EndTime": "2024-03-04T17:10:00",
    "WeekType": "Верхняя неделя",
    "Classroom": "Г 425",
    "Group": "3390",
    "Subject": "Теория и проектирование морских компьютерных систем",
    "InstructorName": "Ясинская Юлия Владимировна",
    "InstructorLink": ""
  },
  {
    "DayOfWeek": "Вторник",
    "StartTime": "2024-03-04T15:40:00",
    "EndTime": "2024-03-04T17:10:00",
    "WeekType": "Нижняя неделя",
    "Classroom": "Г 408",
    "Group": "3390",
    "Subject": "Робототехнические системы",
    "InstructorName": "Гальцов Герман Александрович",
    "InstructorLink": ""
  },
  {
    "DayOfWeek": "Вторник",
    "StartTime": "2024-03-04T17:20:00",
    "EndTime": "2024-03-04T18:50:00",
    "WeekType": "Обе недели",
    "Classroom": "Г 426",
    "Group": "3390",
    "Subject": "Теория и проектирование морских компьютерных систем",
    "InstructorName": "Ясинская Юлия Владимировна",
    "InstructorLink": ""
  },
  {
    "DayOfWeek": "Среда",
    "StartTime": "2024-03-04T08:30:00",
    "EndTime": "2024-03-04T10:00:00",
    "WeekType": "Обе недели",
    "Classroom": "Г 323",
    "Group": "3390",
    "Subject": "Технология создания морской техники",
    "InstructorName": "Пантелеева Екатерина Игоревна",
    "InstructorLink": "https://www.smtu.ru/ru/viewperson/123122/"
  },
  {
    "DayOfWeek": "Среда",
    "StartTime": "2024-03-04T10:10:00",
    "EndTime": "2024-03-04T11:40:00",
    "WeekType": "Обе недели",
    "Classroom": "Г 317",
    "Group": "3390",
    "Subject": "Технология создания морской техники",
    "InstructorName": "Пантелеева Екатерина Игоревна",
    "InstructorLink": "https://www.smtu.ru/ru/viewperson/123122/"
  },
  {
    "DayOfWeek": "Среда",
    "StartTime": "2024-03-04T11:50:00",
    "EndTime": "2024-03-04T13:20:00",
    "WeekType": "Обе недели",
    "Classroom": "Г 512",
    "Group": "3390",
    "Subject": "Объекты морской техники (С)",
    "InstructorName": "Рычков Василий Михайлович",
    "InstructorLink": "https://www.smtu.ru/ru/viewperson/122751/"
  },
  {
    "DayOfWeek": "Среда",
    "StartTime": "2024-03-04T14:00:00",
    "EndTime": "2024-03-04T15:30:00",
    "WeekType": "Обе недели",
    "Classroom": "Г лаб.12",
    "Group": "3390",
    "Subject": "Объекты морской техники (С)",
    "InstructorName": "Рычков Василий Михайлович",
    "InstructorLink": "https://www.smtu.ru/ru/viewperson/122751/"
  },
  {
    "DayOfWeek": "Среда",
    "StartTime": "2024-03-04T15:40:00",
    "EndTime": "2024-03-04T17:10:00",
    "WeekType": "Верхняя неделя",
    "Classroom": "Г лаб.12",
    "Group": "3390",
    "Subject": "Объекты морской техники (С)",
    "InstructorName": "Рычков Василий Михайлович",
    "InstructorLink": "https://www.smtu.ru/ru/viewperson/122751/"
  },
  {
    "DayOfWeek": "Четверг",
    "StartTime": "2024-03-04T08:30:00",
    "EndTime": "2024-03-04T10:00:00",
    "WeekType": "Обе недели",
    "Classroom": "Г 216",
    "Group": "3390",
    "Subject": "Военная подготовка (офицеры запаса)",
    "InstructorName": "",
    "InstructorLink": ""
  },
  {
    "DayOfWeek": "Четверг",
    "StartTime": "2024-03-04T10:10:00",
    "EndTime": "2024-03-04T11:40:00",
    "WeekType": "Обе недели",
    "Classroom": "Г 216",
    "Group": "3390",
    "Subject": "Военная подготовка (офицеры запаса)",
    "InstructorName": "",
    "InstructorLink": ""
  },
  {
    "DayOfWeek": "Четверг",
    "StartTime": "2024-03-04T11:50:00",
    "EndTime": "2024-03-04T13:20:00",
    "WeekType": "Обе недели",
    "Classroom": "Г 216",
    "Group": "3390",
    "Subject": "Военная подготовка (офицеры запаса)",
    "InstructorName": "",
    "InstructorLink": ""
  },
  {
    "DayOfWeek": "Пятница",
    "StartTime": "2024-03-04T10:10:00",
    "EndTime": "2024-03-04T11:40:00",
    "WeekType": "Верхняя неделя",
    "Classroom": "Г 407",
    "Group": "3390",
    "Subject": "Основы автоматизированного проектирования морской техники",
    "InstructorName": "Барашкова Елена Евгеньевна",
    "InstructorLink": "https://www.smtu.ru/ru/viewperson/100076/"
  },
  {
    "DayOfWeek": "Пятница",
    "StartTime": "2024-03-04T10:10:00",
    "EndTime": "2024-03-04T11:40:00",
    "WeekType": "Нижняя неделя",
    "Classroom": "Г 407",
    "Group": "3390",
    "Subject": "Основы автоматизированного проектирования морской техники",
    "InstructorName": "Барашкова Елена Евгеньевна",
    "InstructorLink": "https://www.smtu.ru/ru/viewperson/100076/"
  },
  {
    "DayOfWeek": "Пятница",
    "StartTime": "2024-03-04T11:50:00",
    "EndTime": "2024-03-04T13:20:00",
    "WeekType": "Обе недели",
    "Classroom": "Г 407",
    "Group": "3390",
    "Subject": "Основы автоматизированного проектирования морской техники",
    "InstructorName": "Барашкова Елена Евгеньевна",
    "InstructorLink": "https://www.smtu.ru/ru/viewperson/100076/"
  },
  {
    "DayOfWeek": "Пятница",
    "StartTime": "2024-03-04T14:00:00",
    "EndTime": "2024-03-04T15:30:00",
    "WeekType": "Обе недели",
    "Classroom": "Г 312",
    "Group": "3390",
    "Subject": "Экономика",
    "InstructorName": "Малышев Евгений Анатольевич",
    "InstructorLink": "https://www.smtu.ru/ru/viewperson/127500/"
  },
  {
    "DayOfWeek": "Суббота",
    "StartTime": "2024-03-04T08:30:00",
    "EndTime": "2024-03-04T10:00:00",
    "WeekType": "Обе недели",
    "Classroom": "У каф.ФВ",
    "Group": "3390",
    "Subject": "Физическая культура и спорт (элективная)",
    "InstructorName": "",
    "InstructorLink": ""
  },
  {
    "DayOfWeek": "Суббота",
    "StartTime": "2024-03-04T10:10:00",
    "EndTime": "2024-03-04T11:40:00",
    "WeekType": "Верхняя неделя",
    "Classroom": "У 316",
    "Group": "3390",
    "Subject": "Управление качеством, стандартизация, сертификация",
    "InstructorName": "Царева Полина Евгеньевна",
    "InstructorLink": ""
  },
  {
    "DayOfWeek": "Суббота",
    "StartTime": "2024-03-04T10:10:00",
    "EndTime": "2024-03-04T11:40:00",
    "WeekType": "Нижняя неделя",
    "Classroom": "У 410",
    "Group": "3390",
    "Subject": "Безопасность жизнедеятельности",
    "InstructorName": "Бокатов Антон Юрьевич",
    "InstructorLink": "https://www.smtu.ru/ru/viewperson/100134/"
  },
  {
    "DayOfWeek": "Суббота",
    "StartTime": "2024-03-04T11:50:00",
    "EndTime": "2024-03-04T13:20:00",
    "WeekType": "Верхняя неделя",
    "Classroom": "У 316",
    "Group": "3390",
    "Subject": "Управление качеством, стандартизация, сертификация",
    "InstructorName": "Царева Полина Евгеньевна",
    "InstructorLink": ""
  },
  {
    "DayOfWeek": "Суббота",
    "StartTime": "2024-03-04T11:50:00",
    "EndTime": "2024-03-04T13:20:00",
    "WeekType": "Нижняя неделя",
    "Classroom": "У 534",
    "Group": "3390",
    "Subject": "Безопасность жизнедеятельности",
    "InstructorName": "Бокатов Антон Юрьевич",
    "InstructorLink": "https://www.smtu.ru/ru/viewperson/100134/"
  },
  {
    "DayOfWeek": "Суббота",
    "StartTime": "2024-03-04T14:00:00",
    "EndTime": "2024-03-04T15:30:00",
    "WeekType": "Верхняя неделя",
    "Classroom": "У 167",
    "Group": "3390",
    "Subject": "Безопасность жизнедеятельности",
    "InstructorName": "Бокатов Антон Юрьевич",
    "InstructorLink": "https://www.smtu.ru/ru/viewperson/100134/"
  }
]