[
  {
    "DayOfWeek": "Понедельник",
    "StartTime": "2024-03-04T10:10:00",
    "EndTime": "2024-03-04T11:40:00",
    "WeekType": "Обе недели",
    "Classroom": "Г 306",
    "Group": "3400",
    "Subject": "Основы проектирования каналов морских информационных систем",
    "InstructorName": "Егоров Станислав Борисович",
    "InstructorLink": ""
  },
  {
    "DayOfWeek": "Понедельник",
    "StartTime": "2024-03-04T11:50:00",
    "EndTime": "2024-03-04T13:20:00",
    "WeekType": "Обе недели",
    "Classroom": "Г 306",
    "Group": "3400",
    "Subject": "Основы проектирования каналов морских информационных систем",
    "InstructorName": "Егоров Станислав Борисович",
    "InstructorLink": ""
  },
  {
    "DayOfWeek": "Понедельник",
    "StartTime": "2024-03-04T14:00:00",
    "EndTime": "2024-03-04T15:30:00",
    "WeekType": "Обе недели",
    "Classroom": "Г 512",
    "Group": "3400",
    "Subject": "Информационные системы подводной морской техники (С)",
    "InstructorName": "Шилин Михаил Михайлович",
    "InstructorLink": ""
  },
  {
    "DayOfWeek": "Понедельник",
    "StartTime": "2024-03-04T15:40:00",
    "EndTime": "2024-03-04T17:10:00",
    "WeekType": "Обе недели",
    "Classroom": "Г 512",
    "Group": "3400",
    "Subject": "Информационные системы подводной морской техники (С)",
    "InstructorName": "Шилин Михаил Михайлович",
    "InstructorLink": ""
  },
  {
    "DayOfWeek": "Вторник",
    "StartTime": "2024-03-04T11:50:00",
    "EndTime": "2024-03-04T13:20:00",
    "WeekType": "Обе недели",
    "Classroom": "Г 520",
    "Group": "3400",
    "Subject": "Техника цифровой обработки сигналов",
    "InstructorName": "Сетин Александр Иванович",
    "InstructorLink": "https://www.smtu.ru/ru/viewperson/101069/"
  },
  {
    "DayOfWeek": "Вторник",
    "StartTime": "2024-03-04T14:00:00",
    "EndTime": "2024-03-04T15:30:00",
    "WeekType": "Обе недели",
    "Classroom": "Г 315",
    "Group": "3400",
    "Subject": "Техника цифровой обработки сигналов",
    "InstructorName": "Сетин Александр Иванович",
    "InstructorLink": "https://www.smtu.ru/ru/viewperson/101069/"
  },
  {
    "DayOfWeek": "Вторник",
    "StartTime": "2024-03-04T15:40:00",
    "EndTime": "2024-03-04T17:10:00",
    "WeekType": "Обе недели",
    "Classroom": "Г 315",
    "Group": "3400",
    "Subject": "Техника цифровой обработки сигналов",
    "InstructorName": "Сетин Александр Иванович",
    "InstructorLink": "https://www.smtu.ru/ru/viewperson/101069/"
  },
  {
    "DayOfWeek": "Среда",
    "StartTime": "2024-03-04T10:10:00",
    "EndTime": "2024-03-04T11:40:00",
    "WeekType": "Обе недели",
    "Classroom": "Г 306",
    "Group": "3400",
    "Subject": "Основы проектирования каналов морских информационных систем",
    "InstructorName": "Егоров Станислав Борисович",
    "InstructorLink": ""
  },
  {
    "DayOfWeek": "Среда",
    "StartTime": "2024-03-04T11:50:00",
    "EndTime": "2024-03-04T13:20:00",
    "WeekType": "Обе недели",
    "Classroom": "Г 418",
    "Group": "3400",
    "Subject": "Основы проектирования каналов морских информационных систем",
    "InstructorName": "Кузьменко Александр Владимирович",
    "InstructorLink": ""
  },
  {
    "DayOfWeek": "Среда",
    "StartTime": "2024-03-04T14:00:00",
    "EndTime": "2024-03-04T15:30:00",
    "WeekType": "Обе недели",
    "Classroom": "Г 418",
    "Group": "3400",
    "Subject": "Основы проектирования каналов морских информационных систем",
    "InstructorName": "Кузьменко Александр Владимирович",
    "InstructorLink": ""
  },
  {
    "DayOfWeek": "Среда",
    "StartTime": "2024-03-04T15:40:00",
    "EndTime": "2024-03-04T17:10:00",
    "WeekType": "Обе недели",
    "Classroom": "Г 520",
    "Group": "3400",
    "Subject": "Техника цифровой обработки сигналов",
    "InstructorName": "Сетин Александр Иванович",
    "InstructorLink": "https://www.smtu.ru/ru/viewperson/101069/"
  },
  {
    "DayOfWeek": "Пятница",
    "StartTime": "2024-03-04T11:50:00",
    "EndTime": "2024-03-04T13:20:00",
    "WeekType": "Обе недели",
    "Classroom": "Г 205",
    "Group": "3400",
    "Subject": "Моделирование морских информационных систем",
    "InstructorName": "Коротицкий Евгений Викторович",
    "InstructorLink": ""
  },
  {
    "DayOfWeek": "Пятница",
    "StartTime": "2024-03-04T14:00:00",
    "EndTime": "2024-03-04T15:30:00",
    "WeekType": "Обе недели",
    "Classroom": "Г 205",
    "Group": "3400",
    "Subject": "Моделирование морских информационных систем",
    "InstructorName": "Коротицкий Евгений Викторович",
    "InstructorLink": ""
  },
  {
    "DayOfWeek": "Пятница",
    "StartTime": "2024-03-04T15:40:00",
    "EndTime": "2024-03-04T17:10:00",
    "WeekType": "Обе недели",
    "Classroom": "Г 205",
    "Group": "3400",
    "Subject": "Моделирование морских информационных систем",
    "InstructorName": "Коротицкий Евгений Викторович",
    "InstructorLink": ""
  },
  {
    "DayOfWeek": "Пятница",
    "StartTime": "2024-03-04T17:20:00",
    "EndTime": "2024-03-04T18:50:00",
    "WeekType": "Обе недели",
    "Classroom": "Г 205",
    "Group": "3400",
    "Subject": "Моделирование морских информационных систем",
    "InstructorName": "Коротицкий Евгений Викторович",
    "InstructorLink": ""
  }
]