[
  {
    "DayOfWeek": "Понедельник",
    "StartTime": "2024-03-04T11:50:00",
    "EndTime": "2024-03-04T13:20:00",
    "WeekType": "Обе недели",
    "Classroom": "Г 508",
    "Group": "3426",
    "Subject": "Проектирование минно-ракетных комплексов",
    "InstructorName": "Салимова Наргиз Алибековна",
    "InstructorLink": "https://www.smtu.ru/ru/viewperson/101026/"
  },
  {
    "DayOfWeek": "Понедельник",
    "StartTime": "2024-03-04T14:00:00",
    "EndTime": "2024-03-04T15:30:00",
    "WeekType": "Обе недели",
    "Classroom": "Г 415",
    "Group": "3426",
    "Subject": "Системы приводнения (С)",
    "InstructorName": "Салимова Наргиз Алибековна",
    "InstructorLink": "https://www.smtu.ru/ru/viewperson/101026/"
  },
  {
    "DayOfWeek": "Вторник",
    "StartTime": "2024-03-04T08:30:00",
    "EndTime": "2024-03-04T10:00:00",
    "WeekType": "Обе недели",
    "Classroom": "Г 312",
    "Group": "3426",
    "Subject": "Системы навигации и управления движения самоходных подводных аппаратов и роботов",
    "InstructorName": "Евдокимов Павел Андреевич",
    "InstructorLink": "https://www.smtu.ru/ru/viewperson/100358/"
  },
  {
    "DayOfWeek": "Вторник",
    "StartTime": "2024-03-04T10:10:00",
    "EndTime": "2024-03-04T11:40:00",
    "WeekType": "Обе недели",
    "Classroom": "Г 312",
    "Group": "3426",
    "Subject": "Системы навигации и управления движения самоходных подводных аппаратов и роботов",
    "InstructorName": "Евдокимов Павел Андреевич",
    "InstructorLink": "https://www.smtu.ru/ru/viewperson/100358/"
  },
  {
    "DayOfWeek": "Вторник",
    "StartTime": "2024-03-04T11:50:00",
    "EndTime": "2024-03-04T13:20:00",
    "WeekType": "Верхняя неделя",
    "Classroom": "Г 312",
    "Group": "3426",
    "Subject": "Системы навигации и управления движения самоходных подводных аппаратов и роботов",
    "InstructorName": "Евдокимов Павел Андреевич",
    "InstructorLink": "https://www.smtu.ru/ru/viewperson/100358/"
  },
  {
    "DayOfWeek": "Среда",
    "StartTime": "2024-03-04T11:50:00",
    "EndTime": "2024-03-04T13:20:00",
    "WeekType": "Нижняя неделя",
    "Classroom": "Г 208",
    "Group": "3426",
    "Subject": "Планирование эксперимента",
    "InstructorName": "Потапов Андрей Анатольевич",
    "InstructorLink": ""
  },
  {
    "DayOfWeek": "Среда",
    "StartTime": "2024-03-04T14:00:00",
    "EndTime": "2024-03-04T15:30:00",
    "WeekType": "Верхняя неделя",
    "Classroom": "У 514",
    "Group": "3426",
    "Subject": "Правоведение",
    "InstructorName": "Ладыка Сергей Иванович",
    "InstructorLink": "https://www.smtu.ru/ru/viewperson/100652/"
  },
  {
    "DayOfWeek": "Среда",
    "StartTime": "2024-03-04T14:00:00",
    "EndTime": "2024-03-04T15:30:00",
    "WeekType": "Нижняя неделя",
    "Classroom": "Г 207",
    "Group": "3426",
    "Subject": "Планирование эксперимента",
    "InstructorName": "Потапов Андрей Анатольевич",
    "InstructorLink": ""
  },
  {
    "DayOfWeek": "Среда",
    "StartTime": "2024-03-04T15:40:00",
    "EndTime": "2024-03-04T17:10:00",
    "WeekType": "Верхняя неделя",
    "Classroom": "У 165",
    "Group": "3426",
    "Subject": "Правоведение",
    "InstructorName": "Ладыка Сергей Иванович",
    "InstructorLink": "https://www.smtu.ru/ru/viewperson/100652/"
  },
  {
    "DayOfWeek": "Среда",
    "StartTime": "2024-03-04T15:40:00",
    "EndTime": "2024-03-04T17:10:00",
    "WeekType": "Нижняя неделя",
    "Classroom": "Г 414",
    "Group": "3426",
    "Subject": "Движительные комплексы самоходных подводных аппаратов",
    "InstructorName": "Захаров Станислав Андреевич",
    "InstructorLink": ""
  },
  {
    "DayOfWeek": "Среда",
    "StartTime": "2024-03-04T17:20:00",
    "EndTime": "2024-03-04T18:50:00",
    "WeekType": "Нижняя неделя",
    "Classroom": "Г 414",
    "Group": "3426",
    "Subject": "Движительные комплексы самоходных подводных аппаратов",
    "InstructorName": "Захаров Станислав Андреевич",
    "InstructorLink": ""
  },
  {
    "DayOfWeek": "Четверг",
    "StartTime": "2024-03-04T14:00:00",
    "EndTime": "2024-03-04T15:30:00",
    "WeekType": "Обе недели",
    "Classroom": "Г 512",
    "Group": "3426",
    "Subject": "Системы приводнения (С)",
    "InstructorName": "Салимова Наргиз Алибековна",
    "InstructorLink": "https://www.smtu.ru/ru/viewperson/101026/"
  },
  {
    "DayOfWeek": "Четверг",
    "StartTime": "2024-03-04T15:40:00",
    "EndTime": "2024-03-04T17:10:00",
    "WeekType": "Обе недели",
    "Classroom": "Г 312",
    "Group": "3426",
    "Subject": "Проектирование минно-ракетных комплексов",
    "InstructorName": "Салимова Наргиз Алибековна",
    "InstructorLink": "https://www.smtu.ru/ru/viewperson/101026/"
  },
  {
    "DayOfWeek": "Четверг",
    "StartTime": "2024-03-04T17:20:00",
    "EndTime": "2024-03-04T18:50:00",
    "WeekType": "Обе недели",
    "Classroom": "Г 208",
    "Group": "3426",
    "Subject": "Планирование эксперимента",
    "InstructorName": "Потапов Андрей Анатольевич",
    "InstructorLink": ""
  },
  {
    "DayOfWeek": "Пятница",
    "StartTime": "2024-03-04T10:10:00",
    "EndTime": "2024-03-04T11:40:00",
    "WeekType": "Верхняя неделя",
    "Classroom": "Г 312",
    "Group": "3426",
    "Subject": "Движительные комплексы самоходных подводных аппаратов",
    "InstructorName": "Захаров Станислав Андреевич",
    "InstructorLink": ""
  },
  {
    "DayOfWeek": "Пятница",
    "StartTime": "2024-03-04T10:10:00",
    "EndTime": "2024-03-04T11:40:00",
    "WeekType": "Нижняя неделя",
    "Classroom": "Г 415",
    "Group": "3426",
    "Subject": "Конструкции позиционных подводных аппаратов (С)",
    "InstructorName": "Солодко Алексей Вячеславович",
    "InstructorLink": "https://www.smtu.ru/ru/viewperson/107946/"
  },
  {
    "DayOfWeek": "Пятница",
    "StartTime": "2024-03-04T11:50:00",
    "EndTime": "2024-03-04T13:20:00",
    "WeekType": "Верхняя неделя",
    "Classroom": "Г 512",
    "Group": "3426",
    "Subject": "Конструкции позиционных подводных аппаратов (С)",
    "InstructorName": "Солодко Алексей Вячеславович",
    "InstructorLink": "https://www.smtu.ru/ru/viewperson/107946/"
  },
  {
    "DayOfWeek": "Пятница",
    "StartTime": "2024-03-04T11:50:00",
    "EndTime": "2024-03-04T13:20:00",
    "WeekType": "Нижняя неделя",
    "Classroom": "Г 415",
    "Group": "3426",
    "Subject": "Конструкции позиционных подводных аппаратов (С)",
    "InstructorName": "Солодко Алексей Вячеславович",
    "InstructorLink": "https://www.smtu.ru/ru/viewperson/107946/"
  },
  {
    "DayOfWeek": "Пятница",
    "StartTime": "2024-03-04T14:00:00",
    "EndTime": "2024-03-04T15:30:00",
    "WeekType": "Верхняя неделя",
    "Classroom": "Г 512",
    "Group": "3426",
    "Subject": "Конструкции позиционных подводных аппаратов (С)",
    "InstructorName": "Солодко Алексей Вячеславович",
    "InstructorLink": "https://www.smtu.ru/ru/viewperson/107946/"
  },
  {
    "DayOfWeek": "Пятница",
    "StartTime": "2024-03-04T14:00:00",
    "EndTime": "2024-03-04T15:30:00",
    "WeekType": "Нижняя неделя",
    "Classroom": "Г 415",
    "Group": "3426",
    "Subject": "Конструкции позиционных подводных аппаратов (С)",
    "InstructorName": "Солодко Алексей Вячеславович",
    "InstructorLink": "https://www.smtu.ru/ru/viewperson/107946/"
  },
  {
    "DayOfWeek": "Суббота",
    "StartTime": "2024-03-04T11:50:00",
    "EndTime": "2024-03-04T13:20:00",
    "WeekType": "Верхняя неделя",
    "Classroom": "У 209ю",
    "Group": "3426",
    "Subject": "Экология",
    "InstructorName": "Чихонадских Елена Александровна",
    "InstructorLink": "https://www.smtu.ru/ru/viewperson/101326/"
  },
  {
    "DayOfWeek": "Суббота",
    "StartTime": "2024-03-04T14:00:00",
    "EndTime": "2024-03-04T15:30:00",
    "WeekType": "Верхняя неделя",
    "Classroom": "У 101",
    "Group": "3426",
    "Subject": "Экология",
    "InstructorName": "Чихонадских Елена Александровна",
    "InstructorLink": "https://www.smtu.ru/ru/viewperson/101326/"
  }
]