[
  {
    "DayOfWeek": "Вторник",
    "StartTime": "2024-03-04T08:30:00",
    "EndTime": "2024-03-04T10:00:00",
    "WeekType": "Обе недели",
    "Classroom": "Г 215",
    "Group": "3440",
    "Subject": "Проектирование средств виброакустической защиты",
    "InstructorName": "Пименов Игорь Константинович",
    "InstructorLink": ""
  },
  {
    "DayOfWeek": "Вторник",
    "StartTime": "2024-03-04T10:10:00",
    "EndTime": "2024-03-04T11:40:00",
    "WeekType": "Обе недели",
    "Classroom": "Г 215",
    "Group": "3440",
    "Subject": "Проектирование средств виброакустической защиты",
    "InstructorName": "Пименов Игорь Константинович",
    "InstructorLink": ""
  },
  {
    "DayOfWeek": "Вторник",
    "StartTime": "2024-03-04T11:50:00",
    "EndTime": "2024-03-04T13:20:00",
    "WeekType": "Обе недели",
    "Classroom": "Г 215-А",
    "Group": "3440",
    "Subject": "Технология применения средств защиты морской техники от физических полей",
    "InstructorName": "Ягло Максим Алексеевич",
    "InstructorLink": ""
  },
  {
    "DayOfWeek": "Вторник",
    "StartTime": "2024-03-04T14:00:00",
    "EndTime": "2024-03-04T15:30:00",
    "WeekType": "Обе недели",
    "Classroom": "Г 215-А",
    "Group": "3440",
    "Subject": "Проектирование средств виброакустической защиты",
    "InstructorName": "Пименов Игорь Константинович",
    "InstructorLink": ""
  },
  {
    "DayOfWeek": "Среда",
    "StartTime": "2024-03-04T11:50:00",
    "EndTime": "2024-03-04T13:20:00",
    "WeekType": "Обе недели",
    "Classroom": "Г 215-А",
    "Group": "3440",
    "Subject": "Проектирование средств виброакустической защиты",
    "InstructorName": "Пименов Игорь Константинович",
    "InstructorLink": ""
  },
  {
    "DayOfWeek": "Среда",
    "StartTime": "2024-03-04T14:00:00",
    "EndTime": "2024-03-04T15:30:00",
    "WeekType": "Обе недели",
    "Classroom": "Г 215",
    "Group": "3440",
    "Subject": "Технология применения средств защиты морской техники от физических полей",
    "InstructorName": "Пименов Игорь Константинович",
    "InstructorLink": ""
  },
  {
    "DayOfWeek": "Среда",
    "StartTime": "2024-03-04T15:40:00",
    "EndTime": "2024-03-04T17:10:00",
    "WeekType": "Обе недели",
    "Classroom": "Г 215-А",
    "Group": "3440",
    "Subject": "Проектирование средств виброакустической защиты",
    "InstructorName": "Пименов Игорь Константинович",
    "InstructorLink": ""
  },
  {
    "DayOfWeek": "Пятница",
    "StartTime": "2024-03-04T11:50:00",
    "EndTime": "2024-03-04T13:20:00",
    "WeekType": "Обе недели",
    "Classroom": "Г 215",
    "Group": "3440",
    "Subject": "Проектирование средств электромагнитной защиты",
    "InstructorName": "Лаповок Андрей Яковлевич",
    "InstructorLink": ""
  },
  {
    "DayOfWeek": "Пятница",
    "StartTime": "2024-03-04T14:00:00",
    "EndTime": "2024-03-04T15:30:00",
    "WeekType": "Обе недели",
    "Classroom": "Г 215",
    "Group": "3440",
    "Subject": "Проектирование средств электромагнитной защиты",
    "InstructorName": "Лаповок Андрей Яковлевич",
    "InstructorLink": ""
  },
  {
    "DayOfWeek": "Пятница",
    "StartTime": "2024-03-04T15:40:00",
    "EndTime": "2024-03-04T17:10:00",
    "WeekType": "Обе недели",
    "Classroom": "Г 215-А",
    "Group": "3440",
    "Subject": "Проектирование средств электромагнитной защиты",
    "InstructorName": "Лаповок Андрей Яковлевич",
    "InstructorLink": ""
  },
  {
    "DayOfWeek": "Пятница",
    "StartTime": "2024-03-04T17:20:00",
    "EndTime": "2024-03-04T18:50:00",
    "WeekType": "Обе недели",
    "Classroom": "Г 215-А",
    "Group": "3440",
    "Subject": "Проектирование средств электромагнитной защиты",
    "InstructorName": "Лаповок Андрей Яковлевич",
    "InstructorLink": ""
  },
  {
    "DayOfWeek": "Суббота",
    "StartTime": "2024-03-04T11:50:00",
    "EndTime": "2024-03-04T13:20:00",
    "WeekType": "Обе недели",
    "Classroom": "Г 215",
    "Group": "3440",
    "Subject": "Аналитические и численные методы расчета физических полей",
    "InstructorName": "Григоров Максим Юрьевич",
    "InstructorLink": ""
  },
  {
    "DayOfWeek": "Суббота",
    "StartTime": "2024-03-04T14:00:00",
    "EndTime": "2024-03-04T15:30:00",
    "WeekType": "Обе недели",
    "Classroom": "Г 215",
    "Group": "3440",
    "Subject": "Аналитические и численные методы расчета физических полей",
    "InstructorName": "Григоров Максим Юрьевич",
    "InstructorLink": ""
  },
  {
    "DayOfWeek": "Суббота",
    "StartTime": "2024-03-04T15:40:00",
    "EndTime": "2024-03-04T17:10:00",
    "WeekType": "Обе недели",
    "Classroom": "Г 215-А",
    "Group": "3440",
    "Subject": "Аналитические и численные методы расчета физических полей",
    "InstructorName": "Григоров Максим Юрьевич",
    "InstructorLink": ""
  },
  {
    "DayOfWeek": "Суббота",
    "StartTime": "2024-03-04T17:20:00",
    "EndTime": "2024-03-04T18:50:00",
    "WeekType": "Обе недели",
    "Classroom": "Г 215-А",
    "Group": "3440",
    "Subject": "Аналитические и численные методы расчета физических полей",
    "InstructorName": "Григоров Максим Юрьевич",
    "InstructorLink": ""
  }
]