[
  {
    "DayOfWeek": "Понедельник",
    "StartTime": "2024-03-04T08:30:00",
    "EndTime": "2024-03-04T10:00:00",
    "WeekType": "Обе недели",
    "Classroom": "Г 208",
    "Group": "3450",
    "Subject": "Следящие приводы",
    "InstructorName": "Рыбинский Владислав Олегович",
    "InstructorLink": "https://www.smtu.ru/ru/viewperson/101010/"
  },
  {
    "DayOfWeek": "Понедельник",
    "StartTime": "2024-03-04T10:10:00",
    "EndTime": "2024-03-04T11:40:00",
    "WeekType": "Обе недели",
    "Classroom": "Г 207",
    "Group": "3450",
    "Subject": "Следящие приводы",
    "InstructorName": "Рыбинский Владислав Олегович",
    "InstructorLink": "https://www.smtu.ru/ru/viewperson/101010/"
  },
  {
    "DayOfWeek": "Понедельник",
    "StartTime": "2024-03-04T11:50:00",
    "EndTime": "2024-03-04T13:20:00",
    "WeekType": "Нижняя неделя",
    "Classroom": "Г 208",
    "Group": "3450",
    "Subject": "Информатика и информационные технологии",
    "InstructorName": "Лютикова Мария Антоновна",
    "InstructorLink": "https://www.smtu.ru/ru/viewperson/103826/"
  },
  {
    "DayOfWeek": "Понедельник",
    "StartTime": "2024-03-04T14:00:00",
    "EndTime": "2024-03-04T15:30:00",
    "WeekType": "Нижняя неделя",
    "Classroom": "Г 208",
    "Group": "3450",
    "Subject": "Информатика и информационные технологии",
    "InstructorName": "Лютикова Мария Антоновна",
    "InstructorLink": "https://www.smtu.ru/ru/viewperson/103826/"
  },
  {
    "DayOfWeek": "Вторник",
    "StartTime": "2024-03-04T10:10:00",
    "EndTime": "2024-03-04T11:40:00",
    "WeekType": "Верхняя неделя",
    "Classroom": "Г 208",
    "Group": "3450",
    "Subject": "Гидропневмосистемы корабельных противолодочных комплексов",
    "InstructorName": "Красильников Евгений Петрович",
    "InstructorLink": ""
  },
  {
    "DayOfWeek": "Вторник",
    "StartTime": "2024-03-04T11:50:00",
    "EndTime": "2024-03-04T13:20:00",
    "WeekType": "Верхняя неделя",
    "Classroom": "Г 208",
    "Group": "3450",
    "Subject": "Гидропневмосистемы корабельных противолодочных комплексов",
    "InstructorName": "Красильников Евгений Петрович",
    "InstructorLink": ""
  },
  {
    "DayOfWeek": "Вторник",
    "StartTime": "2024-03-04T11:50:00",
    "EndTime": "2024-03-04T13:20:00",
    "WeekType": "Нижняя неделя",
    "Classroom": "Г 208",
    "Group": "3450",
    "Subject": "Информатика и информационные технологии",
    "InstructorName": "Лютикова Мария Антоновна",
    "InstructorLink": "https://www.smtu.ru/ru/viewperson/103826/"
  },
  {
    "DayOfWeek": "Вторник",
    "StartTime": "2024-03-04T14:00:00",
    "EndTime": "2024-03-04T15:30:00",
    "WeekType": "Верхняя неделя",
    "Classroom": "Г 208",
    "Group": "3450",
    "Subject": "Гидропневмосистемы корабельных противолодочных комплексов",
    "InstructorName": "Красильников Евгений Петрович",
    "InstructorLink": ""
  },
  {
    "DayOfWeek": "Вторник",
    "StartTime": "2024-03-04T14:00:00",
    "EndTime": "2024-03-04T15:30:00",
    "WeekType": "Нижняя неделя",
    "Classroom": "Г 208",
    "Group": "3450",
    "Subject": "Информатика и информационные технологии",
    "InstructorName": "Лютикова Мария Антоновна",
    "InstructorLink": "https://www.smtu.ru/ru/viewperson/103826/"
  },
  {
    "DayOfWeek": "Среда",
    "StartTime": "2024-03-04T11:50:00",
    "EndTime": "2024-03-04T13:20:00",
    "WeekType": "Обе недели",
    "Classroom": "Г 312",
    "Group": "3450",
    "Subject": "Гидропневмосистемы корабельных противолодочных комплексов",
    "InstructorName": "Красильников Евгений Петрович",
    "InstructorLink": ""
  },
  {
    "DayOfWeek": "Среда",
    "StartTime": "2024-03-04T14:00:00",
    "EndTime": "2024-03-04T15:30:00",
    "WeekType": "Обе недели",
    "Classroom": "Г 312",
    "Group": "3450",
    "Subject": "Гидропневмосистемы корабельных противолодочных комплексов",
    "InstructorName": "Красильников Евгений Петрович",
    "InstructorLink": ""
  },
  {
    "DayOfWeek": "Среда",
    "StartTime": "2024-03-04T15:40:00",
    "EndTime": "2024-03-04T17:10:00",
    "WeekType": "Верхняя неделя",
    "Classroom": "Г 208",
    "Group": "3450",
    "Subject": "Гидропневмосистемы корабельных противолодочных комплексов",
    "InstructorName": "Красильников Евгений Петрович",
    "InstructorLink": ""
  },
  {
    "DayOfWeek": "Среда",
    "StartTime": "2024-03-04T15:40:00",
    "EndTime": "2024-03-04T17:10:00",
    "WeekType": "Нижняя неделя",
    "Classroom": "Г 512",
    "Group": "3450",
    "Subject": "Гидропневмосистемы корабельных противолодочных комплексов",
    "InstructorName": "Красильников Евгений Петрович",
    "InstructorLink": ""
  },
  {
    "DayOfWeek": "Четверг",
    "StartTime": "2024-03-04T10:10:00",
    "EndTime": "2024-03-04T11:40:00",
    "WeekType": "Обе недели",
    "Classroom": "Г 207",
    "Group": "3450",
    "Subject": "Автоматизированные корабельные комплексы",
    "InstructorName": "Шершнев Андрей Викторович",
    "InstructorLink": "https://www.smtu.ru/ru/viewperson/101357/"
  },
  {
    "DayOfWeek": "Четверг",
    "StartTime": "2024-03-04T11:50:00",
    "EndTime": "2024-03-04T13:20:00",
    "WeekType": "Обе недели",
    "Classroom": "Г 207",
    "Group": "3450",
    "Subject": "Автоматизированные корабельные комплексы",
    "InstructorName": "Шершнев Андрей Викторович",
    "InstructorLink": "https://www.smtu.ru/ru/viewperson/101357/"
  },
  {
    "DayOfWeek": "Четверг",
    "StartTime": "2024-03-04T14:00:00",
    "EndTime": "2024-03-04T15:30:00",
    "WeekType": "Верхняя неделя",
    "Classroom": "Г 207",
    "Group": "3450",
    "Subject": "Автоматизированные корабельные комплексы",
    "InstructorName": "Шершнев Андрей Викторович",
    "InstructorLink": "https://www.smtu.ru/ru/viewperson/101357/"
  },
  {
    "DayOfWeek": "Пятница",
    "StartTime": "2024-03-04T10:10:00",
    "EndTime": "2024-03-04T11:40:00",
    "WeekType": "Верхняя неделя",
    "Classroom": "Г 512",
    "Group": "3450",
    "Subject": "Гидропневмосистемы корабельных противолодочных комплексов",
    "InstructorName": "Красильников Евгений Петрович",
    "InstructorLink": ""
  },
  {
    "DayOfWeek": "Пятница",
    "StartTime": "2024-03-04T11:50:00",
    "EndTime": "2024-03-04T13:20:00",
    "WeekType": "Верхняя неделя",
    "Classroom": "Г 208",
    "Group": "3450",
    "Subject": "Гидропневмосистемы корабельных противолодочных комплексов",
    "InstructorName": "Красильников Евгений Петрович",
    "InstructorLink": ""
  },
  {
    "DayOfWeek": "Пятница",
    "StartTime": "2024-03-04T14:00:00",
    "EndTime": "2024-03-04T15:30:00",
    "WeekType": "Верхняя неделя",
    "Classroom": "Г 208",
    "Group": "3450",
    "Subject": "Гидропневмосистемы корабельных противолодочных комплексов",
    "InstructorName": "Красильников Евгений Петрович",
    "InstructorLink": ""
  },
  {
    "DayOfWeek": "Суббота",
    "StartTime": "2024-03-04T08:30:00",
    "EndTime": "2024-03-04T10:00:00",
    "WeekType": "Обе недели",
    "Classroom": "Г 208",
    "Group": "3450",
    "Subject": "Автоматизированные корабельные комплексы",
    "InstructorName": "Зорнина Наталья Александровна",
    "InstructorLink": "https://www.smtu.ru/ru/viewperson/100428/"
  },
  {
    "DayOfWeek": "Суббота",
    "StartTime": "2024-03-04T10:10:00",
    "EndTime": "2024-03-04T11:40:00",
    "WeekType": "Обе недели",
    "Classroom": "Г 208",
    "Group": "3450",
    "Subject": "Автоматизированные корабельные комплексы",
    "InstructorName": "Зорнина Наталья Александровна",
    "InstructorLink": "https://www.smtu.ru/ru/viewperson/100428/"
  },
  {
    "DayOfWeek": "Суббота",
    "StartTime": "2024-03-04T11:50:00",
    "EndTime": "2024-03-04T13:20:00",
    "WeekType": "Верхняя неделя",
    "Classroom": "Г 208",
    "Group": "3450",
    "Subject": "Автоматизированные корабельные комплексы",
    "InstructorName": "Зорнина Наталья Александровна",
    "InstructorLink": "https://www.smtu.ru/ru/viewperson/100428/"
  }
]