[
  {
    "DayOfWeek": "Понедельник",
    "StartTime": "2024-03-04T11:50:00",
    "EndTime": "2024-03-04T13:20:00",
    "WeekType": "Обе недели",
    "Classroom": "Г 412",
    "Group": "3471",
    "Subject": "Информационное обеспечение обработки научных исследований",
    "InstructorName": "Кузнецова Татьяна Николаевна",
    "InstructorLink": ""
  },
  {
    "DayOfWeek": "Понедельник",
    "StartTime": "2024-03-04T14:00:00",
    "EndTime": "2024-03-04T15:30:00",
    "WeekType": "Обе недели",
    "Classroom": "Г 412",
    "Group": "3471",
    "Subject": "Информационное обеспечение обработки научных исследований",
    "InstructorName": "Кузнецова Татьяна Николаевна",
    "InstructorLink": ""
  },
  {
    "DayOfWeek": "Понедельник",
    "StartTime": "2024-03-04T15:40:00",
    "EndTime": "2024-03-04T17:10:00",
    "WeekType": "Обе недели",
    "Classroom": "Г 407",
    "Group": "3471",
    "Subject": "Имитационное моделирование",
    "InstructorName": "Гневашев Ярослав Олегович",
    "InstructorLink": ""
  },
  {
    "DayOfWeek": "Понедельник",
    "StartTime": "2024-03-04T17:20:00",
    "EndTime": "2024-03-04T18:50:00",
    "WeekType": "Обе недели",
    "Classroom": "Г 407",
    "Group": "3471",
    "Subject": "Имитационное моделирование",
    "InstructorName": "Гневашев Ярослав Олегович",
    "InstructorLink": ""
  },
  {
    "DayOfWeek": "Вторник",
    "StartTime": "2024-03-04T11:50:00",
    "EndTime": "2024-03-04T13:20:00",
    "WeekType": "Обе недели",
    "Classroom": "Г 407",
    "Group": "3471",
    "Subject": "Имитационное моделирование",
    "InstructorName": "Гневашев Ярослав Олегович",
    "InstructorLink": ""
  },
  {
    "DayOfWeek": "Вторник",
    "StartTime": "2024-03-04T14:00:00",
    "EndTime": "2024-03-04T15:30:00",
    "WeekType": "Обе недели",
    "Classroom": "Г 407",
    "Group": "3471",
    "Subject": "Имитационное моделирование",
    "InstructorName": "Хуторная Екатерина Викторовна",
    "InstructorLink": ""
  },
  {
    "DayOfWeek": "Вторник",
    "StartTime": "2024-03-04T15:40:00",
    "EndTime": "2024-03-04T17:10:00",
    "WeekType": "Обе недели",
    "Classroom": "Г 407",
    "Group": "3471",
    "Subject": "Имитационное моделирование",
    "InstructorName": "Хуторная Екатерина Викторовна",
    "InstructorLink": ""
  },
  {
    "DayOfWeek": "Вторник",
    "StartTime": "2024-03-04T17:20:00",
    "EndTime": "2024-03-04T18:50:00",
    "WeekType": "Обе недели",
    "Classroom": "Г 412",
    "Group": "3471",
    "Subject": "Информационное обеспечение обработки научных исследований",
    "InstructorName": "Кузнецова Татьяна Николаевна",
    "InstructorLink": ""
  },
  {
    "DayOfWeek": "Среда",
    "StartTime": "2024-03-04T15:40:00",
    "EndTime": "2024-03-04T17:10:00",
    "WeekType": "Обе недели",
    "Classroom": "Г 312",
    "Group": "3471",
    "Subject": "Автоматизация проектирования сложных технических систем",
    "InstructorName": "Рыков Сергей Алексеевич",
    "InstructorLink": "https://www.smtu.ru/ru/viewperson/101013/"
  },
  {
    "DayOfWeek": "Среда",
    "StartTime": "2024-03-04T17:20:00",
    "EndTime": "2024-03-04T18:50:00",
    "WeekType": "Обе недели",
    "Classroom": "Г 412",
    "Group": "3471",
    "Subject": "Информационное обеспечение обработки научных исследований",
    "InstructorName": "Кузнецова Татьяна Николаевна",
    "InstructorLink": ""
  },
  {
    "DayOfWeek": "Четверг",
    "StartTime": "2024-03-04T08:30:00",
    "EndTime": "2024-03-04T10:00:00",
    "WeekType": "Обе недели",
    "Classroom": "Г 407",
    "Group": "3471",
    "Subject": "Автоматизация проектирования сложных технических систем",
    "InstructorName": "Рыков Сергей Алексеевич",
    "InstructorLink": "https://www.smtu.ru/ru/viewperson/101013/"
  },
  {
    "DayOfWeek": "Четверг",
    "StartTime": "2024-03-04T10:10:00",
    "EndTime": "2024-03-04T11:40:00",
    "WeekType": "Обе недели",
    "Classroom": "Г 407",
    "Group": "3471",
    "Subject": "Автоматизация проектирования сложных технических систем",
    "InstructorName": "Рыков Сергей Алексеевич",
    "InstructorLink": "https://www.smtu.ru/ru/viewperson/101013/"
  },
  {
    "DayOfWeek": "Четверг",
    "StartTime": "2024-03-04T11:50:00",
    "EndTime": "2024-03-04T13:20:00",
    "WeekType": "Обе недели",
    "Classroom": "Г 412",
    "Group": "3471",
    "Subject": "Автоматизация проектирования сложных технических систем",
    "InstructorName": "Рыков Сергей Алексеевич",
    "InstructorLink": "https://www.smtu.ru/ru/viewperson/101013/"
  },
  {
    "DayOfWeek": "Четверг",
    "StartTime": "2024-03-04T14:00:00",
    "EndTime": "2024-03-04T15:30:00",
    "WeekType": "Обе недели",
    "Classroom": "Г 426",
    "Group": "3471",
    "Subject": "Имитационное моделирование",
    "InstructorName": "Гневашев Ярослав Олегович",
    "InstructorLink": ""
  }
]