[
  {
    "DayOfWeek": "Понедельник",
    "StartTime": "2024-03-04T08:30:00",
    "EndTime": "2024-03-04T10:00:00",
    "WeekType": "Обе недели",
    "Classroom": "Г 315",
    "Group": "3480",
    "Subject": "Методы искусственного интеллекта в управлении и обработки информации",
    "InstructorName": "Семенов Николай Николаевич",
    "InstructorLink": "https://www.smtu.ru/ru/viewperson/101053/"
  },
  {
    "DayOfWeek": "Понедельник",
    "StartTime": "2024-03-04T10:10:00",
    "EndTime": "2024-03-04T11:40:00",
    "WeekType": "Обе недели",
    "Classroom": "Г 315",
    "Group": "3480",
    "Subject": "Методы искусственного интеллекта в управлении и обработки информации",
    "InstructorName": "Семенов Николай Николаевич",
    "InstructorLink": "https://www.smtu.ru/ru/viewperson/101053/"
  },
  {
    "DayOfWeek": "Понедельник",
    "StartTime": "2024-03-04T11:50:00",
    "EndTime": "2024-03-04T13:20:00",
    "WeekType": "Обе недели",
    "Classroom": "Г 211",
    "Group": "3480",
    "Subject": "Моделирование информационно-управляющих систем роботов",
    "InstructorName": "Ростов Николай Васильевич",
    "InstructorLink": ""
  },
  {
    "DayOfWeek": "Понедельник",
    "StartTime": "2024-03-04T14:00:00",
    "EndTime": "2024-03-04T15:30:00",
    "WeekType": "Обе недели",
    "Classroom": "Г 211",
    "Group": "3480",
    "Subject": "Моделирование информационно-управляющих систем роботов",
    "InstructorName": "Ростов Николай Васильевич",
    "InstructorLink": ""
  },
  {
    "DayOfWeek": "Вторник",
    "StartTime": "2024-03-04T11:50:00",
    "EndTime": "2024-03-04T13:20:00",
    "WeekType": "Обе недели",
    "Classroom": "Г 211",
    "Group": "3480",
    "Subject": "Управление роботами и робототехническими системами",
    "InstructorName": "Ростов Николай Васильевич",
    "InstructorLink": ""
  },
  {
    "DayOfWeek": "Вторник",
    "StartTime": "2024-03-04T14:00:00",
    "EndTime": "2024-03-04T15:30:00",
    "WeekType": "Верхняя неделя",
    "Classroom": "Г 211",
    "Group": "3480",
    "Subject": "Управление роботами и робототехническими системами",
    "InstructorName": "Ростов Николай Васильевич",
    "InstructorLink": ""
  },
  {
    "DayOfWeek": "Вторник",
    "StartTime": "2024-03-04T14:00:00",
    "EndTime": "2024-03-04T15:30:00",
    "WeekType": "Нижняя неделя",
    "Classroom": "Г 211",
    "Group": "3480",
    "Subject": "Управление роботами и робототехническими системами",
    "InstructorName": "Ростов Николай Васильевич",
    "InstructorLink": ""
  },
  {
    "DayOfWeek": "Вторник",
    "StartTime": "2024-03-04T15:40:00",
    "EndTime": "2024-03-04T17:10:00",
    "WeekType": "Обе недели",
    "Classroom": "Г 211",
    "Group": "3480",
    "Subject": "Управление роботами и робототехническими системами",
    "InstructorName": "Ростов Николай Васильевич",
    "InstructorLink": ""
  },
  {
    "DayOfWeek": "Вторник",
    "StartTime": "2024-03-04T17:20:00",
    "EndTime": "2024-03-04T18:50:00",
    "WeekType": "Обе недели",
    "Classroom": "Г 315",
    "Group": "3480",
    "Subject": "Проектирование информационных систем подводной робототехники",
    "InstructorName": "Сетин Александр Иванович",
    "InstructorLink": "https://www.smtu.ru/ru/viewperson/101069/"
  },
  {
    "DayOfWeek": "Среда",
    "StartTime": "2024-03-04T15:40:00",
    "EndTime": "2024-03-04T17:10:00",
    "WeekType": "Обе недели",
    "Classroom": "Г 420",
    "Group": "3480",
    "Subject": "Проектирование информационных систем подводной робототехники",
    "InstructorName": "Кузьменко Александр Владимирович",
    "InstructorLink": ""
  },
  {
    "DayOfWeek": "Среда",
    "StartTime": "2024-03-04T17:20:00",
    "EndTime": "2024-03-04T18:50:00",
    "WeekType": "Обе недели",
    "Classroom": "Г 520",
    "Group": "3480",
    "Subject": "Проектирование информационных систем подводной робототехники",
    "InstructorName": "Сетин Александр Иванович",
    "InstructorLink": "https://www.smtu.ru/ru/viewperson/101069/"
  },
  {
    "DayOfWeek": "Четверг",
    "StartTime": "2024-03-04T08:30:00",
    "EndTime": "2024-03-04T10:00:00",
    "WeekType": "Обе недели",
    "Classroom": "Г 315",
    "Group": "3480",
    "Subject": "Методы искусственного интеллекта в управлении и обработки информации",
    "InstructorName": "Семенов Николай Николаевич",
    "InstructorLink": "https://www.smtu.ru/ru/viewperson/101053/"
  },
  {
    "DayOfWeek": "Четверг",
    "StartTime": "2024-03-04T10:10:00",
    "EndTime": "2024-03-04T11:40:00",
    "WeekType": "Обе недели",
    "Classroom": "Г 520",
    "Group": "3480",
    "Subject": "Методы искусственного интеллекта в управлении и обработки информации",
    "InstructorName": "Семенов Николай Николаевич",
    "InstructorLink": "https://www.smtu.ru/ru/viewperson/101053/"
  }
]