[
  {
    "DayOfWeek": "Понедельник",
    "StartTime": "2024-03-04T11:50:00",
    "EndTime": "2024-03-04T13:20:00",
    "WeekType": "Обе недели",
    "Classroom": "Г 212",
    "Group": "3490",
    "Subject": "Проектирование систем автоматического управления объектами морской техники",
    "InstructorName": "Яковлева Марина Владимировна",
    "InstructorLink": ""
  },
  {
    "DayOfWeek": "Понедельник",
    "StartTime": "2024-03-04T14:00:00",
    "EndTime": "2024-03-04T15:30:00",
    "WeekType": "Обе недели",
    "Classroom": "Г 212",
    "Group": "3490",
    "Subject": "Проектирование систем автоматического управления объектами морской техники",
    "InstructorName": "Яковлева Марина Владимировна",
    "InstructorLink": ""
  },
  {
    "DayOfWeek": "Понедельник",
    "StartTime": "2024-03-04T15:40:00",
    "EndTime": "2024-03-04T17:10:00",
    "WeekType": "Обе недели",
    "Classroom": "Г 212",
    "Group": "3490",
    "Subject": "Проектирование систем автоматического управления объектами морской техники",
    "InstructorName": "Яковлева Марина Владимировна",
    "InstructorLink": ""
  },
  {
    "DayOfWeek": "Понедельник",
    "StartTime": "2024-03-04T17:20:00",
    "EndTime": "2024-03-04T18:50:00",
    "WeekType": "Обе недели",
    "Classroom": "Г 425",
    "Group": "3490",
    "Subject": "Комплексы телеуправления объектами морской техники",
    "InstructorName": "Шилин Михаил Михайлович",
    "InstructorLink": ""
  },
  {
    "DayOfWeek": "Вторник",
    "StartTime": "2024-03-04T10:10:00",
    "EndTime": "2024-03-04T11:40:00",
    "WeekType": "Обе недели",
    "Classroom": "Г 405",
    "Group": "3490",
    "Subject": "Проектирование систем автоматического управления объектами морской техники",
    "InstructorName": "Яковлева Марина Владимировна",
    "InstructorLink": ""
  },
  {
    "DayOfWeek": "Вторник",
    "StartTime": "2024-03-04T11:50:00",
    "EndTime": "2024-03-04T13:20:00",
    "WeekType": "Обе недели",
    "Classroom": "Г 405",
    "Group": "3490",
    "Subject": "Проектирование систем автоматического управления объектами морской техники",
    "InstructorName": "Яковлева Марина Владимировна",
    "InstructorLink": ""
  },
  {
    "DayOfWeek": "Вторник",
    "StartTime": "2024-03-04T14:00:00",
    "EndTime": "2024-03-04T15:30:00",
    "WeekType": "Обе недели",
    "Classroom": "Г 405",
    "Group": "3490",
    "Subject": "Проектирование систем автоматического управления объектами морской техники",
    "InstructorName": "Яковлева Марина Владимировна",
    "InstructorLink": ""
  },
  {
    "DayOfWeek": "Четверг",
    "StartTime": "2024-03-04T08:30:00",
    "EndTime": "2024-03-04T10:00:00",
    "WeekType": "Обе недели",
    "Classroom": "Г 201",
    "Group": "3490",
    "Subject": "Приборы автоматики и телемеханики",
    "InstructorName": "Петров Василий Григорьевич",
    "InstructorLink": ""
  },
  {
    "DayOfWeek": "Четверг",
    "StartTime": "2024-03-04T10:10:00",
    "EndTime": "2024-03-04T11:40:00",
    "WeekType": "Обе недели",
    "Classroom": "Г 201",
    "Group": "3490",
    "Subject": "Приборы автоматики и телемеханики",
    "InstructorName": "Петров Василий Григорьевич",
    "InstructorLink": ""
  },
  {
    "DayOfWeek": "Четверг",
    "StartTime": "2024-03-04T11:50:00",
    "EndTime": "2024-03-04T13:20:00",
    "WeekType": "Обе недели",
    "Classroom": "Г 201",
    "Group": "3490",
    "Subject": "Приборы автоматики и телемеханики",
    "InstructorName": "Петров Василий Григорьевич",
    "InstructorLink": ""
  },
  {
    "DayOfWeek": "Четверг",
    "StartTime": "2024-03-04T14:00:00",
    "EndTime": "2024-03-04T15:30:00",
    "WeekType": "Обе недели",
    "Classroom": "Г 201",
    "Group": "3490",
    "Subject": "Приборы автоматики и телемеханики",
    "InstructorName": "Петров Василий Григорьевич",
    "InstructorLink": ""
  },
  {
    "DayOfWeek": "Четверг",
    "StartTime": "2024-03-04T15:40:00",
    "EndTime": "2024-03-04T17:10:00",
    "WeekType": "Верхняя неделя",
    "Classroom": "Г 201",
    "Group": "3490",
    "Subject": "Приборы автоматики и телемеханики",
    "InstructorName": "Петров Василий Григорьевич",
    "InstructorLink": ""
  },
  {
    "DayOfWeek": "Пятница",
    "StartTime": "2024-03-04T14:00:00",
    "EndTime": "2024-03-04T15:30:00",
    "WeekType": "Обе недели",
    "Classroom": "Г 306",
    "Group": "3490",
    "Subject": "Комплексы телеуправления объектами морской техники",
    "InstructorName": "Шилин Михаил Михайлович",
    "InstructorLink": ""
  },
  {
    "DayOfWeek": "Пятница",
    "StartTime": "2024-03-04T15:40:00",
    "EndTime": "2024-03-04T17:10:00",
    "WeekType": "Обе недели",
    "Classroom": "Г 306",
    "Group": "3490",
    "Subject": "Комплексы телеуправления объектами морской техники",
    "InstructorName": "Шилин Михаил Михайлович",
    "InstructorLink": ""
  },
  {
    "DayOfWeek": "Пятница",
    "StartTime": "2024-03-04T17:20:00",
    "EndTime": "2024-03-04T18:50:00",
    "WeekType": "Обе недели",
    "Classroom": "Г 306",
    "Group": "3490",
    "Subject": "Комплексы телеуправления объектами морской техники",
    "InstructorName": "Шилин Михаил Михайлович",
    "InstructorLink": ""
  }
]