[
    {
        "DayOfWeek": "Вторник",
        "StartTime": "2024-03-04T11:50:00",
        "EndTime": "2024-03-04T13:20:00",
        "WeekType": "Нижняя неделя",
        "Classroom": "У 212",
        "Group": "8210",
        "Subject": "Технология монтажа и пуско-наладочных мехатронных систем",
        "InstructorName": "Серебряков Михаил Юрьевич ",
        "InstructorLink": ""
    },
    {
        "DayOfWeek": "Вторник",
        "StartTime": "2024-03-04T14:00:00",
        "EndTime": "2024-03-04T15:30:00",
        "WeekType": "Нижняя неделя",
        "Classroom": "У 212",
        "Group": "8210",
        "Subject": "Технология монтажа и пуско-наладочных мехатронных систем",
        "InstructorName": "Серебряков Михаил Юрьевич ",
        "InstructorLink": ""
    },
    {
        "DayOfWeek": "Среда",
        "StartTime": "2024-03-04T14:00:00",
        "EndTime": "2024-03-04T15:30:00",
        "WeekType": "Верхняя неделя",
        "Classroom": "У 316",
        "Group": "20126",
        "Subject": "Проектирование динамических сцен на платформе Unity 3D",
        "InstructorName": "Серебряков Михаил Юрьевич",
        "InstructorLink": ""
    },
    {
        "DayOfWeek": "Среда",
        "StartTime": "2024-03-04T15:40:00",
        "EndTime": "2024-03-04T17:10:00",
        "WeekType": "Верхняя неделя",
        "Classroom": "У 316",
        "Group": "20126",
        "Subject": "Проектирование динамических сцен на платформе Unity 3D",
        "InstructorName": "Серебряков Михаил Юрьевич",
        "InstructorLink": ""
    },
    {
        "DayOfWeek": "Среда",
        "StartTime": "2024-03-04T17:20:00",
        "EndTime": "2024-03-04T18:50:00",
        "WeekType": "Верхняя неделя",
        "Classroom": "У 316",
        "Group": "20126",
        "Subject": "Проектирование динамических сцен на платформе Unity 3D",
        "InstructorName": "Серебряков Михаил Юрьевич",
        "InstructorLink": ""
    },
    {
        "DayOfWeek": "Четверг",
        "StartTime": "2024-03-04T10:10:00",
        "EndTime": "2024-03-04T11:40:00",
        "WeekType": "Верхняя неделя",
        "Classroom": "У 424",
        "Group": "8240",
        "Subject": "Технология монтажа и пуско-наладочных мехатронных систем",
        "InstructorName": "Серебряков Михаил Юрьевич ",
        "InstructorLink": ""
    },
    {
        "DayOfWeek": "Четверг",
        "StartTime": "2024-03-04T11:50:00",
        "EndTime": "2024-03-04T13:20:00",
        "WeekType": "Верхняя неделя",
        "Classroom": "У 410",
        "Group": "8230",
        "Subject": "Технология монтажа и пуско-наладочных мехатронных систем",
        "InstructorName": "Серебряков Михаил Юрьевич ",
        "InstructorLink": ""
    },
    {
        "DayOfWeek": "Четверг",
        "StartTime": "2024-03-04T14:00:00",
        "EndTime": "2024-03-04T15:30:00",
        "WeekType": "Верхняя неделя",
        "Classroom": "У 163",
        "Group": "8240",
        "Subject": "Технология монтажа и пуско-наладочных мехатронных систем",
        "InstructorName": "Серебряков Михаил Юрьевич ",
        "InstructorLink": ""
    },
    {
        "DayOfWeek": "Четверг",
        "StartTime": "2024-03-04T14:00:00",
        "EndTime": "2024-03-04T15:30:00",
        "WeekType": "Верхняя неделя",
        "Classroom": "У 163",
        "Group": "8220",
        "Subject": "Технология монтажа и пуско-наладочных мехатронных систем",
        "InstructorName": "Серебряков Михаил Юрьевич ",
        "InstructorLink": ""
    },
    {
        "DayOfWeek": "Четверг",
        "StartTime": "2024-03-04T14:00:00",
        "EndTime": "2024-03-04T15:30:00",
        "WeekType": "Верхняя неделя",
        "Classroom": "У 163",
        "Group": "8210",
        "Subject": "Технология монтажа и пуско-наладочных мехатронных систем",
        "InstructorName": "Серебряков Михаил Юрьевич ",
        "InstructorLink": ""
    },
    {
        "DayOfWeek": "Четверг",
        "StartTime": "2024-03-04T14:00:00",
        "EndTime": "2024-03-04T15:30:00",
        "WeekType": "Верхняя неделя",
        "Classroom": "У 163",
        "Group": "8230",
        "Subject": "Технология монтажа и пуско-наладочных мехатронных систем",
        "InstructorName": "Серебряков Михаил Юрьевич ",
        "InstructorLink": ""
    },
    {
        "DayOfWeek": "Пятница",
        "StartTime": "2024-03-04T14:00:00",
        "EndTime": "2024-03-04T15:30:00",
        "WeekType": "Нижняя неделя",
        "Classroom": "У 316",
        "Group": "20126",
        "Subject": "Проектирование динамических сцен на платформе Unity 3D",
        "InstructorName": "Серебряков Михаил Юрьевич",
        "InstructorLink": ""
    },
    {
        "DayOfWeek": "Пятница",
        "StartTime": "2024-03-04T15:40:00",
        "EndTime": "2024-03-04T17:10:00",
        "WeekType": "Нижняя неделя",
        "Classroom": "У 316",
        "Group": "20126",
        "Subject": "Проектирование динамических сцен на платформе Unity 3D",
        "InstructorName": "Серебряков Михаил Юрьевич",
        "InstructorLink": ""
    }
]