[
  {
    "ImageUrl": [
      "https://sun9-73.userapi.com/impg/TGu1Tg7n2kbOhKdMmrddETsqFFqbE3a9NotRDA/FdtCtkMD4Rw.jpg?size=510x340&quality=95&crop=101,0,1077,718&sign=2007ee994d843a739ac7cdd0162b9084&c_uniq_tag=W90HMK4bkyewOC5hgPrST0qIssKdBOorZ4yUXjWESgY&type=album"
    ],
    "Text": "Привет, ФЦПТ 🧠 \n \nСтуденты, имеющие академическую задолженность по итогам сессии!\n \nСообщаем, сроки повторных аттестаций (доп. сессия): \n❗Первая повторная промежуточная аттестация проходит  \nС 12.02.2024 по 02.03.2024гг.\n\n❗Вторая повторная промежуточная аттестация проходит \nС 11.03.2024 по 23.03.2024гг.",
    "Link": "https://vk.com/wall-199625675_608",
    "DatePost": "2024-01-16T11:04:04Z"
  },
  {
    "ImageUrl": [
      "https://i.mycdn.me/getVideoPreview?id=6434424162862&idx=3&type=39&tkn=BTHFiRBpRbl5n-I3iSoUR6vtU7E&fn=vid_u"
    ],
    "Text": "Привет, привет!  \nЖдем твоих комментариев и лайков 💛🙏🏻",
    "Link": "https://vk.com/wall-199625675_634",
    "DatePost": "2024-03-28T10:08:45Z"
  },
  {
    "ImageUrl": [
      "img/no_photo_post.png"
    ],
    "Text": "Привет, ФЦПТ\nПриглашаем вас с 3 по 5 апреля принять участие в выставке «ЭКСПОТЕХНОСТРАЖ. День передовых технологий» в конгрееено-выставочном центре «Экспофорум» \nДля посещения Молодежного дня в рамках Выставки необходимо пройти регистрацию в информационно-телекоммуникационной сети «Интернет» по адресу: https://www.guard-expo.com/",
    "Link": "https://vk.com/wall-199625675_633",
    "DatePost": "2024-03-25T10:50:52Z"
  },
  {
    "ImageUrl": [
      "https://sun9-12.userapi.com/impg/EmNDOVAD1oq9-shmTnaT00P79riJ4dj0_568CQ/9RcEy4YdlN8.jpg?size=1080x1080&quality=96&sign=1c81d0f529953e4f35aa93e06aa4af77&c_uniq_tag=s36GDMNAvmBjLhLWA4_Z4Ic81kQluioi5Uf8aNsbWxI&type=album"
    ],
    "Text": "Привет, ФЦПТ 🚀 \n \nПриглашаем тебя принять участие в спортивно-массовом мероприятии «А ну-ка, девушки!» в рамках Спартакиады СПбГМТУ среди факультетов в 2023-2024 уч. году! \n \n💥 23 марта 2024 года в 14:00 (регистрация в 13:30) в спортивном зале кафедры физического воспитания. \n \nПредварительно необходимо записаться у Софи Соколовой (vk.com/id172210358)",
    "Link": "https://vk.com/wall-199625675_631",
    "DatePost": "2024-03-13T08:31:02Z"
  },
  {
    "ImageUrl": [
      "https://sun9-70.userapi.com/impg/SMwP0TKR3SJ_kyhZQphA6wYfrCvj1nN6lbPguA/bIa8OVdgHKU.jpg?size=510x510&quality=95&sign=73d73afcd91a6279deae7f9445c3c262&c_uniq_tag=oPIwHHc8aclda6VH622Y3lrtaoqxgMCa_VweAK_lyJU&type=album"
    ],
    "Text": "Дорогие девочки, в этот самый женственный день в году поздравляем Вас с волшебным праздником 8 Марта 🌸\n\nЖелаем Вам, не взирая ни на какие ненастья и жизненные невзгоды, Вы всегда цвели, как самый прекрасный в мире цветок, а Ваша жизнь, пусть будет райским садом, где всегда царит вечная весна 💛\n\nС любовью, деканат ФЦПТ ❤️",
    "Link": "https://vk.com/wall-199625675_630",
    "DatePost": "2024-03-08T06:41:35Z"
  },
  {
    "ImageUrl": [
      "https://sun9-78.userapi.com/impg/3LMO_pzof2MDZ4hz-PB_IHe0R58razmi6715_A/O9A3N19pVJI.jpg?size=510x510&quality=95&sign=95f64666d0d0c6c3c13306f8845f6055&c_uniq_tag=9aYi8NSCBnFgHnPTZkZG7CWAGSsHz4wEYw9WnuPeico&type=album",
      "https://sun9-61.userapi.com/impg/yP6E375DWislVYt5wNP6WcwmY71LRkzKnhT-bA/yaxENhNEvLo.jpg?size=510x382&quality=95&sign=1c854dd87104db24673fbf6decf12bb3&c_uniq_tag=bPxLcegiY4kCLy8Hbw2bDWxXc37NgOjbdeKuSxvrNHI&type=album",
      "https://sun9-78.userapi.com/impg/Qo2Zh3Gvaw-zq4Crf9qwyHw-BuRqrdQJ4-4ViA/eC_CHIMLJhY.jpg?size=510x382&quality=95&sign=c8000911da52f05f452fcf8606ed1064&c_uniq_tag=3ChYXGsvQphPP_hLtY4caO08Y12gIcQ2jZspKa3zkIo&type=album",
      "https://sun9-5.userapi.com/impg/ywPTNesVuZwa-blWcI5UlNd5xvCUPxvRR1AK-Q/FFoFPRij_vk.jpg?size=510x680&quality=95&sign=30d9a854b96b2066ebfb1d855a68484c&c_uniq_tag=8OQp7UfALLoA6DQXIPDLgLIjUiirVGY41QWMxzOMr6Q&type=album",
      "https://sun9-55.userapi.com/impg/wpm5-wh_glAky90vvoxD4_9JtjCVfPjvF8uZbg/bhucXM_pdBY.jpg?size=510x680&quality=95&sign=6b417e454420608362b064a4a5c18cd3&c_uniq_tag=ot4adnUbJJ3g5DZpKKJ-Zcgv7cdK-kJn0n8Ukz3p-zc&type=album"
    ],
    "Text": "#ОВД_объединения \n\nПривет!💙\n\nБойцы [club180946836|Студенческого педагогического отряда «Сила»] отправились в Детские оздоровительные лагери «Алые Паруса» и  «Молодёжный», а также в Детский оздоровительный комплекс «Дружных». \nТакже бойцы [club87067622|Студенческого педагогического отряда «Одиссея»] поехали в ДСОЛ «Ленинградец» на весенний выезд, чтобы зажечь огоньки в сердцах детей! \n\n— Ребята проводят отрядные мероприятия, дискотеки и множество интересных игр для своих отрядов. Наши вожатые заряжают всех детей сильными и незабываемыми эмоциями! \n\n____________________________________ \n#ОВДsmtu #ovdsmtu #СПбГМТУ #Корабелка #Сила #Одиссея #СПбСО #ШСО",
    "Link": "https://vk.com/wall-177798967_12512",
    "DatePost": "2024-04-01T15:02:38Z"
  },
  {
    "ImageUrl": [
      "https://sun9-59.userapi.com/impg/kRqeEEvknb7v-qd1rIFHEAb2fY-NeJpmizDecQ/B3G4z7U9n-s.jpg?size=510x510&quality=95&sign=b9441659002ffc9721e42337834e29b4&c_uniq_tag=IRqoFBIkb4bxgdP2muHbTqjjUu-B6aA04pUxWmL2QiQ&type=album"
    ],
    "Text": "#ОВД_мероприятия \n\nПривет! \n\nРады поделиться с вами приятной новостью! \nВчера состоялся финал конкурса \"Живу на Стачек\", между Студенческими советами общежитий! 🌊💙\n\n— Наши участники продемонстрировали невероятный талант, энергию и креативность. Каждое выступление было настоящим шедевром. \n\n🏆С радостью сообщаем, что [club129873960|Студенческий Совет Общежития #3]  одержал победу в конкурсе \"Живу на Стачек\"! \n\nЖелаем всем участникам дальнейших творческих успехов и побед! 🚀\n____________________________________ \n#ОВДsmtu #ovdsmtu #СПбГМТУ #Корабелка #живунастачек #конкурс #общежития #ССО",
    "Link": "https://vk.com/wall-177798967_12508",
    "DatePost": "2024-03-28T09:15:52Z"
  },
  {
    "ImageUrl": [
      "https://sun9-58.userapi.com/impg/C2Ln6Tz0E82dwyUXRq2WsXeJXfuEpd5rjYB8gw/NoOYDrDnv1E.jpg?size=510x382&quality=95&sign=48db418926e16850dd6b5cb0b7c6f3e9&c_uniq_tag=uf4XlhgdVNSqSoYljOSA74FEgmeftP2wX0G9K_RtJSs&type=album"
    ],
    "Text": "⚡️ВНИМАНИЕ! ! \nОТМЕНА  ФЕСТИВАЛЯ СТУДЕНЧЕСКИХ ОТРЯДОВ!!!!\n\n⚡️ Уважаемые друзья!\n  В связи с трагедией в Crocus City Hall в Москве принято решение о переносе  Фестиваля  Студенческих отрядов. \n   \n   Выражаем свои соболезнования семьям, потерявшим близких, желаем скорейшего выздоровления пострадавшим. Скорбим вместе со всей страной.\n\nПросим с пониманием отнестись к этой мере. О формате и времени проведения  Фестиваля будет сообщено позже.",
    "Link": "https://vk.com/wall-177798967_12504",
    "DatePost": "2024-03-22T21:53:08Z"
  },
  {
    "ImageUrl": [
      "https://sun9-59.userapi.com/wJ_Z7eB6EwMfvKIjph93P0JmxnewR_RNEwi_6g/_Z5_AUeOGOY.jpg"
    ],
    "Text": "#ОВД_рекомендует \n\nПривет! 👋\n\n5 апреля СПбГМТУ принимает участие в масштабном мероприятии \"Марафон Цифровых кафедр 2.0.\", где соберутся все ВУЗы Северо-Западного федерального округа, с целью представления проектов, реализуемых в рамках образовательных программ. \n \n«Цифровые кафедры» – это совместный проект Министерства науки и высшего образования и Министерства цифрового развития РФ, который дает возможность студентам получить новую профессию в сфере IT. \n\n📅5 апреля\n🕒10:00 \n📍 Конгресс-центре СПбГМТУ по адресу: Ленинский проспект, 101 с4\n\nПоддерживаем наш любимый университет и пусть цифра всегда будет с тобой 💙\nСтуденты СПбГМТУ получают новую специальность в сфере IT вместе с [club223802648|@cifravvyze] 💜\n\n#Марафон_ЦК #Марафон2.0 #УИ",
    "Link": "https://vk.com/wall-177798967_12502",
    "DatePost": "2024-03-21T15:36:01Z"
  },
  {
    "ImageUrl": [
      "https://sun9-45.userapi.com/impg/ZRt-lgkWbtHN7jcZSBDybKe_loTr2DGqI_UcHA/rayXmQ0pb7g.jpg?size=510x340&quality=95&crop=100,0,1080,720&sign=de829879f207b17bbf11c32d5eb75a12&c_uniq_tag=hWsix722LQ4ljW3ZYVp9zm1xDX7ek_lgbz_V60r5Wqw&type=album"
    ],
    "Text": "#ОВД_рекомендует\n\nПривет! 👋\n\nОна меняла мир, раскрывала преступления, вселяла надежду, запечатлевала прекрасное... О ком речь? Конечно, о фотографии! 📷\n\n— Сообщаем вам о проведении молодёжного фотоконкурса «Город-812».\n\n💥Не упустите свой шанс! Конкурс пройдёт с 1 марта по 1 апреля 2024 года. \n\nДля получения подробной информации внимательно прочтите положение⬇️\n____________________________________ \n#ОВДsmtu #ovdsmtu #СПбГМТУ #Корабелка #студенты",
    "Link": "https://vk.com/wall-177798967_12498",
    "DatePost": "2024-03-19T07:12:16Z"
  },
  {
    "ImageUrl": [
      "https://sun9-32.userapi.com/impg/0c-LLg0XuMwAr_s_BUPnER1tDvhliRWxZ_UMeg/zZRLGp5uwbo.jpg?size=510x361&quality=95&sign=0f3edbcfafbc5b12daa0936d578d52d7&c_uniq_tag=vDzLe4F8PbsWvEYRinhc7JLifVZdQLmkTz9Phq91tew&type=album"
    ],
    "Text": "#ОВД_рекомендует\n\nПривет! 👋\n\nСовсем скоро будет проходить Фестиваль Студенческих отрядов Корабелки — «СОК - это по нашему», который посвящен 75-летию выезда Студенческих отрядов СПбГМТУ (бывший ЛКИ) и направлен на налаживание связей между поколениями и знакомство с историей отрядов СПбГМТУ!\n \nВ программе мероприятия будут: \n💥Стендовые зоны с историями отрядов \n💥Выступления флагоносцев \n💥 Творческие номера от отрядов  \n💥Конкурсы \n💥Песни и многое другое \n \n— Участниками нашего фестиваля будут как действующие отряды СПбГМТУ, приглашенные отряды, так и отряды Корабелки 70-80 годов! \n \nТакже мы приглашаем посетить наше мероприятие всех заинтересованных студентов, которые ещё не связали свою жизнь с отрядами СПбГМТУ, но уже задумались об этом 😉\n \n📅23 марта \n🕒15:00 \n📍 Конгресс-центре СПбГМТУ по адресу: Ленинский проспект, 101 с4\n \nЗаинтересовался и уже хочешь окунуться в нашу невероятную атмосферу? 🚀\n \nТогда скорее регистрируйся на наше мероприятие через гугл-форму! ⬇️\n\nhttps://docs.google.com/forms/d/e/1FAIpQLScq24D6clV8MSvYiesEbKU460tmqmuSL0jSojt3itK5G2RppA/viewform\n_____________________________________\n\n#ОВДsmtu #ovdsmtu #СПбГМТУ #Корабелка #ОВД_объединения",
    "Link": "https://vk.com/wall-177798967_12496",
    "DatePost": "2024-03-18T19:01:40Z"
  },
  {
    "ImageUrl": [
      "https://sun9-80.userapi.com/roy3S_3Mo-RJTdPkXV1tIWcELcd0vy_N5PNeIQ/FqCjq8Jcje8.jpg"
    ],
    "Text": "#ОВД_объединения \nПривет! \n\nСегодня на территории наших общежитий прошла замечательная Масленица! 🎉🥞\n\n— Ребята собрались вместе, чтобы отметить этот праздник, подарить друг другу улыбки, радость и веселье. Активисты ССО испекли вкусные блины, провели различные конкурсы, игры и традиционные гуляния.☀\n\n _____________________________________\n\n#ОВДsmtu #ovdsmtu #СПбГМТУ #Корабелка #ОВД_мероприятия\n#Масленица #праздник #ССО",
    "Link": "https://vk.com/wall-177798967_12494",
    "DatePost": "2024-03-18T16:00:02Z"
  },
  {
    "ImageUrl": [
      "https://sun9-59.userapi.com/impg/aQVcttl9ZzuppOTpV7SxGDmK5XhxsXpXawh9zQ/XR0hFPyB8ag.jpg?size=510x721&quality=95&sign=66f4616bd157a7e30805f273ddaba03f&c_uniq_tag=cRfnbavwSLwh4xLV4w1cG085DHbT3oS2n4tGmLMNAsQ&type=album"
    ],
    "Text": "#ОВД_рекомендует\n\nПривет! 👋\n\n💥 Друзья, нас  приглашают посетить выставку \n18 марта в Музее мостов. И первыми в Петербурге увидеть макет Крыма, посмотреть фильм и обсудить с профессором Университета путей сообщения особенности строительства моста, который соединил материк и полуостров.\n\n— В рамках городского проекта Санкт-Петербургского Дома национальностей «Россия и Крым. Вместе в будущее» в понедельник пройдут мероприятия, приуроченные к 10-летнему юбилею воссоединения Крыма с Россией. \n \n📍Локация: Музей мостов, (пер. Мучной, д. 2) \n🕕Время: 18:00 \n ✨Вход свободный! \n \nВ программе: \n📍18:00 — торжественная церемония подписания соглашения о сотрудничестве между Центральным музеем железнодорожного транспорта РФ и Санкт-Петербургским Домом национальностей. \n \n📍18:30 — кинопоказ научно-популярного фильма «Мосты России» — история создания трех российских мостов-гигантов. Режиссёр Илона Вашкелите с 2014 года по 2020 создавала видеоархив строительства Крымского моста. \n \n📍19:10 — встреча с профессором кафедры «Мосты» Петербургского государственного университета путей сообщения Императора Александра I, заслуженным строителем Российской Федерации Геннадием Богдановым, автором книги о строительстве Крымского моста. \n \n📍19:40 — экскурсия по выставке «Крымский мост», демонстрация макета полуострова, предоставленного музею Транспортной компанией «Гранд Сервис Экспресс», которая первая организовала железнодорожные перевозки в Крым по мосту. \n \n— Мероприятие организовано  Санкт-Петербургским Домом национальностей  при поддержке Комитета по межнациональным отношениям и реализации миграционной политики в Санкт-Петербурге совместно с Центральным музеем железнодорожного транспорта РФ и Транспортной компанией «Гранд Сервис Экспресс». \n____________________________________ \n#ОВДsmtu #ovdsmtu #СПбГМТУ #Корабелка #студенты",
    "Link": "https://vk.com/wall-177798967_12488",
    "DatePost": "2024-03-17T12:24:00Z"
  },
  {
    "ImageUrl": [
      "https://sun9-35.userapi.com/impg/uS75u2wrxhW7nu2PCpuf7XonDhGNwjqwpZWxMg/nnOEwCilD5o.jpg?size=510x382&quality=95&sign=9dd73e7073d6258539bf489d84cafbee&c_uniq_tag=AiB01fjactl9b787nQB8FaWVtE8N7MZs7_rsfJ1heGs&type=album",
      "https://sun9-58.userapi.com/impg/haH2yluEDMW0xyKTVcx1mgU49IloYDje1eCPwg/8qnx8q-M8Q8.jpg?size=510x382&quality=95&sign=1f08f429b6b823e5f08674e1cc7a11b0&c_uniq_tag=XmlPwGiDezHoIElKc-SO0WZAuy57hoaTsk_SOTea8a8&type=album"
    ],
    "Text": "#ОВД_встреча\n⚡️ 6 марта в рамках взаимодействия с Общероссийской общественно – государственной просветительской организацией «Российское общество «Знание» состоялась встреча под руководством проректора по ВР А.Б. Акопяна сотрудников Управления воспитательной деятельности с  Волковой Анной Владимировной,  директором филиала общества «Знание» в Санкт-Петербурге, д.п.н., профессором СПбГУ.  Темой встречи была: «Особенности проведения выборов президента РФ в 2024году: история вопроса».\n\n -  Во время встречи Анна Владимировна рассказала об истории института выборов РФ, о Конституционном праве свободы волеизъявления граждан нашей страны.  Ответила на вопросы, связанные с процедурой выборов, которая впервые применяется  в 2024 году. Организовали взаимодействие по дальнейшему сотрудничеству нашего университета и общества «Знание».\n\n_____________________________________\n\n#ОВДsmtu #ovdsmtu #СПбГМТУ #Корабелка #общество #Знание #встреча",
    "Link": "https://vk.com/wall-177798967_12485",
    "DatePost": "2024-03-11T19:00:01Z"
  },
  {
    "ImageUrl": [
      "https://sun9-22.userapi.com/impg/5wefsZt8fJTKMnxgKv6uYrvz7Q9pryKzCrCnrg/D_Tn_3RqlZs.jpg?size=510x480&quality=95&sign=ffa8fc40f01ea4fb649fed3b32d10255&c_uniq_tag=6ajrauVSTegEfD1Pp1j91pIglbu6TzvIsG8xRwx631g&type=album",
      "https://sun9-80.userapi.com/impg/1EhUGx5zuVTEWV5hVo-4fecv_g2s3cOZ4N3OAQ/bvPfiVUwaSg.jpg?size=510x681&quality=95&sign=8761b1c99ff9edcd160eb35d849e25c6&c_uniq_tag=S9ZTpox94CTBunG4V-Yx_JB7sWRHVw04qVnzK3BVRmI&type=album",
      "https://sun9-28.userapi.com/impg/vq4C1OiBJiq2FWvc4BrebAbX9-tRQBSprWImdw/nn5GOrLxUvM.jpg?size=510x900&quality=95&crop=0,0,516,911&sign=2a6a54a5ddecadfb0860f38cef258baf&c_uniq_tag=9Rm3R7Jeg_C3wCiSB7DVDXT9F8t6D9RjLtnqmIcxmPc&type=album"
    ],
    "Text": "#ОВД_сотрудники\n\n 🎉  У нас праздники продолжаются! \n  Сегодня  наши поздравления  для прекрасного  человека, ведущего специалиста УВД, писательницы, спортсменки, заботливой мамочки - Ирины Тряскиной (vk.com/id32136) ! 💐\n\n  💐 Ирина  Олеговна - многогранный ,талантливый человек! Ее  ответственность и креативный подход к жизни, увлеченность  делом - настоящее вдохновение для всех нас. \n💐  И мы хотим пожелать  Вам , Ирина Олеговна ,  новых творческих успехов, радостных моментов и исполнения всех  мечт! 🎉 \n От всей души поздравляем Вас  с Днем рождения! 💐💐💐 🎈 🎂❤️\n\n____________________________________ \n#ОВДsmtu #ovdsmtu #СПбГМТУ #Корабелка #сотрудники",
    "Link": "https://vk.com/wall-177798967_12476",
    "DatePost": "2024-03-10T07:00:02Z"
  },
  {
    "ImageUrl": [
      "https://sun9-77.userapi.com/impg/HE9i148dQGqnr_-Teddn9IVZFI1nGe_KdRmPag/GRp73hV944E.jpg?size=510x695&quality=95&sign=073ae79047d2cc58b711104d0cfd8e01&c_uniq_tag=HsYwGz8iwNazIGGjJ3kHhTY45i2CzgDZYhCx-62VWYI&type=album",
      "https://sun9-77.userapi.com/impg/SfCgSWMhSoXegzudPBydkQAYhTYxO2B06racPw/CeWoZ3Q8uCs.jpg?size=510x765&quality=95&sign=09d9b80c06562f79fd40b973bf197034&c_uniq_tag=t-uLakbqb4J3TpqnQOUZcCLQ6927u1TzKcy7ImJRv6I&type=album",
      "https://sun9-61.userapi.com/impg/EThiMgmWkN8M-mpSucAXc22n7llVfesZ8ln6ew/VAIMa--OFws.jpg?size=510x684&quality=95&sign=449f7730777a7e50e4ca2b4daf4b0d71&c_uniq_tag=TtuHwrFcw6H10qkj_3ngbGdO4TpoLcRS-lc7ZMT4VUM&type=album",
      "https://sun9-29.userapi.com/impg/aFaw6hH9FuaGaJtUyRAsGmIQY0277HmN3Apg4Q/jEw4h5gYhSs.jpg?size=510x681&quality=95&sign=cd7496ad55a231935322aa4fc0cdc05d&c_uniq_tag=t-GKKDa8CdOk_cAdXpBVbhwzn2Tktqvz9hQr8NKJaeA&type=album",
      "https://sun9-21.userapi.com/impg/wlSn6ZVfz10Pq9yDVk4e0bN3wAcNprOhxSPnfQ/Ae4c5do3Bu8.jpg?size=510x765&quality=95&sign=aa92189ab1ba369e6d00da1390fb00ad&c_uniq_tag=cZereteiHDWXjBMWRQuVN5p7r4TurEugeVnJzdgptNI&type=album"
    ],
    "Text": "#ОВД_сотрудники\n\n 💐  Друзья!  Сегодня особенный день - День рождения нашего замечательного ведущего специалиста Отдела вспитательной деятельности — Варвары Матюниной (vk.com/id42490946)!\n\n🎉 Варя - настоящий профессионал своего дела, всегда готова помочь и поддержать , решить любую задачу и поделиться полезными советами! \n\n🎉 Ее энтузиазм, женственность, яркость и доброжелательность всегда помогают создать атмосферу яркого праздника и уюта в нашем коллективе.\n\n🎉 Дорогая  Варя, пусть в твоей жизни будет много радостных моментов, удачных и ярких студентов, незабываемых мероприятий !\n\n🎉 Пусть исполняются все мечты и желания, а работа приносит только радость и удовлетворение.\n\n🎉 Желаем крепкого здоровья, счастья, любви и благополучия. Чтобы каждый день был наполнен яркими впечатлениями и радостными событиями.\n\nСпасибо, что ты есть с нами! 🎂🎁🎈\n\n____________________________________\n #ОВДsmtu #ovdsmtu #СПбГМТУ #Корабелка #сотрудники",
    "Link": "https://vk.com/wall-177798967_12463",
    "DatePost": "2024-03-09T07:00:05Z"
  },
  {
    "ImageUrl": [
      "https://i.mycdn.me/getVideoPreview?id=6262344780395&idx=15&type=39&tkn=IT93lCz4qAcTwMJbv8_hO8wOAIc&fn=vid_u"
    ],
    "Text": "#ОВД_значимыедаты \n\n💐  Милые дамы,  женщины,девушки!  С днем весны, любви и красоты — с 8 Марта! \n\n  Отдел воспитательной деятельности и наши  активисты Студенческих объединений поздравляют вас с Международным женским днём!  \n\n   Желаем вам вечной красоты и обаяния, исполнения всех желаний, удачи и профессиональных успехов!           \n    Пусть этот день будет наполнен только радостью, улыбками и теплом. Желаем вам здоровья, любви, счастья и успехов во всех начинаниях. \nС праздником! 💐\n_____________________________________\n\n#ОВДsmtu #ovdsmtu #СПбГМТУ #Корабелка #8марта #праздник",
    "Link": "https://vk.com/wall-177798967_12461",
    "DatePost": "2024-03-08T07:41:51Z"
  },
  {
    "ImageUrl": [
      "https://i.mycdn.me/getVideoPreview?id=6198442593001&idx=10&type=39&tkn=qvYhDoyr0k-9FBdqDiC1qfGxDSo&fn=vid_u"
    ],
    "Text": "#ОВД_новости \n\nПривет!👋\n\nВот и зима подошла к концу! Как у вас прошёл февраль и какие планы на весенний сезон? \nПишите в комментариях! 👇🏻🌸\n\n  Сегодня расскажем как февраль прошел в Отделе воспитательной деятельности.\n\nСледите за новостями и не упускайте возможность присоединиться к увлекательным мероприятиям!💡\n\n_____________________________________\n\n#ОВДsmtu #ovdsmtu #СПбГМТУ #Корабелка",
    "Link": "https://vk.com/wall-177798967_12457",
    "DatePost": "2024-03-07T07:00:05Z"
  },
  {
    "ImageUrl": [
      "https://sun9-64.userapi.com/impg/gB1u2lRoAP6nbMWDbdaTdmHx91-SnpRJGZJWHA/mbEdEqSxpg8.jpg?size=510x510&quality=95&sign=a6dbbe0a0180dc99376bb655096888a2&c_uniq_tag=BCXfkW0xcQUAzBfHRMsN7pvUBMsP5okFbXjelnfFPoE&type=album"
    ],
    "Text": "#ОВД_объединения\n\nДорогие девушки! 🌷\n\nВ предверии Международного Женского дня, мы подготовили для вас небольшой сюрприз.\n\n7 марта во время большой перемены в главном холле корпуса У состоится праздник\n «Для тебя Единственной» ! \n\n— Отдел воспитательной деятельности и Студенческие объединения подготовили для вас много интересного: разные игры, мастер-классы, викторины и даже небольшие подарки! \n\nПриходите, мы Вас ждем!  С 13.20 до 14.00 и окунитесь в атмосферу креатива, вдохновения и новых знакомств! \n\nЖдем всех желающих! \n_____________________________________\n\n#ОВДsmtu #ovdsmtu #СПбГМТУ #Корабелка #студенческие_объединения\n#ОВД_мероприятия",
    "Link": "https://vk.com/wall-177798967_12455",
    "DatePost": "2024-03-06T11:08:52Z"
  },
  {
    "ImageUrl": [
      "https://sun9-67.userapi.com/impg/8Tg4imDn99i7hkAw5VeWyeFa6g6e_4hK4KaKAQ/iK8rDgMPG4A.jpg?size=510x708&quality=95&sign=7c9fca76dc0e7ea8f695baaa751500f2&c_uniq_tag=MaKBY7HGsSaubUvAir6qP2J_6loaUqiIPSVsEclmSFo&type=album",
      "https://sun9-40.userapi.com/impg/bKeGBwlLQ9DvbYk8GYa7YdbwyDuwGL7eAvXWwA/f10xgy9jlEs.jpg?size=510x510&quality=95&sign=aa0274d652426b4e8acabb51a4897376&c_uniq_tag=dA9hMOk1zgSEUIF0LH5VRLRjAvFrAk6K6_Kmyn6whNE&type=album",
      "https://sun9-5.userapi.com/impg/izvuxE78LUhs9IrEPh21dwOTRWaeVlA7UKQh_Q/jfRrTmJr6S4.jpg?size=510x700&quality=95&sign=dd90a35407a9ec2e547a8585888569f1&c_uniq_tag=BBV_5u_4hFdTeY343x971N3p5EqK3p-g0_NrG3sc3kA&type=album",
      "https://sun9-7.userapi.com/impg/7PEcGHudULTRUAzN5RTRZ8NYZa5wKCCPSrYxqw/JcUl5GbQmfo.jpg?size=510x680&quality=95&sign=e6ae795b501343613fa32d2bb2d13f14&c_uniq_tag=6Mlg3Q_TBmFF4O_8qRo8FJBRPwb9eDOO08qOMoRw39I&type=album",
      "https://sun9-23.userapi.com/impg/SHSbzWlfAW2AmKgrbLNDHBH1AJCOUl14_hxWSA/fI7geLDvEQc.jpg?size=510x710&quality=95&sign=0fd6c03a03be9257a6263a5ec11e6805&c_uniq_tag=0arW3VtO0icYzD-BmblmU8HCv7Tz4exeTyclFeS-M-o&type=album"
    ],
    "Text": "#ОВД_сотрудники\n\n☀️Сегодня для нас не просто среда, а невероятный праздник - День Рождения специалиста ОВД, Заместителя декана по Воспитательной работе ФЦПТ и просто прекрасной девушки - Софи Соколовой (vk.com/id172210358)! 🌸🌸🌸\n\n🎉Милая Софа, мы всем дружным  коллективом спешим поздравить тебя с Днём Рождения! В тебе столько энергии и света, ты будто солнышко в нашей Корабелке, к которому тянутся студенты и коллеги.  \n\n🎉Пусть твой невероятный энтузиазм расправляет крылья и несёт тебя к поставленным целям и мечтам. \n\n🎉Пусть все проекты воплощаются в лучших проявлениях, а студенты продолжают радовать тебя своими успехами.\n\n🎉Оставайся всегда импульсивной, целеустремленной, активной, востребованной, креативной, интересной, талантливой, находчивой, веселой, яркой и в делах успешной. \n\n🎉Желаем здоровья, счастья, любви, жизненной энергии, благополучия, веселого настроения, уважения и вечной красоты.\n\nС Днём Рождения!❤️‍🔥\n\n_____________________________________ \n#ОВДsmtu #ovdsmtu #СПбГМТУ #Корабелка #сотрудники",
    "Link": "https://vk.com/wall-177798967_12443",
    "DatePost": "2024-03-06T06:00:04Z"
  }
]