[
  {
    "NameContact": "Епифанцева Кристина Анатольевна",
    "Position": [ "инженер лаборатории киберфизических систем и систем интернета вещей", "ассистент на кафедру киберфизических систем" ],
    "TaughtSubjects": [ "Технологии искусственного интеллекта и машинной графики", "Элементы гидравлических и пневматических систем", "Технологии виртуальной и дополненной реальности", "Электротехника и основы электроники" ],
    "AcademicDegree": null,
    "TeachingExperience": "несколько лет",
    "Telephone": null,
    "Email": null,
    "TgLink": null,
    "ScheduleLink": "/schedules/person_schedules/Епифанцева Кристина Анатольевна.json",
    "Information": "В 2021 году окончила бакалавриат по профилю \"Вычислительные машины, комплексы, системы и сети\", а в 2023 году с отличием окончила магистратуру по профилю \"Технологии виртуальной, дополненной реальности и искусственный интеллект\". В 2022 была принята инженером в лабораторию киберфизических систем и систем интернета вещей и ассистентом на кафедру киберфизических систем. В качестве научного сотрудника регулярно проводит мастер-классы для абитуриентов и заинтересованных обучающихся университета, активно принимает участие в международных конференциях, программе развития Научного центра мирового уровня (НЦМУ) \"Передовые цифровые технологии\" 2020–2023 гг. и программе развития СПбГМТУ в рамках реализации программы стратегического академического лидерства \"Приоритет2030\"."

  }
]