[
  {
    "DayOfWeek": "Понедельник",
    "StartTime": "2024-03-04T17:20:00",
    "EndTime": "2024-03-04T18:50:00",
    "WeekType": "Верхняя неделя",
    "Classroom": "У 154",
    "Group": "1101",
    "Subject": "Правоведение",
    "InstructorName": "Алексеев Георгий Валерьевич",
    "InstructorLink": ""
  },
  {
    "DayOfWeek": "Понедельник",
    "StartTime": "2024-03-04T17:20:00",
    "EndTime": "2024-03-04T18:50:00",
    "WeekType": "Нижняя неделя",
    "Classroom": "У 320",
    "Group": "1101",
    "Subject": "Физика",
    "InstructorName": "Король Андрей Владимирович",
    "InstructorLink": ""
  },
  {
    "DayOfWeek": "Понедельник",
    "StartTime": "2024-03-04T17:20:00",
    "EndTime": "2024-03-04T18:50:00",
    "WeekType": "Нижняя неделя",
    "Classroom": "У 322",
    "Group": "1101",
    "Subject": "Физика",
    "InstructorName": "Король Андрей Владимирович",
    "InstructorLink": ""
  },
  {
    "DayOfWeek": "Понедельник",
    "StartTime": "2024-03-04T19:00:00",
    "EndTime": "2024-03-04T20:30:00",
    "WeekType": "Обе недели",
    "Classroom": "У 245а",
    "Group": "1101",
    "Subject": "Теория конструкционных материалов",
    "InstructorName": "Греков Андрей Анатольевич",
    "InstructorLink": ""
  },
  {
    "DayOfWeek": "Понедельник",
    "StartTime": "2024-03-04T20:40:00",
    "EndTime": "2024-03-04T22:10:00",
    "WeekType": "Нижняя неделя",
    "Classroom": "У 245",
    "Group": "1101",
    "Subject": "Теория конструкционных материалов",
    "InstructorName": "Греков Андрей Анатольевич",
    "InstructorLink": ""
  },
  {
    "DayOfWeek": "Понедельник",
    "StartTime": "2024-03-04T20:40:00",
    "EndTime": "2024-03-04T22:10:00",
    "WeekType": "Нижняя неделя",
    "Classroom": "У 245а",
    "Group": "1101",
    "Subject": "Теория конструкционных материалов",
    "InstructorName": "Юнусов Фируз Абдукадимович",
    "InstructorLink": ""
  },
  {
    "DayOfWeek": "Вторник",
    "StartTime": "2024-03-04T17:20:00",
    "EndTime": "2024-03-04T18:50:00",
    "WeekType": "Обе недели",
    "Classroom": "Б 101",
    "Group": "1101",
    "Subject": "Управление качеством, стандартизация, сертификация",
    "InstructorName": "Мальцева Юлия Евгеньевна",
    "InstructorLink": ""
  },
  {
    "DayOfWeek": "Вторник",
    "StartTime": "2024-03-04T19:00:00",
    "EndTime": "2024-03-04T20:30:00",
    "WeekType": "Верхняя неделя",
    "Classroom": "Б 415",
    "Group": "1101",
    "Subject": "Механика жидкости и газа",
    "InstructorName": "Тряскин Никита Владимирович",
    "InstructorLink": ""
  },
  {
    "DayOfWeek": "Вторник",
    "StartTime": "2024-03-04T19:00:00",
    "EndTime": "2024-03-04T20:30:00",
    "WeekType": "Нижняя неделя",
    "Classroom": "Б 316",
    "Group": "1101",
    "Subject": "Управление качеством, стандартизация, сертификация",
    "InstructorName": "Мальцева Юлия Евгеньевна",
    "InstructorLink": ""
  },
  {
    "DayOfWeek": "Вторник",
    "StartTime": "2024-03-04T20:40:00",
    "EndTime": "2024-03-04T22:10:00",
    "WeekType": "Верхняя неделя",
    "Classroom": "Б 415",
    "Group": "1101",
    "Subject": "Механика жидкости и газа",
    "InstructorName": "Тряскин Никита Владимирович",
    "InstructorLink": ""
  },
  {
    "DayOfWeek": "Среда",
    "StartTime": "2024-03-04T17:20:00",
    "EndTime": "2024-03-04T18:50:00",
    "WeekType": "Обе недели",
    "Classroom": "У каф.ФВ",
    "Group": "1101",
    "Subject": "Физическая культура и спорт (элективная)",
    "InstructorName": "",
    "InstructorLink": ""
  },
  {
    "DayOfWeek": "Среда",
    "StartTime": "2024-03-04T19:00:00",
    "EndTime": "2024-03-04T20:30:00",
    "WeekType": "Верхняя неделя",
    "Classroom": "У 440",
    "Group": "1101",
    "Subject": "Дополнительные главы математического анализа",
    "InstructorName": "Саенко Сергей Игоревич",
    "InstructorLink": "https://www.smtu.ru/ru/viewperson/114495/"
  },
  {
    "DayOfWeek": "Среда",
    "StartTime": "2024-03-04T20:40:00",
    "EndTime": "2024-03-04T22:10:00",
    "WeekType": "Верхняя неделя",
    "Classroom": "У 440",
    "Group": "1101",
    "Subject": "Дополнительные главы математического анализа",
    "InstructorName": "Саенко Сергей Игоревич",
    "InstructorLink": "https://www.smtu.ru/ru/viewperson/114495/"
  },
  {
    "DayOfWeek": "Четверг",
    "StartTime": "2024-03-04T17:20:00",
    "EndTime": "2024-03-04T18:50:00",
    "WeekType": "Верхняя неделя",
    "Classroom": "У 103",
    "Group": "1101",
    "Subject": "Детали машин",
    "InstructorName": "Голиков Владимир Анатольевич",
    "InstructorLink": ""
  },
  {
    "DayOfWeek": "Четверг",
    "StartTime": "2024-03-04T17:20:00",
    "EndTime": "2024-03-04T18:50:00",
    "WeekType": "Нижняя неделя",
    "Classroom": "Б 318",
    "Group": "1101",
    "Subject": "Механика жидкости и газа",
    "InstructorName": "Тряскин Никита Владимирович",
    "InstructorLink": ""
  },
  {
    "DayOfWeek": "Четверг",
    "StartTime": "2024-03-04T19:00:00",
    "EndTime": "2024-03-04T20:30:00",
    "WeekType": "Верхняя неделя",
    "Classroom": "У 314",
    "Group": "1101",
    "Subject": "Детали машин",
    "InstructorName": "Голиков Владимир Анатольевич",
    "InstructorLink": ""
  },
  {
    "DayOfWeek": "Четверг",
    "StartTime": "2024-03-04T19:00:00",
    "EndTime": "2024-03-04T20:30:00",
    "WeekType": "Нижняя неделя",
    "Classroom": "Б 318",
    "Group": "1101",
    "Subject": "Механика жидкости и газа",
    "InstructorName": "Тряскин Никита Владимирович",
    "InstructorLink": ""
  },
  {
    "DayOfWeek": "Пятница",
    "StartTime": "2024-03-04T17:20:00",
    "EndTime": "2024-03-04T18:50:00",
    "WeekType": "Верхняя неделя",
    "Classroom": "У 155",
    "Group": "1101",
    "Subject": "Сопротивление материалов",
    "InstructorName": "Крюков Алексей Андреевич",
    "InstructorLink": ""
  },
  {
    "DayOfWeek": "Пятница",
    "StartTime": "2024-03-04T17:20:00",
    "EndTime": "2024-03-04T18:50:00",
    "WeekType": "Нижняя неделя",
    "Classroom": "У 155",
    "Group": "1101",
    "Subject": "Дополнительные главы сопротивления материалов",
    "InstructorName": "Крюков Алексей Андреевич",
    "InstructorLink": ""
  },
  {
    "DayOfWeek": "Пятница",
    "StartTime": "2024-03-04T19:00:00",
    "EndTime": "2024-03-04T20:30:00",
    "WeekType": "Верхняя неделя",
    "Classroom": "У 144",
    "Group": "1101",
    "Subject": "Сопротивление материалов",
    "InstructorName": "Крюков Алексей Андреевич",
    "InstructorLink": ""
  },
  {
    "DayOfWeek": "Пятница",
    "StartTime": "2024-03-04T19:00:00",
    "EndTime": "2024-03-04T20:30:00",
    "WeekType": "Обе недели",
    "Classroom": "У 144",
    "Group": "1101",
    "Subject": "Дополнительные главы сопротивления материалов",
    "InstructorName": "Крюков Алексей Андреевич",
    "InstructorLink": ""
  },
  {
    "DayOfWeek": "Суббота",
    "StartTime": "2024-03-04T08:30:00",
    "EndTime": "2024-03-04T10:00:00",
    "WeekType": "Обе недели",
    "Classroom": "У каф.ФВ",
    "Group": "1101",
    "Subject": "Физическая культура и спорт (элективная)",
    "InstructorName": "",
    "InstructorLink": ""
  },
  {
    "DayOfWeek": "Суббота",
    "StartTime": "2024-03-04T10:10:00",
    "EndTime": "2024-03-04T11:40:00",
    "WeekType": "Обе недели",
    "Classroom": "У 161",
    "Group": "1101",
    "Subject": "Физика",
    "InstructorName": "Франтов Андрей Анатольевич",
    "InstructorLink": "https://www.smtu.ru/ru/viewperson/107993/"
  },
  {
    "DayOfWeek": "Суббота",
    "StartTime": "2024-03-04T11:50:00",
    "EndTime": "2024-03-04T13:20:00",
    "WeekType": "Верхняя неделя",
    "Classroom": "У 304",
    "Group": "1101",
    "Subject": "Физика",
    "InstructorName": "Франтов Андрей Анатольевич",
    "InstructorLink": "https://www.smtu.ru/ru/viewperson/107993/"
  },
  {
    "DayOfWeek": "Суббота",
    "StartTime": "2024-03-04T11:50:00",
    "EndTime": "2024-03-04T13:20:00",
    "WeekType": "Нижняя неделя",
    "Classroom": "У 115",
    "Group": "1101",
    "Subject": "Правоведение",
    "InstructorName": "Алексеев Георгий Валерьевич",
    "InstructorLink": ""
  },
  {
    "DayOfWeek": "Суббота",
    "StartTime": "2024-03-04T14:00:00",
    "EndTime": "2024-03-04T15:30:00",
    "WeekType": "Обе недели",
    "Classroom": "У 440",
    "Group": "1101",
    "Subject": "Дополнительные главы математического анализа",
    "InstructorName": "Певзнер Виталий Владимирович",
    "InstructorLink": "https://www.smtu.ru/ru/viewperson/100878/"
  }
]