[
  {
    "DayOfWeek": "Понедельник",
    "StartTime": "2024-03-04T08:30:00",
    "EndTime": "2024-03-04T10:00:00",
    "WeekType": "Верхняя неделя",
    "Classroom": "У 450",
    "Group": "1110",
    "Subject": "Высшая математика",
    "InstructorName": "Сорокин Вадим Николаевич",
    "InstructorLink": ""
  },
  {
    "DayOfWeek": "Понедельник",
    "StartTime": "2024-03-04T10:10:00",
    "EndTime": "2024-03-04T11:40:00",
    "WeekType": "Обе недели",
    "Classroom": "У 450",
    "Group": "1110",
    "Subject": "Высшая математика",
    "InstructorName": "Сорокин Вадим Николаевич",
    "InstructorLink": ""
  },
  {
    "DayOfWeek": "Понедельник",
    "StartTime": "2024-03-04T11:50:00",
    "EndTime": "2024-03-04T13:20:00",
    "WeekType": "Обе недели",
    "Classroom": "У 107",
    "Group": "1110",
    "Subject": "История России",
    "InstructorName": "Девятова Марина Эрастовна",
    "InstructorLink": "https://www.smtu.ru/ru/viewperson/100324/"
  },
  {
    "DayOfWeek": "Понедельник",
    "StartTime": "2024-03-04T14:00:00",
    "EndTime": "2024-03-04T15:30:00",
    "WeekType": "Обе недели",
    "Classroom": "У каф.ФВ",
    "Group": "1110",
    "Subject": "Физическая культура и спорт (элективная)",
    "InstructorName": "",
    "InstructorLink": ""
  },
  {
    "DayOfWeek": "Вторник",
    "StartTime": "2024-03-04T08:30:00",
    "EndTime": "2024-03-04T10:00:00",
    "WeekType": "Обе недели",
    "Classroom": "У 103",
    "Group": "1110",
    "Subject": "Высшая математика",
    "InstructorName": "Сорокин Вадим Николаевич",
    "InstructorLink": ""
  },
  {
    "DayOfWeek": "Вторник",
    "StartTime": "2024-03-04T10:10:00",
    "EndTime": "2024-03-04T11:40:00",
    "WeekType": "Обе недели",
    "Classroom": "У 103",
    "Group": "1110",
    "Subject": "Физика",
    "InstructorName": "Бабаев Владимир Сергеевич",
    "InstructorLink": "https://www.smtu.ru/ru/viewperson/100059/"
  },
  {
    "DayOfWeek": "Вторник",
    "StartTime": "2024-03-04T11:50:00",
    "EndTime": "2024-03-04T13:20:00",
    "WeekType": "Верхняя неделя",
    "Classroom": "У 304",
    "Group": "1110",
    "Subject": "Физика",
    "InstructorName": "Бабаев Владимир Сергеевич",
    "InstructorLink": "https://www.smtu.ru/ru/viewperson/100059/"
  },
  {
    "DayOfWeek": "Вторник",
    "StartTime": "2024-03-04T11:50:00",
    "EndTime": "2024-03-04T13:20:00",
    "WeekType": "Нижняя неделя",
    "Classroom": "У 320",
    "Group": "1110",
    "Subject": "Физика",
    "InstructorName": "Король Андрей Владимирович",
    "InstructorLink": ""
  },
  {
    "DayOfWeek": "Вторник",
    "StartTime": "2024-03-04T11:50:00",
    "EndTime": "2024-03-04T13:20:00",
    "WeekType": "Нижняя неделя",
    "Classroom": "У 322",
    "Group": "1110",
    "Subject": "Физика",
    "InstructorName": "Король Андрей Владимирович",
    "InstructorLink": ""
  },
  {
    "DayOfWeek": "Вторник",
    "StartTime": "2024-03-04T14:00:00",
    "EndTime": "2024-03-04T15:30:00",
    "WeekType": "Верхняя неделя",
    "Classroom": "У 101",
    "Group": "1110",
    "Subject": "История России",
    "InstructorName": "Шмелева Марина Юрьевна",
    "InstructorLink": "https://www.smtu.ru/ru/viewperson/101369/"
  },
  {
    "DayOfWeek": "Вторник",
    "StartTime": "2024-03-04T14:00:00",
    "EndTime": "2024-03-04T15:30:00",
    "WeekType": "Нижняя неделя",
    "Classroom": "У 502",
    "Group": "1110",
    "Subject": "История России",
    "InstructorName": "Девятова Марина Эрастовна",
    "InstructorLink": "https://www.smtu.ru/ru/viewperson/100324/"
  },
  {
    "DayOfWeek": "Среда",
    "StartTime": "2024-03-04T08:30:00",
    "EndTime": "2024-03-04T10:00:00",
    "WeekType": "Верхняя неделя",
    "Classroom": "У 107",
    "Group": "1110",
    "Subject": "Теоретическая механика",
    "InstructorName": "Мелконян Армен Левонович",
    "InstructorLink": "https://www.smtu.ru/ru/viewperson/100749/"
  },
  {
    "DayOfWeek": "Среда",
    "StartTime": "2024-03-04T08:30:00",
    "EndTime": "2024-03-04T10:00:00",
    "WeekType": "Нижняя неделя",
    "Classroom": "У 101",
    "Group": "1110",
    "Subject": "Высшая математика",
    "InstructorName": "Сорокин Вадим Николаевич",
    "InstructorLink": ""
  },
  {
    "DayOfWeek": "Среда",
    "StartTime": "2024-03-04T10:10:00",
    "EndTime": "2024-03-04T11:40:00",
    "WeekType": "Обе недели",
    "Classroom": "У 451",
    "Group": "1110",
    "Subject": "Теоретическая механика",
    "InstructorName": "Мелконян Армен Левонович",
    "InstructorLink": "https://www.smtu.ru/ru/viewperson/100749/"
  },
  {
    "DayOfWeek": "Среда",
    "StartTime": "2024-03-04T11:50:00",
    "EndTime": "2024-03-04T13:20:00",
    "WeekType": "Обе недели",
    "Classroom": "У 446",
    "Group": "1110",
    "Subject": "Иностранный язык",
    "InstructorName": "Манукян Асмик Мануковна",
    "InstructorLink": "https://www.smtu.ru/ru/viewperson/102710/"
  },
  {
    "DayOfWeek": "Четверг",
    "StartTime": "2024-03-04T10:10:00",
    "EndTime": "2024-03-04T11:40:00",
    "WeekType": "Верхняя неделя",
    "Classroom": "Б 401",
    "Group": "1110",
    "Subject": "Экология",
    "InstructorName": "Алексеева Татьяна Николаевна",
    "InstructorLink": "https://www.smtu.ru/ru/viewperson/100021/"
  },
  {
    "DayOfWeek": "Четверг",
    "StartTime": "2024-03-04T10:10:00",
    "EndTime": "2024-03-04T11:40:00",
    "WeekType": "Нижняя неделя",
    "Classroom": "Б 610",
    "Group": "1110",
    "Subject": "Кораблестроительное черчение",
    "InstructorName": "Апалько Татьяна Анатольевна",
    "InstructorLink": "https://www.smtu.ru/ru/viewperson/100048/"
  },
  {
    "DayOfWeek": "Четверг",
    "StartTime": "2024-03-04T10:10:00",
    "EndTime": "2024-03-04T11:40:00",
    "WeekType": "Нижняя неделя",
    "Classroom": "Б 609",
    "Group": "1110",
    "Subject": "Кораблестроительное черчение",
    "InstructorName": "Апалько Татьяна Анатольевна",
    "InstructorLink": "https://www.smtu.ru/ru/viewperson/100048/"
  },
  {
    "DayOfWeek": "Четверг",
    "StartTime": "2024-03-04T11:50:00",
    "EndTime": "2024-03-04T13:20:00",
    "WeekType": "Верхняя неделя",
    "Classroom": "Б 401",
    "Group": "1110",
    "Subject": "Энергетические установки судов",
    "InstructorName": "Серов Алексей Васильевич",
    "InstructorLink": ""
  },
  {
    "DayOfWeek": "Четверг",
    "StartTime": "2024-03-04T11:50:00",
    "EndTime": "2024-03-04T13:20:00",
    "WeekType": "Нижняя неделя",
    "Classroom": "Б 609",
    "Group": "1110",
    "Subject": "Кораблестроительное черчение",
    "InstructorName": "Апалько Татьяна Анатольевна",
    "InstructorLink": "https://www.smtu.ru/ru/viewperson/100048/"
  },
  {
    "DayOfWeek": "Четверг",
    "StartTime": "2024-03-04T11:50:00",
    "EndTime": "2024-03-04T13:20:00",
    "WeekType": "Нижняя неделя",
    "Classroom": "Б 610",
    "Group": "1110",
    "Subject": "Кораблестроительное черчение",
    "InstructorName": "Апалько Татьяна Анатольевна",
    "InstructorLink": "https://www.smtu.ru/ru/viewperson/100048/"
  },
  {
    "DayOfWeek": "Четверг",
    "StartTime": "2024-03-04T14:00:00",
    "EndTime": "2024-03-04T15:30:00",
    "WeekType": "Нижняя неделя",
    "Classroom": "Б 508",
    "Group": "1110",
    "Subject": "Экология",
    "InstructorName": "Алексеева Татьяна Николаевна",
    "InstructorLink": "https://www.smtu.ru/ru/viewperson/100021/"
  },
  {
    "DayOfWeek": "Четверг",
    "StartTime": "2024-03-04T15:40:00",
    "EndTime": "2024-03-04T17:10:00",
    "WeekType": "Нижняя неделя",
    "Classroom": "Б 508",
    "Group": "1110",
    "Subject": "Энергетические установки судов",
    "InstructorName": "Серов Алексей Васильевич",
    "InstructorLink": ""
  },
  {
    "DayOfWeek": "Пятница",
    "StartTime": "2024-03-04T10:10:00",
    "EndTime": "2024-03-04T11:40:00",
    "WeekType": "Верхняя неделя",
    "Classroom": "У 211",
    "Group": "1110",
    "Subject": "Инженерная графика",
    "InstructorName": "Замукова Татьяна Владимировна",
    "InstructorLink": "https://www.smtu.ru/ru/viewperson/100411/"
  },
  {
    "DayOfWeek": "Пятница",
    "StartTime": "2024-03-04T11:50:00",
    "EndTime": "2024-03-04T13:20:00",
    "WeekType": "Обе недели",
    "Classroom": "У 211",
    "Group": "1110",
    "Subject": "Инженерная графика",
    "InstructorName": "Замукова Татьяна Владимировна",
    "InstructorLink": "https://www.smtu.ru/ru/viewperson/100411/"
  },
  {
    "DayOfWeek": "Пятница",
    "StartTime": "2024-03-04T14:00:00",
    "EndTime": "2024-03-04T15:30:00",
    "WeekType": "Обе недели",
    "Classroom": "У 408",
    "Group": "1110",
    "Subject": "Иностранный язык",
    "InstructorName": "Манукян Асмик Мануковна",
    "InstructorLink": "https://www.smtu.ru/ru/viewperson/102710/"
  },
  {
    "DayOfWeek": "Суббота",
    "StartTime": "2024-03-04T10:10:00",
    "EndTime": "2024-03-04T11:40:00",
    "WeekType": "Обе недели",
    "Classroom": "У каф.ФВ",
    "Group": "1110",
    "Subject": "Физическая культура и спорт (элективная)",
    "InstructorName": "",
    "InstructorLink": ""
  },
  {
    "DayOfWeek": "Суббота",
    "StartTime": "2024-03-04T11:50:00",
    "EndTime": "2024-03-04T13:20:00",
    "WeekType": "Обе недели",
    "Classroom": "У 209",
    "Group": "1110",
    "Subject": "Информационные технологии",
    "InstructorName": "Высицкий Анатолий Федорович",
    "InstructorLink": ""
  },
  {
    "DayOfWeek": "Суббота",
    "StartTime": "2024-03-04T14:00:00",
    "EndTime": "2024-03-04T15:30:00",
    "WeekType": "Обе недели",
    "Classroom": "У 209",
    "Group": "1110",
    "Subject": "Информационные технологии",
    "InstructorName": "Высицкий Анатолий Федорович",
    "InstructorLink": ""
  }
]