[
  {
    "DayOfWeek": "Понедельник",
    "StartTime": "2024-03-04T10:10:00",
    "EndTime": "2024-03-04T11:40:00",
    "WeekType": "Верхняя неделя",
    "Classroom": "А 407",
    "Group": "1119",
    "Subject": "Энергетические установки судов",
    "InstructorName": "Степанова Анна Сергеевна",
    "InstructorLink": ""
  },
  {
    "DayOfWeek": "Понедельник",
    "StartTime": "2024-03-04T10:10:00",
    "EndTime": "2024-03-04T11:40:00",
    "WeekType": "Нижняя неделя",
    "Classroom": "У 451",
    "Group": "1119",
    "Subject": "Высшая математика",
    "InstructorName": "Кадыров Сергей Газимурович",
    "InstructorLink": "https://www.smtu.ru/ru/viewperson/100484/"
  },
  {
    "DayOfWeek": "Понедельник",
    "StartTime": "2024-03-04T11:50:00",
    "EndTime": "2024-03-04T13:20:00",
    "WeekType": "Верхняя неделя",
    "Classroom": "А 407",
    "Group": "1119",
    "Subject": "Энергетические установки судов",
    "InstructorName": "Степанова Анна Сергеевна",
    "InstructorLink": ""
  },
  {
    "DayOfWeek": "Понедельник",
    "StartTime": "2024-03-04T11:50:00",
    "EndTime": "2024-03-04T13:20:00",
    "WeekType": "Нижняя неделя",
    "Classroom": "У 451",
    "Group": "1119",
    "Subject": "Высшая математика",
    "InstructorName": "Кадыров Сергей Газимурович",
    "InstructorLink": "https://www.smtu.ru/ru/viewperson/100484/"
  },
  {
    "DayOfWeek": "Понедельник",
    "StartTime": "2024-03-04T14:00:00",
    "EndTime": "2024-03-04T15:30:00",
    "WeekType": "Нижняя неделя",
    "Classroom": "У 322",
    "Group": "1119",
    "Subject": "Физика",
    "InstructorName": "Клещев Александр Александрович",
    "InstructorLink": "https://www.smtu.ru/ru/viewperson/100523/"
  },
  {
    "DayOfWeek": "Понедельник",
    "StartTime": "2024-03-04T14:00:00",
    "EndTime": "2024-03-04T15:30:00",
    "WeekType": "Нижняя неделя",
    "Classroom": "У 320",
    "Group": "1119",
    "Subject": "Физика",
    "InstructorName": "Клещев Александр Александрович",
    "InstructorLink": "https://www.smtu.ru/ru/viewperson/100523/"
  },
  {
    "DayOfWeek": "Понедельник",
    "StartTime": "2024-03-04T15:40:00",
    "EndTime": "2024-03-04T17:10:00",
    "WeekType": "Нижняя неделя",
    "Classroom": "У 304",
    "Group": "1119",
    "Subject": "Физика",
    "InstructorName": "Клещев Александр Александрович",
    "InstructorLink": "https://www.smtu.ru/ru/viewperson/100523/"
  },
  {
    "DayOfWeek": "Вторник",
    "StartTime": "2024-03-04T10:10:00",
    "EndTime": "2024-03-04T11:40:00",
    "WeekType": "Верхняя неделя",
    "Classroom": "У каф.ФВ",
    "Group": "1119",
    "Subject": "Физическая культура и спорт (элективная)",
    "InstructorName": "",
    "InstructorLink": ""
  },
  {
    "DayOfWeek": "Вторник",
    "StartTime": "2024-03-04T11:50:00",
    "EndTime": "2024-03-04T13:20:00",
    "WeekType": "Верхняя неделя",
    "Classroom": "У 101",
    "Group": "1119",
    "Subject": "История России",
    "InstructorName": "Шмелева Марина Юрьевна",
    "InstructorLink": "https://www.smtu.ru/ru/viewperson/101369/"
  },
  {
    "DayOfWeek": "Вторник",
    "StartTime": "2024-03-04T11:50:00",
    "EndTime": "2024-03-04T13:20:00",
    "WeekType": "Нижняя неделя",
    "Classroom": "У 103",
    "Group": "1119",
    "Subject": "Высшая математика",
    "InstructorName": "Сорокин Вадим Николаевич",
    "InstructorLink": ""
  },
  {
    "DayOfWeek": "Вторник",
    "StartTime": "2024-03-04T14:00:00",
    "EndTime": "2024-03-04T15:30:00",
    "WeekType": "Верхняя неделя",
    "Classroom": "У 103",
    "Group": "1119",
    "Subject": "Высшая математика",
    "InstructorName": "Сорокин Вадим Николаевич",
    "InstructorLink": ""
  },
  {
    "DayOfWeek": "Вторник",
    "StartTime": "2024-03-04T14:00:00",
    "EndTime": "2024-03-04T15:30:00",
    "WeekType": "Нижняя неделя",
    "Classroom": "У 103",
    "Group": "1119",
    "Subject": "Теоретическая механика",
    "InstructorName": "Мелконян Армен Левонович",
    "InstructorLink": "https://www.smtu.ru/ru/viewperson/100749/"
  },
  {
    "DayOfWeek": "Вторник",
    "StartTime": "2024-03-04T15:40:00",
    "EndTime": "2024-03-04T17:10:00",
    "WeekType": "Обе недели",
    "Classroom": "У 211",
    "Group": "1119",
    "Subject": "Инженерная графика",
    "InstructorName": "Говорова Ольга Васильевна",
    "InstructorLink": "https://www.smtu.ru/ru/viewperson/100273/"
  },
  {
    "DayOfWeek": "Вторник",
    "StartTime": "2024-03-04T17:20:00",
    "EndTime": "2024-03-04T18:50:00",
    "WeekType": "Нижняя неделя",
    "Classroom": "У 211",
    "Group": "1119",
    "Subject": "Инженерная графика",
    "InstructorName": "Говорова Ольга Васильевна",
    "InstructorLink": "https://www.smtu.ru/ru/viewperson/100273/"
  },
  {
    "DayOfWeek": "Среда",
    "StartTime": "2024-03-04T10:10:00",
    "EndTime": "2024-03-04T11:40:00",
    "WeekType": "Верхняя неделя",
    "Classroom": "У 154",
    "Group": "1119",
    "Subject": "Высшая математика",
    "InstructorName": "Кадыров Сергей Газимурович",
    "InstructorLink": "https://www.smtu.ru/ru/viewperson/100484/"
  },
  {
    "DayOfWeek": "Среда",
    "StartTime": "2024-03-04T11:50:00",
    "EndTime": "2024-03-04T13:20:00",
    "WeekType": "Верхняя неделя",
    "Classroom": "У 154",
    "Group": "1119",
    "Subject": "Высшая математика",
    "InstructorName": "Кадыров Сергей Газимурович",
    "InstructorLink": "https://www.smtu.ru/ru/viewperson/100484/"
  },
  {
    "DayOfWeek": "Среда",
    "StartTime": "2024-03-04T11:50:00",
    "EndTime": "2024-03-04T13:20:00",
    "WeekType": "Нижняя неделя",
    "Classroom": "У 101",
    "Group": "1119",
    "Subject": "Высшая математика",
    "InstructorName": "Сорокин Вадим Николаевич",
    "InstructorLink": ""
  },
  {
    "DayOfWeek": "Среда",
    "StartTime": "2024-03-04T14:00:00",
    "EndTime": "2024-03-04T15:30:00",
    "WeekType": "Верхняя неделя",
    "Classroom": "У 107",
    "Group": "1119",
    "Subject": "Высшая математика",
    "InstructorName": "Сорокин Вадим Николаевич",
    "InstructorLink": ""
  },
  {
    "DayOfWeek": "Среда",
    "StartTime": "2024-03-04T14:00:00",
    "EndTime": "2024-03-04T15:30:00",
    "WeekType": "Нижняя неделя",
    "Classroom": "У 502",
    "Group": "1119",
    "Subject": "История России",
    "InstructorName": "Девятова Марина Эрастовна",
    "InstructorLink": "https://www.smtu.ru/ru/viewperson/100324/"
  },
  {
    "DayOfWeek": "Среда",
    "StartTime": "2024-03-04T15:40:00",
    "EndTime": "2024-03-04T17:10:00",
    "WeekType": "Обе недели",
    "Classroom": "У 101",
    "Group": "1119",
    "Subject": "Физика",
    "InstructorName": "Монозон Борис Семенович",
    "InstructorLink": ""
  },
  {
    "DayOfWeek": "Четверг",
    "StartTime": "2024-03-04T10:10:00",
    "EndTime": "2024-03-04T11:40:00",
    "WeekType": "Верхняя неделя",
    "Classroom": "Б 610",
    "Group": "1119",
    "Subject": "Кораблестроительное черчение",
    "InstructorName": "Апалько Татьяна Анатольевна",
    "InstructorLink": "https://www.smtu.ru/ru/viewperson/100048/"
  },
  {
    "DayOfWeek": "Четверг",
    "StartTime": "2024-03-04T10:10:00",
    "EndTime": "2024-03-04T11:40:00",
    "WeekType": "Верхняя неделя",
    "Classroom": "Б 609",
    "Group": "1119",
    "Subject": "Кораблестроительное черчение",
    "InstructorName": "Апалько Татьяна Анатольевна",
    "InstructorLink": "https://www.smtu.ru/ru/viewperson/100048/"
  },
  {
    "DayOfWeek": "Четверг",
    "StartTime": "2024-03-04T11:50:00",
    "EndTime": "2024-03-04T13:20:00",
    "WeekType": "Верхняя неделя",
    "Classroom": "Б 610",
    "Group": "1119",
    "Subject": "Кораблестроительное черчение",
    "InstructorName": "Апалько Татьяна Анатольевна",
    "InstructorLink": "https://www.smtu.ru/ru/viewperson/100048/"
  },
  {
    "DayOfWeek": "Четверг",
    "StartTime": "2024-03-04T11:50:00",
    "EndTime": "2024-03-04T13:20:00",
    "WeekType": "Верхняя неделя",
    "Classroom": "Б 609",
    "Group": "1119",
    "Subject": "Кораблестроительное черчение",
    "InstructorName": "Апалько Татьяна Анатольевна",
    "InstructorLink": "https://www.smtu.ru/ru/viewperson/100048/"
  },
  {
    "DayOfWeek": "Четверг",
    "StartTime": "2024-03-04T11:50:00",
    "EndTime": "2024-03-04T13:20:00",
    "WeekType": "Нижняя неделя",
    "Classroom": "У 511",
    "Group": "1119",
    "Subject": "Теоретическая механика",
    "InstructorName": "Бабанин Николай Викторович",
    "InstructorLink": ""
  },
  {
    "DayOfWeek": "Четверг",
    "StartTime": "2024-03-04T14:00:00",
    "EndTime": "2024-03-04T15:30:00",
    "WeekType": "Нижняя неделя",
    "Classroom": "У 511",
    "Group": "1119",
    "Subject": "Теоретическая механика",
    "InstructorName": "Бабанин Николай Викторович",
    "InstructorLink": ""
  },
  {
    "DayOfWeek": "Четверг",
    "StartTime": "2024-03-04T15:40:00",
    "EndTime": "2024-03-04T17:10:00",
    "WeekType": "Нижняя неделя",
    "Classroom": "У каф.ФВ",
    "Group": "1119",
    "Subject": "Физическая культура и спорт (элективная)",
    "InstructorName": "",
    "InstructorLink": ""
  },
  {
    "DayOfWeek": "Пятница",
    "StartTime": "2024-03-04T08:30:00",
    "EndTime": "2024-03-04T10:00:00",
    "WeekType": "Обе недели",
    "Classroom": "У 101",
    "Group": "1119",
    "Subject": "Культурология",
    "InstructorName": "Добряк Инна Владимировна",
    "InstructorLink": "https://www.smtu.ru/ru/viewperson/100346/"
  },
  {
    "DayOfWeek": "Пятница",
    "StartTime": "2024-03-04T10:10:00",
    "EndTime": "2024-03-04T11:40:00",
    "WeekType": "Обе недели",
    "Classroom": "У 105",
    "Group": "1119",
    "Subject": "История России",
    "InstructorName": "Девятова Марина Эрастовна",
    "InstructorLink": "https://www.smtu.ru/ru/viewperson/100324/"
  },
  {
    "DayOfWeek": "Пятница",
    "StartTime": "2024-03-04T11:50:00",
    "EndTime": "2024-03-04T13:20:00",
    "WeekType": "Обе недели",
    "Classroom": "У 444",
    "Group": "1119",
    "Subject": "Иностранный язык",
    "InstructorName": "Осипенко Елена Анатольевна",
    "InstructorLink": "https://www.smtu.ru/ru/viewperson/122745/"
  },
  {
    "DayOfWeek": "Пятница",
    "StartTime": "2024-03-04T14:00:00",
    "EndTime": "2024-03-04T15:30:00",
    "WeekType": "Обе недели",
    "Classroom": "У 444",
    "Group": "1119",
    "Subject": "Иностранный язык",
    "InstructorName": "Осипенко Елена Анатольевна",
    "InstructorLink": "https://www.smtu.ru/ru/viewperson/122745/"
  },
  {
    "DayOfWeek": "Суббота",
    "StartTime": "2024-03-04T10:10:00",
    "EndTime": "2024-03-04T11:40:00",
    "WeekType": "Обе недели",
    "Classroom": "У каф.ФВ",
    "Group": "1119",
    "Subject": "Физическая культура и спорт (элективная)",
    "InstructorName": "",
    "InstructorLink": ""
  },
  {
    "DayOfWeek": "Суббота",
    "StartTime": "2024-03-04T11:50:00",
    "EndTime": "2024-03-04T13:20:00",
    "WeekType": "Обе недели",
    "Classroom": "У 415",
    "Group": "1119",
    "Subject": "Информационные технологии",
    "InstructorName": "Лапеченков Павел Сергеевич",
    "InstructorLink": "https://www.smtu.ru/ru/viewperson/103666/"
  },
  {
    "DayOfWeek": "Суббота",
    "StartTime": "2024-03-04T14:00:00",
    "EndTime": "2024-03-04T15:30:00",
    "WeekType": "Обе недели",
    "Classroom": "У 415",
    "Group": "1119",
    "Subject": "Информационные технологии",
    "InstructorName": "Лапеченков Павел Сергеевич",
    "InstructorLink": "https://www.smtu.ru/ru/viewperson/103666/"
  }
]