[
  {
    "DayOfWeek": "Понедельник",
    "StartTime": "2024-03-04T11:50:00",
    "EndTime": "2024-03-04T13:20:00",
    "WeekType": "Верхняя неделя",
    "Classroom": "Б 309а",
    "Group": "1120",
    "Subject": "Экология",
    "InstructorName": "Зуева Екатерина Сергеевна",
    "InstructorLink": "https://www.smtu.ru/ru/viewperson/100432/"
  },
  {
    "DayOfWeek": "Понедельник",
    "StartTime": "2024-03-04T11:50:00",
    "EndTime": "2024-03-04T13:20:00",
    "WeekType": "Нижняя неделя",
    "Classroom": "Б 309а",
    "Group": "1120",
    "Subject": "Экология",
    "InstructorName": "Зуева Екатерина Сергеевна",
    "InstructorLink": "https://www.smtu.ru/ru/viewperson/100432/"
  },
  {
    "DayOfWeek": "Понедельник",
    "StartTime": "2024-03-04T14:00:00",
    "EndTime": "2024-03-04T15:30:00",
    "WeekType": "Обе недели",
    "Classroom": "Б 309а",
    "Group": "1120",
    "Subject": "Основы океанотехники",
    "InstructorName": "Зуева Екатерина Сергеевна",
    "InstructorLink": "https://www.smtu.ru/ru/viewperson/100432/"
  },
  {
    "DayOfWeek": "Понедельник",
    "StartTime": "2024-03-04T15:40:00",
    "EndTime": "2024-03-04T17:10:00",
    "WeekType": "Обе недели",
    "Classroom": "Б 309а",
    "Group": "1120",
    "Subject": "Основы океанотехники",
    "InstructorName": "Зуева Екатерина Сергеевна",
    "InstructorLink": "https://www.smtu.ru/ru/viewperson/100432/"
  },
  {
    "DayOfWeek": "Вторник",
    "StartTime": "2024-03-04T08:30:00",
    "EndTime": "2024-03-04T10:00:00",
    "WeekType": "Верхняя неделя",
    "Classroom": "У 105",
    "Group": "1120",
    "Subject": "Теоретическая механика",
    "InstructorName": "Титова Юлияна Францевна",
    "InstructorLink": "https://www.smtu.ru/ru/viewperson/101184/"
  },
  {
    "DayOfWeek": "Вторник",
    "StartTime": "2024-03-04T10:10:00",
    "EndTime": "2024-03-04T11:40:00",
    "WeekType": "Обе недели",
    "Classroom": "У 103",
    "Group": "1120",
    "Subject": "Физика",
    "InstructorName": "Бабаев Владимир Сергеевич",
    "InstructorLink": "https://www.smtu.ru/ru/viewperson/100059/"
  },
  {
    "DayOfWeek": "Вторник",
    "StartTime": "2024-03-04T11:50:00",
    "EndTime": "2024-03-04T13:20:00",
    "WeekType": "Обе недели",
    "Classroom": "У 215",
    "Group": "1120",
    "Subject": "Инженерная графика",
    "InstructorName": "Лисовский Михаил Константинович",
    "InstructorLink": "https://www.smtu.ru/ru/viewperson/100683/"
  },
  {
    "DayOfWeek": "Вторник",
    "StartTime": "2024-03-04T14:00:00",
    "EndTime": "2024-03-04T15:30:00",
    "WeekType": "Верхняя неделя",
    "Classroom": "У 502",
    "Group": "1120",
    "Subject": "История России",
    "InstructorName": "Девятова Марина Эрастовна",
    "InstructorLink": "https://www.smtu.ru/ru/viewperson/100324/"
  },
  {
    "DayOfWeek": "Вторник",
    "StartTime": "2024-03-04T14:00:00",
    "EndTime": "2024-03-04T15:30:00",
    "WeekType": "Нижняя неделя",
    "Classroom": "У 215",
    "Group": "1120",
    "Subject": "Инженерная графика",
    "InstructorName": "Лисовский Михаил Константинович",
    "InstructorLink": "https://www.smtu.ru/ru/viewperson/100683/"
  },
  {
    "DayOfWeek": "Среда",
    "StartTime": "2024-03-04T08:30:00",
    "EndTime": "2024-03-04T10:00:00",
    "WeekType": "Нижняя неделя",
    "Classroom": "У 103",
    "Group": "1120",
    "Subject": "Высшая математика",
    "InstructorName": "Ловягин Никита Юрьевич",
    "InstructorLink": ""
  },
  {
    "DayOfWeek": "Среда",
    "StartTime": "2024-03-04T10:10:00",
    "EndTime": "2024-03-04T11:40:00",
    "WeekType": "Обе недели",
    "Classroom": "У 103",
    "Group": "1120",
    "Subject": "Высшая математика",
    "InstructorName": "Ловягин Никита Юрьевич",
    "InstructorLink": ""
  },
  {
    "DayOfWeek": "Среда",
    "StartTime": "2024-03-04T11:50:00",
    "EndTime": "2024-03-04T13:20:00",
    "WeekType": "Верхняя неделя",
    "Classroom": "У 440",
    "Group": "1120",
    "Subject": "Высшая математика",
    "InstructorName": "Ловягин Никита Юрьевич",
    "InstructorLink": ""
  },
  {
    "DayOfWeek": "Среда",
    "StartTime": "2024-03-04T11:50:00",
    "EndTime": "2024-03-04T13:20:00",
    "WeekType": "Нижняя неделя",
    "Classroom": "У 326",
    "Group": "1120",
    "Subject": "Физика",
    "InstructorName": "Бабаев Владимир Сергеевич",
    "InstructorLink": "https://www.smtu.ru/ru/viewperson/100059/"
  },
  {
    "DayOfWeek": "Среда",
    "StartTime": "2024-03-04T14:00:00",
    "EndTime": "2024-03-04T15:30:00",
    "WeekType": "Обе недели",
    "Classroom": "У каф.ФВ",
    "Group": "1120",
    "Subject": "Физическая культура и спорт (элективная)",
    "InstructorName": "",
    "InstructorLink": ""
  },
  {
    "DayOfWeek": "Четверг",
    "StartTime": "2024-03-04T08:30:00",
    "EndTime": "2024-03-04T10:00:00",
    "WeekType": "Обе недели",
    "Classroom": "У 506",
    "Group": "1120",
    "Subject": "Теоретическая механика",
    "InstructorName": "Титова Юлияна Францевна",
    "InstructorLink": "https://www.smtu.ru/ru/viewperson/101184/"
  },
  {
    "DayOfWeek": "Четверг",
    "StartTime": "2024-03-04T10:10:00",
    "EndTime": "2024-03-04T11:40:00",
    "WeekType": "Обе недели",
    "Classroom": "У 451",
    "Group": "1120",
    "Subject": "Высшая математика",
    "InstructorName": "Ловягин Никита Юрьевич",
    "InstructorLink": ""
  },
  {
    "DayOfWeek": "Четверг",
    "StartTime": "2024-03-04T11:50:00",
    "EndTime": "2024-03-04T13:20:00",
    "WeekType": "Обе недели",
    "Classroom": "У 101",
    "Group": "1120",
    "Subject": "История России",
    "InstructorName": "Чепель Александр Иванович",
    "InstructorLink": "https://www.smtu.ru/ru/viewperson/101302/"
  },
  {
    "DayOfWeek": "Пятница",
    "StartTime": "2024-03-04T10:10:00",
    "EndTime": "2024-03-04T11:40:00",
    "WeekType": "Нижняя неделя",
    "Classroom": "У 101",
    "Group": "1120",
    "Subject": "История России",
    "InstructorName": "Добряк Инна Владимировна",
    "InstructorLink": "https://www.smtu.ru/ru/viewperson/100346/"
  },
  {
    "DayOfWeek": "Пятница",
    "StartTime": "2024-03-04T11:50:00",
    "EndTime": "2024-03-04T13:20:00",
    "WeekType": "Нижняя неделя",
    "Classroom": "У 320",
    "Group": "1120",
    "Subject": "Физика",
    "InstructorName": "Король Андрей Владимирович",
    "InstructorLink": ""
  },
  {
    "DayOfWeek": "Пятница",
    "StartTime": "2024-03-04T11:50:00",
    "EndTime": "2024-03-04T13:20:00",
    "WeekType": "Нижняя неделя",
    "Classroom": "У 322",
    "Group": "1120",
    "Subject": "Физика",
    "InstructorName": "Король Андрей Владимирович",
    "InstructorLink": ""
  },
  {
    "DayOfWeek": "Пятница",
    "StartTime": "2024-03-04T14:00:00",
    "EndTime": "2024-03-04T15:30:00",
    "WeekType": "Обе недели",
    "Classroom": "У 446",
    "Group": "1120",
    "Subject": "Иностранный язык",
    "InstructorName": "Серова Людмила Павловна",
    "InstructorLink": "https://www.smtu.ru/ru/viewperson/101067/"
  },
  {
    "DayOfWeek": "Пятница",
    "StartTime": "2024-03-04T15:40:00",
    "EndTime": "2024-03-04T17:10:00",
    "WeekType": "Обе недели",
    "Classroom": "У 446",
    "Group": "1120",
    "Subject": "Иностранный язык",
    "InstructorName": "Серова Людмила Павловна",
    "InstructorLink": "https://www.smtu.ru/ru/viewperson/101067/"
  },
  {
    "DayOfWeek": "Суббота",
    "StartTime": "2024-03-04T08:30:00",
    "EndTime": "2024-03-04T10:00:00",
    "WeekType": "Обе недели",
    "Classroom": "У 415",
    "Group": "1120",
    "Subject": "Информационные технологии",
    "InstructorName": "Лапеченков Павел Сергеевич",
    "InstructorLink": "https://www.smtu.ru/ru/viewperson/103666/"
  },
  {
    "DayOfWeek": "Суббота",
    "StartTime": "2024-03-04T10:10:00",
    "EndTime": "2024-03-04T11:40:00",
    "WeekType": "Обе недели",
    "Classroom": "У 415",
    "Group": "1120",
    "Subject": "Информационные технологии",
    "InstructorName": "Лапеченков Павел Сергеевич",
    "InstructorLink": "https://www.smtu.ru/ru/viewperson/103666/"
  },
  {
    "DayOfWeek": "Суббота",
    "StartTime": "2024-03-04T11:50:00",
    "EndTime": "2024-03-04T13:20:00",
    "WeekType": "Обе недели",
    "Classroom": "У каф.ФВ",
    "Group": "1120",
    "Subject": "Физическая культура и спорт (элективная)",
    "InstructorName": "",
    "InstructorLink": ""
  }
]