[
  {
    "DayOfWeek": "Понедельник",
    "StartTime": "2024-03-04T17:20:00",
    "EndTime": "2024-03-04T18:50:00",
    "WeekType": "Нижняя неделя",
    "Classroom": "Б 419",
    "Group": "1168",
    "Subject": "Обеспечение мореходности при проектировании морской техники",
    "InstructorName": "Кутейников Михаил Анатольевич",
    "InstructorLink": ""
  },
  {
    "DayOfWeek": "Понедельник",
    "StartTime": "2024-03-04T19:00:00",
    "EndTime": "2024-03-04T20:30:00",
    "WeekType": "Нижняя неделя",
    "Classroom": "Б 422",
    "Group": "1168",
    "Subject": "Обеспечение мореходности при проектировании морской техники",
    "InstructorName": "Кутейников Михаил Анатольевич",
    "InstructorLink": ""
  },
  {
    "DayOfWeek": "Вторник",
    "StartTime": "2024-03-04T14:00:00",
    "EndTime": "2024-03-04T15:30:00",
    "WeekType": "Нижняя неделя",
    "Classroom": "Б 102",
    "Group": "1168",
    "Subject": "Дополнительные разделы теории крыла",
    "InstructorName": "Бесядовский Александр Романович",
    "InstructorLink": "https://www.smtu.ru/ru/viewperson/100105/"
  },
  {
    "DayOfWeek": "Вторник",
    "StartTime": "2024-03-04T15:40:00",
    "EndTime": "2024-03-04T17:10:00",
    "WeekType": "Верхняя неделя",
    "Classroom": "Б 316",
    "Group": "1168",
    "Subject": "Дополнительные разделы теории крыла",
    "InstructorName": "Бесядовский Александр Романович",
    "InstructorLink": "https://www.smtu.ru/ru/viewperson/100105/"
  },
  {
    "DayOfWeek": "Вторник",
    "StartTime": "2024-03-04T15:40:00",
    "EndTime": "2024-03-04T17:10:00",
    "WeekType": "Нижняя неделя",
    "Classroom": "Б 316",
    "Group": "1168",
    "Subject": "Дополнительные разделы теории крыла",
    "InstructorName": "Бесядовский Александр Романович",
    "InstructorLink": "https://www.smtu.ru/ru/viewperson/100105/"
  },
  {
    "DayOfWeek": "Среда",
    "StartTime": "2024-03-04T14:00:00",
    "EndTime": "2024-03-04T15:30:00",
    "WeekType": "Верхняя неделя",
    "Classroom": "У 115",
    "Group": "1168",
    "Subject": "Философские проблемы науки и техники",
    "InstructorName": "Назиров Анатолий Эзелевич",
    "InstructorLink": "https://www.smtu.ru/ru/viewperson/100796/"
  },
  {
    "DayOfWeek": "Среда",
    "StartTime": "2024-03-04T15:40:00",
    "EndTime": "2024-03-04T17:10:00",
    "WeekType": "Верхняя неделя",
    "Classroom": "У 167",
    "Group": "1168",
    "Subject": "Информационные технологии в жизненном цикле морской техники",
    "InstructorName": "Дышкантюк Александр Владимирович",
    "InstructorLink": "https://www.smtu.ru/ru/viewperson/123155/"
  },
  {
    "DayOfWeek": "Среда",
    "StartTime": "2024-03-04T17:20:00",
    "EndTime": "2024-03-04T18:50:00",
    "WeekType": "Верхняя неделя",
    "Classroom": "У 448",
    "Group": "1168",
    "Subject": "Иностранный язык в профессиональной деятельности",
    "InstructorName": "Наймушин Алексей Иванович",
    "InstructorLink": "https://www.smtu.ru/ru/viewperson/105189/"
  },
  {
    "DayOfWeek": "Среда",
    "StartTime": "2024-03-04T17:20:00",
    "EndTime": "2024-03-04T18:50:00",
    "WeekType": "Нижняя неделя",
    "Classroom": "У 543",
    "Group": "1168",
    "Subject": "Философские проблемы науки и техники",
    "InstructorName": "Назиров Анатолий Эзелевич",
    "InstructorLink": "https://www.smtu.ru/ru/viewperson/100796/"
  },
  {
    "DayOfWeek": "Среда",
    "StartTime": "2024-03-04T19:00:00",
    "EndTime": "2024-03-04T20:30:00",
    "WeekType": "Обе недели",
    "Classroom": "У 415",
    "Group": "1168",
    "Subject": "Информационные технологии в жизненном цикле морской техники",
    "InstructorName": "Акуленок Ирина Николаевна",
    "InstructorLink": ""
  },
  {
    "DayOfWeek": "Четверг",
    "StartTime": "2024-03-04T14:00:00",
    "EndTime": "2024-03-04T15:30:00",
    "WeekType": "Нижняя неделя",
    "Classroom": "Б 505(2)",
    "Group": "1168",
    "Subject": "Современная теория турбулентности",
    "InstructorName": "Тряскин Никита Владимирович",
    "InstructorLink": ""
  },
  {
    "DayOfWeek": "Четверг",
    "StartTime": "2024-03-04T15:40:00",
    "EndTime": "2024-03-04T17:10:00",
    "WeekType": "Нижняя неделя",
    "Classroom": "Б 505(2)",
    "Group": "1168",
    "Subject": "Современная теория турбулентности",
    "InstructorName": "Тряскин Никита Владимирович",
    "InstructorLink": ""
  },
  {
    "DayOfWeek": "Четверг",
    "StartTime": "2024-03-04T17:20:00",
    "EndTime": "2024-03-04T18:50:00",
    "WeekType": "Верхняя неделя",
    "Classroom": "Б 419",
    "Group": "1168",
    "Subject": "Расчетные методы прогнозирования безопасности мореплавания и судовождения",
    "InstructorName": "Живица Сергей Григорьевич",
    "InstructorLink": "https://www.smtu.ru/ru/viewperson/122141/"
  },
  {
    "DayOfWeek": "Четверг",
    "StartTime": "2024-03-04T19:00:00",
    "EndTime": "2024-03-04T20:30:00",
    "WeekType": "Верхняя неделя",
    "Classroom": "Б 419",
    "Group": "1168",
    "Subject": "Расчетные методы прогнозирования безопасности мореплавания и судовождения",
    "InstructorName": "Живица Сергей Григорьевич",
    "InstructorLink": "https://www.smtu.ru/ru/viewperson/122141/"
  },
  {
    "DayOfWeek": "Пятница",
    "StartTime": "2024-03-04T15:40:00",
    "EndTime": "2024-03-04T17:10:00",
    "WeekType": "Верхняя неделя",
    "Classroom": "Б 318",
    "Group": "1168",
    "Subject": "Динамика океана",
    "InstructorName": "Мальцева Юлия Евгеньевна",
    "InstructorLink": ""
  },
  {
    "DayOfWeek": "Пятница",
    "StartTime": "2024-03-04T17:20:00",
    "EndTime": "2024-03-04T18:50:00",
    "WeekType": "Верхняя неделя",
    "Classroom": "Б 318",
    "Group": "1168",
    "Subject": "Динамика океана",
    "InstructorName": "Мальцева Юлия Евгеньевна",
    "InstructorLink": ""
  }
]