[
  {
    "DayOfWeek": "Понедельник",
    "StartTime": "2024-03-04T10:10:00",
    "EndTime": "2024-03-04T11:40:00",
    "WeekType": "Верхняя неделя",
    "Classroom": "Б 520",
    "Group": "1170",
    "Subject": "Введение в специальность",
    "InstructorName": "Марков Сергей Петрович",
    "InstructorLink": "https://www.smtu.ru/ru/viewperson/100729/"
  },
  {
    "DayOfWeek": "Понедельник",
    "StartTime": "2024-03-04T11:50:00",
    "EndTime": "2024-03-04T13:20:00",
    "WeekType": "Верхняя неделя",
    "Classroom": "Б 521",
    "Group": "1170",
    "Subject": "Введение в специальность",
    "InstructorName": "Струков Илья Геннадьевич",
    "InstructorLink": ""
  },
  {
    "DayOfWeek": "Понедельник",
    "StartTime": "2024-03-04T14:00:00",
    "EndTime": "2024-03-04T15:30:00",
    "WeekType": "Нижняя неделя",
    "Classroom": "У 161",
    "Group": "1170",
    "Subject": "Правоведение",
    "InstructorName": "Радько Анастасия Сергеевна",
    "InstructorLink": "https://www.smtu.ru/ru/viewperson/100966/"
  },
  {
    "DayOfWeek": "Понедельник",
    "StartTime": "2024-03-04T15:40:00",
    "EndTime": "2024-03-04T17:10:00",
    "WeekType": "Нижняя неделя",
    "Classroom": "У 02ю",
    "Group": "1170",
    "Subject": "Правоведение",
    "InstructorName": "Радько Анастасия Сергеевна",
    "InstructorLink": "https://www.smtu.ru/ru/viewperson/100966/"
  },
  {
    "DayOfWeek": "Вторник",
    "StartTime": "2024-03-04T08:30:00",
    "EndTime": "2024-03-04T10:00:00",
    "WeekType": "Верхняя неделя",
    "Classroom": "У 105",
    "Group": "1170",
    "Subject": "Теоретическая механика",
    "InstructorName": "Титова Юлияна Францевна",
    "InstructorLink": "https://www.smtu.ru/ru/viewperson/101184/"
  },
  {
    "DayOfWeek": "Вторник",
    "StartTime": "2024-03-04T10:10:00",
    "EndTime": "2024-03-04T11:40:00",
    "WeekType": "Обе недели",
    "Classroom": "У 506",
    "Group": "1170",
    "Subject": "Теоретическая механика",
    "InstructorName": "Титова Юлияна Францевна",
    "InstructorLink": "https://www.smtu.ru/ru/viewperson/101184/"
  },
  {
    "DayOfWeek": "Вторник",
    "StartTime": "2024-03-04T11:50:00",
    "EndTime": "2024-03-04T13:20:00",
    "WeekType": "Обе недели",
    "Classroom": "У 161",
    "Group": "1170",
    "Subject": "Физика",
    "InstructorName": "Колесников Юрий Леонидович",
    "InstructorLink": "https://www.smtu.ru/ru/viewperson/122535/"
  },
  {
    "DayOfWeek": "Вторник",
    "StartTime": "2024-03-04T14:00:00",
    "EndTime": "2024-03-04T15:30:00",
    "WeekType": "Верхняя неделя",
    "Classroom": "У 320",
    "Group": "1170",
    "Subject": "Физика",
    "InstructorName": "Колесников Юрий Леонидович",
    "InstructorLink": "https://www.smtu.ru/ru/viewperson/122535/"
  },
  {
    "DayOfWeek": "Вторник",
    "StartTime": "2024-03-04T14:00:00",
    "EndTime": "2024-03-04T15:30:00",
    "WeekType": "Верхняя неделя",
    "Classroom": "У 322",
    "Group": "1170",
    "Subject": "Физика",
    "InstructorName": "Колесников Юрий Леонидович",
    "InstructorLink": "https://www.smtu.ru/ru/viewperson/122535/"
  },
  {
    "DayOfWeek": "Вторник",
    "StartTime": "2024-03-04T14:00:00",
    "EndTime": "2024-03-04T15:30:00",
    "WeekType": "Нижняя неделя",
    "Classroom": "У 304",
    "Group": "1170",
    "Subject": "Физика",
    "InstructorName": "Колесников Юрий Леонидович",
    "InstructorLink": "https://www.smtu.ru/ru/viewperson/122535/"
  },
  {
    "DayOfWeek": "Среда",
    "StartTime": "2024-03-04T08:30:00",
    "EndTime": "2024-03-04T10:00:00",
    "WeekType": "Нижняя неделя",
    "Classroom": "У 103",
    "Group": "1170",
    "Subject": "Высшая математика",
    "InstructorName": "Ловягин Никита Юрьевич",
    "InstructorLink": ""
  },
  {
    "DayOfWeek": "Среда",
    "StartTime": "2024-03-04T10:10:00",
    "EndTime": "2024-03-04T11:40:00",
    "WeekType": "Обе недели",
    "Classroom": "У 103",
    "Group": "1170",
    "Subject": "Высшая математика",
    "InstructorName": "Ловягин Никита Юрьевич",
    "InstructorLink": ""
  },
  {
    "DayOfWeek": "Среда",
    "StartTime": "2024-03-04T11:50:00",
    "EndTime": "2024-03-04T13:20:00",
    "WeekType": "Верхняя неделя",
    "Classroom": "У 105",
    "Group": "1170",
    "Subject": "Экология",
    "InstructorName": "Чихонадских Елена Александровна",
    "InstructorLink": "https://www.smtu.ru/ru/viewperson/101326/"
  },
  {
    "DayOfWeek": "Среда",
    "StartTime": "2024-03-04T11:50:00",
    "EndTime": "2024-03-04T13:20:00",
    "WeekType": "Нижняя неделя",
    "Classroom": "У 340(1)",
    "Group": "1170",
    "Subject": "Экология",
    "InstructorName": "Чихонадских Елена Александровна",
    "InstructorLink": "https://www.smtu.ru/ru/viewperson/101326/"
  },
  {
    "DayOfWeek": "Среда",
    "StartTime": "2024-03-04T14:00:00",
    "EndTime": "2024-03-04T15:30:00",
    "WeekType": "Обе недели",
    "Classroom": "У 440",
    "Group": "1170",
    "Subject": "Высшая математика",
    "InstructorName": "Сегаль Ирина Фридриховна",
    "InstructorLink": "https://www.smtu.ru/ru/viewperson/101045/"
  },
  {
    "DayOfWeek": "Среда",
    "StartTime": "2024-03-04T15:40:00",
    "EndTime": "2024-03-04T17:10:00",
    "WeekType": "Верхняя неделя",
    "Classroom": "У 440",
    "Group": "1170",
    "Subject": "Высшая математика",
    "InstructorName": "Сегаль Ирина Фридриховна",
    "InstructorLink": "https://www.smtu.ru/ru/viewperson/101045/"
  },
  {
    "DayOfWeek": "Четверг",
    "StartTime": "2024-03-04T08:30:00",
    "EndTime": "2024-03-04T10:00:00",
    "WeekType": "Верхняя неделя",
    "Classroom": "У 217",
    "Group": "1170",
    "Subject": "Инженерная графика",
    "InstructorName": "Анисимов Антон Александрович",
    "InstructorLink": ""
  },
  {
    "DayOfWeek": "Четверг",
    "StartTime": "2024-03-04T10:10:00",
    "EndTime": "2024-03-04T11:40:00",
    "WeekType": "Обе недели",
    "Classroom": "У 217",
    "Group": "1170",
    "Subject": "Инженерная графика",
    "InstructorName": "Анисимов Антон Александрович",
    "InstructorLink": ""
  },
  {
    "DayOfWeek": "Четверг",
    "StartTime": "2024-03-04T11:50:00",
    "EndTime": "2024-03-04T13:20:00",
    "WeekType": "Обе недели",
    "Classroom": "У 101",
    "Group": "1170",
    "Subject": "История России",
    "InstructorName": "Чепель Александр Иванович",
    "InstructorLink": "https://www.smtu.ru/ru/viewperson/101302/"
  },
  {
    "DayOfWeek": "Четверг",
    "StartTime": "2024-03-04T14:00:00",
    "EndTime": "2024-03-04T15:30:00",
    "WeekType": "Нижняя неделя",
    "Classroom": "У 543",
    "Group": "1170",
    "Subject": "История России",
    "InstructorName": "Чепель Александр Иванович",
    "InstructorLink": "https://www.smtu.ru/ru/viewperson/101302/"
  },
  {
    "DayOfWeek": "Пятница",
    "StartTime": "2024-03-04T10:10:00",
    "EndTime": "2024-03-04T11:40:00",
    "WeekType": "Нижняя неделя",
    "Classroom": "У 101",
    "Group": "1170",
    "Subject": "История России",
    "InstructorName": "Добряк Инна Владимировна",
    "InstructorLink": "https://www.smtu.ru/ru/viewperson/100346/"
  },
  {
    "DayOfWeek": "Пятница",
    "StartTime": "2024-03-04T11:50:00",
    "EndTime": "2024-03-04T13:20:00",
    "WeekType": "Обе недели",
    "Classroom": "У 414",
    "Group": "1170",
    "Subject": "Информационные технологии",
    "InstructorName": "Вайнт Кристина Сергеевна",
    "InstructorLink": ""
  },
  {
    "DayOfWeek": "Пятница",
    "StartTime": "2024-03-04T14:00:00",
    "EndTime": "2024-03-04T15:30:00",
    "WeekType": "Обе недели",
    "Classroom": "У 414",
    "Group": "1170",
    "Subject": "Информационные технологии",
    "InstructorName": "Вайнт Кристина Сергеевна",
    "InstructorLink": ""
  },
  {
    "DayOfWeek": "Пятница",
    "StartTime": "2024-03-04T15:40:00",
    "EndTime": "2024-03-04T17:10:00",
    "WeekType": "Обе недели",
    "Classroom": "У каф.ФВ",
    "Group": "1170",
    "Subject": "Физическая культура и спорт (элективная)",
    "InstructorName": "",
    "InstructorLink": ""
  },
  {
    "DayOfWeek": "Суббота",
    "StartTime": "2024-03-04T10:10:00",
    "EndTime": "2024-03-04T11:40:00",
    "WeekType": "Обе недели",
    "Classroom": "У каф.ФВ",
    "Group": "1170",
    "Subject": "Физическая культура и спорт (элективная)",
    "InstructorName": "",
    "InstructorLink": ""
  },
  {
    "DayOfWeek": "Суббота",
    "StartTime": "2024-03-04T11:50:00",
    "EndTime": "2024-03-04T13:20:00",
    "WeekType": "Обе недели",
    "Classroom": "У 446",
    "Group": "1170",
    "Subject": "Иностранный язык",
    "InstructorName": "Киселева Людмила Борисовна",
    "InstructorLink": "https://www.smtu.ru/ru/viewperson/100520/"
  },
  {
    "DayOfWeek": "Суббота",
    "StartTime": "2024-03-04T14:00:00",
    "EndTime": "2024-03-04T15:30:00",
    "WeekType": "Обе недели",
    "Classroom": "У 446",
    "Group": "1170",
    "Subject": "Иностранный язык",
    "InstructorName": "Киселева Людмила Борисовна",
    "InstructorLink": "https://www.smtu.ru/ru/viewperson/100520/"
  }
]