[
  {
    "DayOfWeek": "Понедельник",
    "StartTime": "2024-03-04T11:50:00",
    "EndTime": "2024-03-04T13:20:00",
    "WeekType": "Верхняя неделя",
    "Classroom": "Б 520",
    "Group": "1173",
    "Subject": "Математические методы в инженирии",
    "InstructorName": "Марков Сергей Петрович",
    "InstructorLink": "https://www.smtu.ru/ru/viewperson/100729/"
  },
  {
    "DayOfWeek": "Понедельник",
    "StartTime": "2024-03-04T14:00:00",
    "EndTime": "2024-03-04T15:30:00",
    "WeekType": "Верхняя неделя",
    "Classroom": "Б 520",
    "Group": "1173",
    "Subject": "Математические методы в инженирии",
    "InstructorName": "Марков Сергей Петрович",
    "InstructorLink": "https://www.smtu.ru/ru/viewperson/100729/"
  },
  {
    "DayOfWeek": "Понедельник",
    "StartTime": "2024-03-04T14:00:00",
    "EndTime": "2024-03-04T15:30:00",
    "WeekType": "Нижняя неделя",
    "Classroom": "Б 218",
    "Group": "1173",
    "Subject": "Вычислительная механика и компьютерный инжиниринг",
    "InstructorName": "Коршунов Владимир Александрович",
    "InstructorLink": "https://www.smtu.ru/ru/viewperson/100566/"
  },
  {
    "DayOfWeek": "Понедельник",
    "StartTime": "2024-03-04T15:40:00",
    "EndTime": "2024-03-04T17:10:00",
    "WeekType": "Нижняя неделя",
    "Classroom": "Б 218",
    "Group": "1173",
    "Subject": "Вычислительная механика и компьютерный инжиниринг",
    "InstructorName": "Коршунов Владимир Александрович",
    "InstructorLink": "https://www.smtu.ru/ru/viewperson/100566/"
  },
  {
    "DayOfWeek": "Среда",
    "StartTime": "2024-03-04T14:00:00",
    "EndTime": "2024-03-04T15:30:00",
    "WeekType": "Верхняя неделя",
    "Classroom": "У 115",
    "Group": "1173",
    "Subject": "Философские проблемы науки и техники",
    "InstructorName": "Назиров Анатолий Эзелевич",
    "InstructorLink": "https://www.smtu.ru/ru/viewperson/100796/"
  },
  {
    "DayOfWeek": "Среда",
    "StartTime": "2024-03-04T14:00:00",
    "EndTime": "2024-03-04T15:30:00",
    "WeekType": "Нижняя неделя",
    "Classroom": "У УИК207",
    "Group": "1173",
    "Subject": "Технологии обработки материалов концентрированными потоками энергии",
    "InstructorName": "Цибульский Игорь Александрович",
    "InstructorLink": "https://www.smtu.ru/ru/viewperson/106209/"
  },
  {
    "DayOfWeek": "Среда",
    "StartTime": "2024-03-04T15:40:00",
    "EndTime": "2024-03-04T17:10:00",
    "WeekType": "Верхняя неделя",
    "Classroom": "У 167",
    "Group": "1173",
    "Subject": "Информационные технологии в жизненном цикле морской техники",
    "InstructorName": "Дышкантюк Александр Владимирович",
    "InstructorLink": "https://www.smtu.ru/ru/viewperson/123155/"
  },
  {
    "DayOfWeek": "Среда",
    "StartTime": "2024-03-04T15:40:00",
    "EndTime": "2024-03-04T17:10:00",
    "WeekType": "Нижняя неделя",
    "Classroom": "У УИК104",
    "Group": "1173",
    "Subject": "Технологии обработки материалов концентрированными потоками энергии",
    "InstructorName": "Цибульский Игорь Александрович",
    "InstructorLink": "https://www.smtu.ru/ru/viewperson/106209/"
  },
  {
    "DayOfWeek": "Среда",
    "StartTime": "2024-03-04T17:20:00",
    "EndTime": "2024-03-04T18:50:00",
    "WeekType": "Верхняя неделя",
    "Classroom": "У 448",
    "Group": "1173",
    "Subject": "Иностранный язык в профессиональной деятельности",
    "InstructorName": "Наймушин Алексей Иванович",
    "InstructorLink": "https://www.smtu.ru/ru/viewperson/105189/"
  },
  {
    "DayOfWeek": "Среда",
    "StartTime": "2024-03-04T17:20:00",
    "EndTime": "2024-03-04T18:50:00",
    "WeekType": "Нижняя неделя",
    "Classroom": "У 543",
    "Group": "1173",
    "Subject": "Философские проблемы науки и техники",
    "InstructorName": "Назиров Анатолий Эзелевич",
    "InstructorLink": "https://www.smtu.ru/ru/viewperson/100796/"
  },
  {
    "DayOfWeek": "Среда",
    "StartTime": "2024-03-04T19:00:00",
    "EndTime": "2024-03-04T20:30:00",
    "WeekType": "Обе недели",
    "Classroom": "У 415",
    "Group": "1173",
    "Subject": "Информационные технологии в жизненном цикле морской техники",
    "InstructorName": "Акуленок Ирина Николаевна",
    "InstructorLink": ""
  },
  {
    "DayOfWeek": "Пятница",
    "StartTime": "2024-03-04T14:00:00",
    "EndTime": "2024-03-04T15:30:00",
    "WeekType": "Верхняя неделя",
    "Classroom": "Б 520",
    "Group": "1173",
    "Subject": "Технология сварки корпусных конструкций",
    "InstructorName": "Муктепавел Вольдемар Освальдович",
    "InstructorLink": ""
  },
  {
    "DayOfWeek": "Пятница",
    "StartTime": "2024-03-04T14:00:00",
    "EndTime": "2024-03-04T15:30:00",
    "WeekType": "Нижняя неделя",
    "Classroom": "Б 101",
    "Group": "1173",
    "Subject": "Проектирование конструкций корпуса судна и плавучих инженерных сооружений",
    "InstructorName": "Тряскин Владимир Николаевич",
    "InstructorLink": "https://www.smtu.ru/ru/viewperson/101209/"
  },
  {
    "DayOfWeek": "Пятница",
    "StartTime": "2024-03-04T15:40:00",
    "EndTime": "2024-03-04T17:10:00",
    "WeekType": "Обе недели",
    "Classroom": "Б 520",
    "Group": "1173",
    "Subject": "Технология сварки корпусных конструкций",
    "InstructorName": "Муктепавел Вольдемар Освальдович",
    "InstructorLink": ""
  },
  {
    "DayOfWeek": "Суббота",
    "StartTime": "2024-03-04T10:10:00",
    "EndTime": "2024-03-04T11:40:00",
    "WeekType": "Верхняя неделя",
    "Classroom": "Б 508",
    "Group": "1173",
    "Subject": "Проектирование конструкций корпуса судна и плавучих инженерных сооружений",
    "InstructorName": "Иванова Дианна Тимофеевна",
    "InstructorLink": "https://www.smtu.ru/ru/viewperson/102967/"
  },
  {
    "DayOfWeek": "Суббота",
    "StartTime": "2024-03-04T11:50:00",
    "EndTime": "2024-03-04T13:20:00",
    "WeekType": "Верхняя неделя",
    "Classroom": "Б 508",
    "Group": "1173",
    "Subject": "Проектирование конструкций корпуса судна и плавучих инженерных сооружений",
    "InstructorName": "Иванова Дианна Тимофеевна",
    "InstructorLink": "https://www.smtu.ru/ru/viewperson/102967/"
  }
]