[
  {
    "DayOfWeek": "Понедельник",
    "StartTime": "2024-03-04T11:50:00",
    "EndTime": "2024-03-04T13:20:00",
    "WeekType": "Верхняя неделя",
    "Classroom": "У 195",
    "Group": "1176",
    "Subject": "Механические свойства и испытания материалов",
    "InstructorName": "Толочко Олег Викторович",
    "InstructorLink": ""
  },
  {
    "DayOfWeek": "Понедельник",
    "StartTime": "2024-03-04T11:50:00",
    "EndTime": "2024-03-04T13:20:00",
    "WeekType": "Нижняя неделя",
    "Classroom": "У 195",
    "Group": "1176",
    "Subject": "Механические свойства и испытания материалов",
    "InstructorName": "Толочко Олег Викторович",
    "InstructorLink": ""
  },
  {
    "DayOfWeek": "Понедельник",
    "StartTime": "2024-03-04T14:00:00",
    "EndTime": "2024-03-04T15:30:00",
    "WeekType": "Верхняя неделя",
    "Classroom": "У 195",
    "Group": "1176",
    "Subject": "Методы исследования структуры",
    "InstructorName": "Толочко Олег Викторович",
    "InstructorLink": ""
  },
  {
    "DayOfWeek": "Понедельник",
    "StartTime": "2024-03-04T14:00:00",
    "EndTime": "2024-03-04T15:30:00",
    "WeekType": "Нижняя неделя",
    "Classroom": "У 195",
    "Group": "1176",
    "Subject": "Методы исследования структуры",
    "InstructorName": "Толочко Олег Викторович",
    "InstructorLink": ""
  },
  {
    "DayOfWeek": "Понедельник",
    "StartTime": "2024-03-04T15:40:00",
    "EndTime": "2024-03-04T17:10:00",
    "WeekType": "Обе недели",
    "Classroom": "У 195",
    "Group": "1176",
    "Subject": "Материаловедение неравновесных систем",
    "InstructorName": "Толочко Олег Викторович",
    "InstructorLink": ""
  },
  {
    "DayOfWeek": "Понедельник",
    "StartTime": "2024-03-04T17:20:00",
    "EndTime": "2024-03-04T18:50:00",
    "WeekType": "Нижняя неделя",
    "Classroom": "У 195",
    "Group": "1176",
    "Subject": "Материаловедение неравновесных систем",
    "InstructorName": "Толочко Олег Викторович",
    "InstructorLink": ""
  },
  {
    "DayOfWeek": "Среда",
    "StartTime": "2024-03-04T11:50:00",
    "EndTime": "2024-03-04T13:20:00",
    "WeekType": "Верхняя неделя",
    "Classroom": "У 195",
    "Group": "1176",
    "Subject": "Технологии полимерных композиционных материалов (ПКМ)",
    "InstructorName": "Толочко Олег Викторович",
    "InstructorLink": ""
  },
  {
    "DayOfWeek": "Среда",
    "StartTime": "2024-03-04T11:50:00",
    "EndTime": "2024-03-04T13:20:00",
    "WeekType": "Нижняя неделя",
    "Classroom": "У 195",
    "Group": "1176",
    "Subject": "Технологии полимерных композиционных материалов (ПКМ)",
    "InstructorName": "Толочко Олег Викторович",
    "InstructorLink": ""
  },
  {
    "DayOfWeek": "Среда",
    "StartTime": "2024-03-04T14:00:00",
    "EndTime": "2024-03-04T15:30:00",
    "WeekType": "Верхняя неделя",
    "Classroom": "У 195",
    "Group": "1176",
    "Subject": "Полимерные материалы",
    "InstructorName": "Толочко Олег Викторович",
    "InstructorLink": ""
  },
  {
    "DayOfWeek": "Среда",
    "StartTime": "2024-03-04T14:00:00",
    "EndTime": "2024-03-04T15:30:00",
    "WeekType": "Нижняя неделя",
    "Classroom": "У 195",
    "Group": "1176",
    "Subject": "Полимерные материалы",
    "InstructorName": "Толочко Олег Викторович",
    "InstructorLink": ""
  },
  {
    "DayOfWeek": "Среда",
    "StartTime": "2024-03-04T15:40:00",
    "EndTime": "2024-03-04T17:10:00",
    "WeekType": "Нижняя неделя",
    "Classroom": "У 408",
    "Group": "1176",
    "Subject": "Иностранный язык в профессиональной деятельности",
    "InstructorName": "Серова Людмила Павловна",
    "InstructorLink": "https://www.smtu.ru/ru/viewperson/101067/"
  },
  {
    "DayOfWeek": "Четверг",
    "StartTime": "2024-03-04T15:40:00",
    "EndTime": "2024-03-04T17:10:00",
    "WeekType": "Нижняя неделя",
    "Classroom": "У 511",
    "Group": "1176",
    "Subject": "Философские проблемы науки и техники",
    "InstructorName": "Быстрянцев Сергей Борисович",
    "InstructorLink": "https://www.smtu.ru/ru/viewperson/101629/"
  },
  {
    "DayOfWeek": "Четверг",
    "StartTime": "2024-03-04T17:20:00",
    "EndTime": "2024-03-04T18:50:00",
    "WeekType": "Нижняя неделя",
    "Classroom": "У 511",
    "Group": "1176",
    "Subject": "Философские проблемы науки и техники",
    "InstructorName": "Быстрянцев Сергей Борисович",
    "InstructorLink": "https://www.smtu.ru/ru/viewperson/101629/"
  }
]