[
  {
    "DayOfWeek": "Понедельник",
    "StartTime": "2024-03-04T11:50:00",
    "EndTime": "2024-03-04T13:20:00",
    "WeekType": "Обе недели",
    "Classroom": "У 107",
    "Group": "1180",
    "Subject": "История России",
    "InstructorName": "Девятова Марина Эрастовна",
    "InstructorLink": "https://www.smtu.ru/ru/viewperson/100324/"
  },
  {
    "DayOfWeek": "Понедельник",
    "StartTime": "2024-03-04T14:00:00",
    "EndTime": "2024-03-04T15:30:00",
    "WeekType": "Обе недели",
    "Classroom": "У 506",
    "Group": "1180",
    "Subject": "Теоретическая механика",
    "InstructorName": "Коробицин Антон Александрович",
    "InstructorLink": ""
  },
  {
    "DayOfWeek": "Понедельник",
    "StartTime": "2024-03-04T15:40:00",
    "EndTime": "2024-03-04T17:10:00",
    "WeekType": "Верхняя неделя",
    "Classroom": "У 101",
    "Group": "1180",
    "Subject": "Теоретическая механика",
    "InstructorName": "Коробицин Антон Александрович",
    "InstructorLink": ""
  },
  {
    "DayOfWeek": "Понедельник",
    "StartTime": "2024-03-04T15:40:00",
    "EndTime": "2024-03-04T17:10:00",
    "WeekType": "Нижняя неделя",
    "Classroom": "У 215",
    "Group": "1180",
    "Subject": "Инженерная графика",
    "InstructorName": "Чехович Сергей Владиславович",
    "InstructorLink": "https://www.smtu.ru/ru/viewperson/101320/"
  },
  {
    "DayOfWeek": "Понедельник",
    "StartTime": "2024-03-04T17:20:00",
    "EndTime": "2024-03-04T18:50:00",
    "WeekType": "Нижняя неделя",
    "Classroom": "У 215",
    "Group": "1180",
    "Subject": "Инженерная графика",
    "InstructorName": "Чехович Сергей Владиславович",
    "InstructorLink": "https://www.smtu.ru/ru/viewperson/101320/"
  },
  {
    "DayOfWeek": "Вторник",
    "StartTime": "2024-03-04T11:50:00",
    "EndTime": "2024-03-04T13:20:00",
    "WeekType": "Нижняя неделя",
    "Classroom": "У каф.ФВ",
    "Group": "1180",
    "Subject": "Физическая культура и спорт (элективная)",
    "InstructorName": "",
    "InstructorLink": ""
  },
  {
    "DayOfWeek": "Вторник",
    "StartTime": "2024-03-04T14:00:00",
    "EndTime": "2024-03-04T15:30:00",
    "WeekType": "Верхняя неделя",
    "Classroom": "У каф.ФВ",
    "Group": "1180",
    "Subject": "Физическая культура и спорт (элективная)",
    "InstructorName": "",
    "InstructorLink": ""
  },
  {
    "DayOfWeek": "Вторник",
    "StartTime": "2024-03-04T14:00:00",
    "EndTime": "2024-03-04T15:30:00",
    "WeekType": "Нижняя неделя",
    "Classroom": "У 217",
    "Group": "1180",
    "Subject": "Инженерная графика",
    "InstructorName": "Чехович Сергей Владиславович",
    "InstructorLink": "https://www.smtu.ru/ru/viewperson/101320/"
  },
  {
    "DayOfWeek": "Вторник",
    "StartTime": "2024-03-04T15:40:00",
    "EndTime": "2024-03-04T17:10:00",
    "WeekType": "Обе недели",
    "Classroom": "У 161",
    "Group": "1180",
    "Subject": "Физика",
    "InstructorName": "Шейнерман Сергей Абрамович",
    "InstructorLink": "https://www.smtu.ru/ru/viewperson/101355/"
  },
  {
    "DayOfWeek": "Вторник",
    "StartTime": "2024-03-04T17:20:00",
    "EndTime": "2024-03-04T18:50:00",
    "WeekType": "Верхняя неделя",
    "Classroom": "У 304",
    "Group": "1180",
    "Subject": "Физика",
    "InstructorName": "Шейнерман Сергей Абрамович",
    "InstructorLink": "https://www.smtu.ru/ru/viewperson/101355/"
  },
  {
    "DayOfWeek": "Среда",
    "StartTime": "2024-03-04T08:30:00",
    "EndTime": "2024-03-04T10:00:00",
    "WeekType": "Нижняя неделя",
    "Classroom": "У 103",
    "Group": "1180",
    "Subject": "Высшая математика",
    "InstructorName": "Ловягин Никита Юрьевич",
    "InstructorLink": ""
  },
  {
    "DayOfWeek": "Среда",
    "StartTime": "2024-03-04T10:10:00",
    "EndTime": "2024-03-04T11:40:00",
    "WeekType": "Обе недели",
    "Classroom": "У 103",
    "Group": "1180",
    "Subject": "Высшая математика",
    "InstructorName": "Ловягин Никита Юрьевич",
    "InstructorLink": ""
  },
  {
    "DayOfWeek": "Среда",
    "StartTime": "2024-03-04T11:50:00",
    "EndTime": "2024-03-04T13:20:00",
    "WeekType": "Верхняя неделя",
    "Classroom": "У 105",
    "Group": "1180",
    "Subject": "Экология",
    "InstructorName": "Чихонадских Елена Александровна",
    "InstructorLink": "https://www.smtu.ru/ru/viewperson/101326/"
  },
  {
    "DayOfWeek": "Среда",
    "StartTime": "2024-03-04T11:50:00",
    "EndTime": "2024-03-04T13:20:00",
    "WeekType": "Нижняя неделя",
    "Classroom": "У 502",
    "Group": "1180",
    "Subject": "История России",
    "InstructorName": "Девятова Марина Эрастовна",
    "InstructorLink": "https://www.smtu.ru/ru/viewperson/100324/"
  },
  {
    "DayOfWeek": "Среда",
    "StartTime": "2024-03-04T14:00:00",
    "EndTime": "2024-03-04T15:30:00",
    "WeekType": "Верхняя неделя",
    "Classroom": "У 340(1)",
    "Group": "1180",
    "Subject": "Экология",
    "InstructorName": "Чихонадских Елена Александровна",
    "InstructorLink": "https://www.smtu.ru/ru/viewperson/101326/"
  },
  {
    "DayOfWeek": "Среда",
    "StartTime": "2024-03-04T15:40:00",
    "EndTime": "2024-03-04T17:10:00",
    "WeekType": "Верхняя неделя",
    "Classroom": "У 322",
    "Group": "1180",
    "Subject": "Физика",
    "InstructorName": "Клещев Александр Александрович",
    "InstructorLink": "https://www.smtu.ru/ru/viewperson/100523/"
  },
  {
    "DayOfWeek": "Среда",
    "StartTime": "2024-03-04T15:40:00",
    "EndTime": "2024-03-04T17:10:00",
    "WeekType": "Верхняя неделя",
    "Classroom": "У 320",
    "Group": "1180",
    "Subject": "Физика",
    "InstructorName": "Клещев Александр Александрович",
    "InstructorLink": "https://www.smtu.ru/ru/viewperson/100523/"
  },
  {
    "DayOfWeek": "Четверг",
    "StartTime": "2024-03-04T10:10:00",
    "EndTime": "2024-03-04T11:40:00",
    "WeekType": "Верхняя неделя",
    "Classroom": "Б 419",
    "Group": "1180",
    "Subject": "История проблемы мореходности судов",
    "InstructorName": "Вирцев Дмитрий Александрович",
    "InstructorLink": ""
  },
  {
    "DayOfWeek": "Четверг",
    "StartTime": "2024-03-04T10:10:00",
    "EndTime": "2024-03-04T11:40:00",
    "WeekType": "Нижняя неделя",
    "Classroom": "Б 419",
    "Group": "1180",
    "Subject": "История проблемы мореходности судов",
    "InstructorName": "Никущенко Елена Александровна",
    "InstructorLink": ""
  },
  {
    "DayOfWeek": "Четверг",
    "StartTime": "2024-03-04T11:50:00",
    "EndTime": "2024-03-04T13:20:00",
    "WeekType": "Верхняя неделя",
    "Classroom": "Б 401",
    "Group": "1180",
    "Subject": "Энергетические установки судов",
    "InstructorName": "Серов Алексей Васильевич",
    "InstructorLink": ""
  },
  {
    "DayOfWeek": "Четверг",
    "StartTime": "2024-03-04T11:50:00",
    "EndTime": "2024-03-04T13:20:00",
    "WeekType": "Нижняя неделя",
    "Classroom": "Б 601",
    "Group": "1180",
    "Subject": "Энергетические установки судов",
    "InstructorName": "Серов Алексей Васильевич",
    "InstructorLink": ""
  },
  {
    "DayOfWeek": "Пятница",
    "StartTime": "2024-03-04T10:10:00",
    "EndTime": "2024-03-04T11:40:00",
    "WeekType": "Верхняя неделя",
    "Classroom": "У каф.ФВ",
    "Group": "1180",
    "Subject": "Физическая культура и спорт (элективная)",
    "InstructorName": "",
    "InstructorLink": ""
  },
  {
    "DayOfWeek": "Пятница",
    "StartTime": "2024-03-04T10:10:00",
    "EndTime": "2024-03-04T11:40:00",
    "WeekType": "Нижняя неделя",
    "Classroom": "У 101",
    "Group": "1180",
    "Subject": "История России",
    "InstructorName": "Добряк Инна Владимировна",
    "InstructorLink": "https://www.smtu.ru/ru/viewperson/100346/"
  },
  {
    "DayOfWeek": "Пятница",
    "StartTime": "2024-03-04T11:50:00",
    "EndTime": "2024-03-04T13:20:00",
    "WeekType": "Обе недели",
    "Classroom": "У 440",
    "Group": "1180",
    "Subject": "Высшая математика",
    "InstructorName": "Кадыров Сергей Газимурович",
    "InstructorLink": "https://www.smtu.ru/ru/viewperson/100484/"
  },
  {
    "DayOfWeek": "Пятница",
    "StartTime": "2024-03-04T14:00:00",
    "EndTime": "2024-03-04T15:30:00",
    "WeekType": "Верхняя неделя",
    "Classroom": "У 440",
    "Group": "1180",
    "Subject": "Высшая математика",
    "InstructorName": "Кадыров Сергей Газимурович",
    "InstructorLink": "https://www.smtu.ru/ru/viewperson/100484/"
  },
  {
    "DayOfWeek": "Пятница",
    "StartTime": "2024-03-04T14:00:00",
    "EndTime": "2024-03-04T15:30:00",
    "WeekType": "Нижняя неделя",
    "Classroom": "У каф.ФВ",
    "Group": "1180",
    "Subject": "Физическая культура и спорт (элективная)",
    "InstructorName": "",
    "InstructorLink": ""
  },
  {
    "DayOfWeek": "Суббота",
    "StartTime": "2024-03-04T08:30:00",
    "EndTime": "2024-03-04T10:00:00",
    "WeekType": "Обе недели",
    "Classroom": "У 448",
    "Group": "1180",
    "Subject": "Иностранный язык",
    "InstructorName": "Кулаков Дмитрий Юрьевич",
    "InstructorLink": "https://www.smtu.ru/ru/viewperson/103609/"
  },
  {
    "DayOfWeek": "Суббота",
    "StartTime": "2024-03-04T10:10:00",
    "EndTime": "2024-03-04T11:40:00",
    "WeekType": "Обе недели",
    "Classroom": "У 448",
    "Group": "1180",
    "Subject": "Иностранный язык",
    "InstructorName": "Кулаков Дмитрий Юрьевич",
    "InstructorLink": "https://www.smtu.ru/ru/viewperson/103609/"
  },
  {
    "DayOfWeek": "Суббота",
    "StartTime": "2024-03-04T11:50:00",
    "EndTime": "2024-03-04T13:20:00",
    "WeekType": "Обе недели",
    "Classroom": "У 414",
    "Group": "1180",
    "Subject": "Информационные технологии",
    "InstructorName": "Вайнт Кристина Сергеевна",
    "InstructorLink": ""
  },
  {
    "DayOfWeek": "Суббота",
    "StartTime": "2024-03-04T14:00:00",
    "EndTime": "2024-03-04T15:30:00",
    "WeekType": "Обе недели",
    "Classroom": "У 414",
    "Group": "1180",
    "Subject": "Информационные технологии",
    "InstructorName": "Вайнт Кристина Сергеевна",
    "InstructorLink": ""
  }
]