[
  {
    "DayOfWeek": "Понедельник",
    "StartTime": "2024-03-04T10:10:00",
    "EndTime": "2024-03-04T11:40:00",
    "WeekType": "Верхняя неделя",
    "Classroom": "У каф.ФВ",
    "Group": "1184",
    "Subject": "Физическая культура и спорт (элективная)",
    "InstructorName": "",
    "InstructorLink": ""
  },
  {
    "DayOfWeek": "Понедельник",
    "StartTime": "2024-03-04T10:10:00",
    "EndTime": "2024-03-04T11:40:00",
    "WeekType": "Нижняя неделя",
    "Classroom": "У 105",
    "Group": "1184",
    "Subject": "История России",
    "InstructorName": "Девятова Марина Эрастовна",
    "InstructorLink": "https://www.smtu.ru/ru/viewperson/100324/"
  },
  {
    "DayOfWeek": "Понедельник",
    "StartTime": "2024-03-04T11:50:00",
    "EndTime": "2024-03-04T13:20:00",
    "WeekType": "Обе недели",
    "Classroom": "У 107",
    "Group": "1184",
    "Subject": "История России",
    "InstructorName": "Девятова Марина Эрастовна",
    "InstructorLink": "https://www.smtu.ru/ru/viewperson/100324/"
  },
  {
    "DayOfWeek": "Понедельник",
    "StartTime": "2024-03-04T14:00:00",
    "EndTime": "2024-03-04T15:30:00",
    "WeekType": "Обе недели",
    "Classroom": "У 451",
    "Group": "1184",
    "Subject": "Высшая математика",
    "InstructorName": "Кадыров Сергей Газимурович",
    "InstructorLink": "https://www.smtu.ru/ru/viewperson/100484/"
  },
  {
    "DayOfWeek": "Понедельник",
    "StartTime": "2024-03-04T15:40:00",
    "EndTime": "2024-03-04T17:10:00",
    "WeekType": "Верхняя неделя",
    "Classroom": "У 101",
    "Group": "1184",
    "Subject": "Теоретическая механика",
    "InstructorName": "Коробицин Антон Александрович",
    "InstructorLink": ""
  },
  {
    "DayOfWeek": "Понедельник",
    "StartTime": "2024-03-04T15:40:00",
    "EndTime": "2024-03-04T17:10:00",
    "WeekType": "Нижняя неделя",
    "Classroom": "У каф.ФВ",
    "Group": "1184",
    "Subject": "Физическая культура и спорт (элективная)",
    "InstructorName": "",
    "InstructorLink": ""
  },
  {
    "DayOfWeek": "Вторник",
    "StartTime": "2024-03-04T08:30:00",
    "EndTime": "2024-03-04T10:00:00",
    "WeekType": "Обе недели",
    "Classroom": "У 218",
    "Group": "1184",
    "Subject": "Информационные технологии",
    "InstructorName": "Крахмалёва Ольга Александровна",
    "InstructorLink": ""
  },
  {
    "DayOfWeek": "Вторник",
    "StartTime": "2024-03-04T10:10:00",
    "EndTime": "2024-03-04T11:40:00",
    "WeekType": "Обе недели",
    "Classroom": "У 218",
    "Group": "1184",
    "Subject": "Информационные технологии",
    "InstructorName": "Крахмалёва Ольга Александровна",
    "InstructorLink": ""
  },
  {
    "DayOfWeek": "Вторник",
    "StartTime": "2024-03-04T11:50:00",
    "EndTime": "2024-03-04T13:20:00",
    "WeekType": "Верхняя неделя",
    "Classroom": "У 409",
    "Group": "1184",
    "Subject": "Иностранный язык",
    "InstructorName": "Суринова Елена Аркадьевна",
    "InstructorLink": "https://www.smtu.ru/ru/viewperson/101156/"
  },
  {
    "DayOfWeek": "Вторник",
    "StartTime": "2024-03-04T11:50:00",
    "EndTime": "2024-03-04T13:20:00",
    "WeekType": "Нижняя неделя",
    "Classroom": "У 505",
    "Group": "1184",
    "Subject": "Иностранный язык",
    "InstructorName": "Суринова Елена Аркадьевна",
    "InstructorLink": "https://www.smtu.ru/ru/viewperson/101156/"
  },
  {
    "DayOfWeek": "Вторник",
    "StartTime": "2024-03-04T14:00:00",
    "EndTime": "2024-03-04T15:30:00",
    "WeekType": "Верхняя неделя",
    "Classroom": "У 101",
    "Group": "1184",
    "Subject": "История России",
    "InstructorName": "Шмелева Марина Юрьевна",
    "InstructorLink": "https://www.smtu.ru/ru/viewperson/101369/"
  },
  {
    "DayOfWeek": "Вторник",
    "StartTime": "2024-03-04T14:00:00",
    "EndTime": "2024-03-04T15:30:00",
    "WeekType": "Нижняя неделя",
    "Classroom": "У каф.ФВ",
    "Group": "1184",
    "Subject": "Физическая культура и спорт (элективная)",
    "InstructorName": "",
    "InstructorLink": ""
  },
  {
    "DayOfWeek": "Среда",
    "StartTime": "2024-03-04T08:30:00",
    "EndTime": "2024-03-04T10:00:00",
    "WeekType": "Верхняя неделя",
    "Classroom": "У 440",
    "Group": "1184",
    "Subject": "Высшая математика",
    "InstructorName": "Кадыров Сергей Газимурович",
    "InstructorLink": "https://www.smtu.ru/ru/viewperson/100484/"
  },
  {
    "DayOfWeek": "Среда",
    "StartTime": "2024-03-04T10:10:00",
    "EndTime": "2024-03-04T11:40:00",
    "WeekType": "Обе недели",
    "Classroom": "У 504",
    "Group": "1184",
    "Subject": "Физика",
    "InstructorName": "Попов Юрий Николаевич",
    "InstructorLink": ""
  },
  {
    "DayOfWeek": "Среда",
    "StartTime": "2024-03-04T11:50:00",
    "EndTime": "2024-03-04T13:20:00",
    "WeekType": "Обе недели",
    "Classroom": "У 452",
    "Group": "1184",
    "Subject": "Иностранный язык",
    "InstructorName": "Суринова Елена Аркадьевна",
    "InstructorLink": "https://www.smtu.ru/ru/viewperson/101156/"
  },
  {
    "DayOfWeek": "Среда",
    "StartTime": "2024-03-04T14:00:00",
    "EndTime": "2024-03-04T15:30:00",
    "WeekType": "Верхняя неделя",
    "Classroom": "У 322",
    "Group": "1184",
    "Subject": "Физика",
    "InstructorName": "Попов Юрий Николаевич",
    "InstructorLink": ""
  },
  {
    "DayOfWeek": "Среда",
    "StartTime": "2024-03-04T14:00:00",
    "EndTime": "2024-03-04T15:30:00",
    "WeekType": "Верхняя неделя",
    "Classroom": "У 320",
    "Group": "1184",
    "Subject": "Физика",
    "InstructorName": "Попов Юрий Николаевич",
    "InstructorLink": ""
  },
  {
    "DayOfWeek": "Среда",
    "StartTime": "2024-03-04T14:00:00",
    "EndTime": "2024-03-04T15:30:00",
    "WeekType": "Нижняя неделя",
    "Classroom": "У 301",
    "Group": "1184",
    "Subject": "Физика",
    "InstructorName": "Попов Юрий Николаевич",
    "InstructorLink": ""
  },
  {
    "DayOfWeek": "Среда",
    "StartTime": "2024-03-04T15:40:00",
    "EndTime": "2024-03-04T17:10:00",
    "WeekType": "Нижняя неделя",
    "Classroom": "У каф.ФВ",
    "Group": "1184",
    "Subject": "Физическая культура и спорт (элективная)",
    "InstructorName": "",
    "InstructorLink": ""
  },
  {
    "DayOfWeek": "Четверг",
    "StartTime": "2024-03-04T08:30:00",
    "EndTime": "2024-03-04T10:00:00",
    "WeekType": "Нижняя неделя",
    "Classroom": "А 435",
    "Group": "1184",
    "Subject": "Метрология, стандартизация и сертификация",
    "InstructorName": "Быстров Владимир Александрович",
    "InstructorLink": ""
  },
  {
    "DayOfWeek": "Четверг",
    "StartTime": "2024-03-04T10:10:00",
    "EndTime": "2024-03-04T11:40:00",
    "WeekType": "Верхняя неделя",
    "Classroom": "Б 401",
    "Group": "1184",
    "Subject": "Экология",
    "InstructorName": "Алексеева Татьяна Николаевна",
    "InstructorLink": "https://www.smtu.ru/ru/viewperson/100021/"
  },
  {
    "DayOfWeek": "Четверг",
    "StartTime": "2024-03-04T10:10:00",
    "EndTime": "2024-03-04T11:40:00",
    "WeekType": "Нижняя неделя",
    "Classroom": "А 435",
    "Group": "1184",
    "Subject": "Метрология, стандартизация и сертификация",
    "InstructorName": "Быстров Владимир Александрович",
    "InstructorLink": ""
  },
  {
    "DayOfWeek": "Четверг",
    "StartTime": "2024-03-04T11:50:00",
    "EndTime": "2024-03-04T13:20:00",
    "WeekType": "Верхняя неделя",
    "Classroom": "Б 601",
    "Group": "1184",
    "Subject": "Экология",
    "InstructorName": "Алексеева Татьяна Николаевна",
    "InstructorLink": "https://www.smtu.ru/ru/viewperson/100021/"
  },
  {
    "DayOfWeek": "Пятница",
    "StartTime": "2024-03-04T08:30:00",
    "EndTime": "2024-03-04T10:00:00",
    "WeekType": "Нижняя неделя",
    "Classroom": "У 440",
    "Group": "1184",
    "Subject": "Высшая математика",
    "InstructorName": "Кадыров Сергей Газимурович",
    "InstructorLink": "https://www.smtu.ru/ru/viewperson/100484/"
  },
  {
    "DayOfWeek": "Пятница",
    "StartTime": "2024-03-04T10:10:00",
    "EndTime": "2024-03-04T11:40:00",
    "WeekType": "Обе недели",
    "Classroom": "У 440",
    "Group": "1184",
    "Subject": "Высшая математика",
    "InstructorName": "Кадыров Сергей Газимурович",
    "InstructorLink": "https://www.smtu.ru/ru/viewperson/100484/"
  },
  {
    "DayOfWeek": "Пятница",
    "StartTime": "2024-03-04T11:50:00",
    "EndTime": "2024-03-04T13:20:00",
    "WeekType": "Обе недели",
    "Classroom": "У 506",
    "Group": "1184",
    "Subject": "Теоретическая механика",
    "InstructorName": "Коробицин Антон Александрович",
    "InstructorLink": ""
  },
  {
    "DayOfWeek": "Пятница",
    "StartTime": "2024-03-04T14:00:00",
    "EndTime": "2024-03-04T15:30:00",
    "WeekType": "Обе недели",
    "Classroom": "У 215",
    "Group": "1184",
    "Subject": "Инженерная графика",
    "InstructorName": "Беляева Людмила Ивановна",
    "InstructorLink": "https://www.smtu.ru/ru/viewperson/100096/"
  },
  {
    "DayOfWeek": "Пятница",
    "StartTime": "2024-03-04T15:40:00",
    "EndTime": "2024-03-04T17:10:00",
    "WeekType": "Верхняя неделя",
    "Classroom": "У 215",
    "Group": "1184",
    "Subject": "Инженерная графика",
    "InstructorName": "Беляева Людмила Ивановна",
    "InstructorLink": "https://www.smtu.ru/ru/viewperson/100096/"
  },
  {
    "DayOfWeek": "Суббота",
    "StartTime": "2024-03-04T11:50:00",
    "EndTime": "2024-03-04T13:20:00",
    "WeekType": "Нижняя неделя",
    "Classroom": "У 435",
    "Group": "1184",
    "Subject": "Программирование",
    "InstructorName": "Капонен Валерий Арвиевич",
    "InstructorLink": ""
  },
  {
    "DayOfWeek": "Суббота",
    "StartTime": "2024-03-04T14:00:00",
    "EndTime": "2024-03-04T15:30:00",
    "WeekType": "Нижняя неделя",
    "Classroom": "У 435",
    "Group": "1184",
    "Subject": "Программирование",
    "InstructorName": "Капонен Валерий Арвиевич",
    "InstructorLink": ""
  }
]