[
  {
    "DayOfWeek": "Понедельник",
    "StartTime": "2024-03-04T17:20:00",
    "EndTime": "2024-03-04T18:50:00",
    "WeekType": "Обе недели",
    "Classroom": "Б 207",
    "Group": "1201",
    "Subject": "Судовые устройства",
    "InstructorName": "Юй Синьянь",
    "InstructorLink": "https://www.smtu.ru/ru/viewperson/117652/"
  },
  {
    "DayOfWeek": "Понедельник",
    "StartTime": "2024-03-04T19:00:00",
    "EndTime": "2024-03-04T20:30:00",
    "WeekType": "Верхняя неделя",
    "Classroom": "Б 419",
    "Group": "1201",
    "Subject": "Теория корабля",
    "InstructorName": "Кутейников Михаил Анатольевич",
    "InstructorLink": ""
  },
  {
    "DayOfWeek": "Понедельник",
    "StartTime": "2024-03-04T19:00:00",
    "EndTime": "2024-03-04T20:30:00",
    "WeekType": "Нижняя неделя",
    "Classroom": "Б 316",
    "Group": "1201",
    "Subject": "Судовые устройства",
    "InstructorName": "Юй Синьянь",
    "InstructorLink": "https://www.smtu.ru/ru/viewperson/117652/"
  },
  {
    "DayOfWeek": "Понедельник",
    "StartTime": "2024-03-04T20:40:00",
    "EndTime": "2024-03-04T22:10:00",
    "WeekType": "Верхняя неделя",
    "Classroom": "Б 419",
    "Group": "1201",
    "Subject": "Теория корабля",
    "InstructorName": "Кутейников Михаил Анатольевич",
    "InstructorLink": ""
  },
  {
    "DayOfWeek": "Вторник",
    "StartTime": "2024-03-04T19:00:00",
    "EndTime": "2024-03-04T20:30:00",
    "WeekType": "Обе недели",
    "Classroom": "Б 601",
    "Group": "1201",
    "Subject": "Проектирование судов",
    "InstructorName": "Суслов Александр Николаевич",
    "InstructorLink": ""
  },
  {
    "DayOfWeek": "Вторник",
    "StartTime": "2024-03-04T20:40:00",
    "EndTime": "2024-03-04T22:10:00",
    "WeekType": "Обе недели",
    "Classroom": "Б 601",
    "Group": "1201",
    "Subject": "Проектирование судов",
    "InstructorName": "Суслов Александр Николаевич",
    "InstructorLink": ""
  },
  {
    "DayOfWeek": "Среда",
    "StartTime": "2024-03-04T17:20:00",
    "EndTime": "2024-03-04T18:50:00",
    "WeekType": "Верхняя неделя",
    "Classroom": "Б 419",
    "Group": "1201",
    "Subject": "Теория корабля",
    "InstructorName": "Устинова Забава Сергеевна",
    "InstructorLink": ""
  },
  {
    "DayOfWeek": "Среда",
    "StartTime": "2024-03-04T17:20:00",
    "EndTime": "2024-03-04T18:50:00",
    "WeekType": "Нижняя неделя",
    "Classroom": "Б 330",
    "Group": "1201",
    "Subject": "Теория корабля",
    "InstructorName": "Устинова Забава Сергеевна",
    "InstructorLink": ""
  },
  {
    "DayOfWeek": "Среда",
    "StartTime": "2024-03-04T19:00:00",
    "EndTime": "2024-03-04T20:30:00",
    "WeekType": "Обе недели",
    "Classroom": "Б 215",
    "Group": "1201",
    "Subject": "Прочность корабля",
    "InstructorName": "Коршунов Владимир Александрович",
    "InstructorLink": "https://www.smtu.ru/ru/viewperson/100566/"
  },
  {
    "DayOfWeek": "Среда",
    "StartTime": "2024-03-04T20:40:00",
    "EndTime": "2024-03-04T22:10:00",
    "WeekType": "Обе недели",
    "Classroom": "Б 218",
    "Group": "1201",
    "Subject": "Прочность корабля",
    "InstructorName": "Коршунов Владимир Александрович",
    "InstructorLink": "https://www.smtu.ru/ru/viewperson/100566/"
  },
  {
    "DayOfWeek": "Четверг",
    "StartTime": "2024-03-04T19:00:00",
    "EndTime": "2024-03-04T20:30:00",
    "WeekType": "Обе недели",
    "Classroom": "Б 316",
    "Group": "1201",
    "Subject": "Конструкция корпуса судов",
    "InstructorName": "Юй Синьянь",
    "InstructorLink": "https://www.smtu.ru/ru/viewperson/117652/"
  },
  {
    "DayOfWeek": "Четверг",
    "StartTime": "2024-03-04T20:40:00",
    "EndTime": "2024-03-04T22:10:00",
    "WeekType": "Обе недели",
    "Classroom": "Б 316",
    "Group": "1201",
    "Subject": "Конструкция корпуса судов",
    "InstructorName": "Юй Синьянь",
    "InstructorLink": "https://www.smtu.ru/ru/viewperson/117652/"
  },
  {
    "DayOfWeek": "Пятница",
    "StartTime": "2024-03-04T19:00:00",
    "EndTime": "2024-03-04T20:30:00",
    "WeekType": "Обе недели",
    "Classroom": "Б 414",
    "Group": "1201",
    "Subject": "Технология судостроения",
    "InstructorName": "Филимонов Станислав Григорьевич",
    "InstructorLink": ""
  },
  {
    "DayOfWeek": "Пятница",
    "StartTime": "2024-03-04T20:40:00",
    "EndTime": "2024-03-04T22:10:00",
    "WeekType": "Обе недели",
    "Classroom": "Б 414",
    "Group": "1201",
    "Subject": "Технология судостроения",
    "InstructorName": "Филимонов Станислав Григорьевич",
    "InstructorLink": ""
  },
  {
    "DayOfWeek": "Суббота",
    "StartTime": "2024-03-04T08:30:00",
    "EndTime": "2024-03-04T10:00:00",
    "WeekType": "Обе недели",
    "Classroom": "У каф.ФВ",
    "Group": "1201",
    "Subject": "Физическая культура и спорт (элективная)",
    "InstructorName": "",
    "InstructorLink": ""
  }
]