[
  {
    "DayOfWeek": "Понедельник",
    "StartTime": "2024-03-04T08:30:00",
    "EndTime": "2024-03-04T10:00:00",
    "WeekType": "Обе недели",
    "Classroom": "А ВУЦ",
    "Group": "1216",
    "Subject": "Военная подготовка (офицеры запаса)",
    "InstructorName": "",
    "InstructorLink": ""
  },
  {
    "DayOfWeek": "Понедельник",
    "StartTime": "2024-03-04T10:10:00",
    "EndTime": "2024-03-04T11:40:00",
    "WeekType": "Обе недели",
    "Classroom": "А ВУЦ",
    "Group": "1216",
    "Subject": "Военная подготовка (офицеры запаса)",
    "InstructorName": "",
    "InstructorLink": ""
  },
  {
    "DayOfWeek": "Понедельник",
    "StartTime": "2024-03-04T11:50:00",
    "EndTime": "2024-03-04T13:20:00",
    "WeekType": "Обе недели",
    "Classroom": "А ВУЦ",
    "Group": "1216",
    "Subject": "Военная подготовка (офицеры запаса)",
    "InstructorName": "",
    "InstructorLink": ""
  },
  {
    "DayOfWeek": "Вторник",
    "StartTime": "2024-03-04T08:30:00",
    "EndTime": "2024-03-04T10:00:00",
    "WeekType": "Верхняя неделя",
    "Classroom": "А 319",
    "Group": "1216",
    "Subject": "Корабельное электрооборудование",
    "InstructorName": "Гришаков Евгений Сергеевич",
    "InstructorLink": "https://www.smtu.ru/ru/viewperson/100304/"
  },
  {
    "DayOfWeek": "Вторник",
    "StartTime": "2024-03-04T08:30:00",
    "EndTime": "2024-03-04T10:00:00",
    "WeekType": "Нижняя неделя",
    "Classroom": "А 319",
    "Group": "1216",
    "Subject": "Корабельное электрооборудование",
    "InstructorName": "Гришаков Евгений Сергеевич",
    "InstructorLink": "https://www.smtu.ru/ru/viewperson/100304/"
  },
  {
    "DayOfWeek": "Вторник",
    "StartTime": "2024-03-04T10:10:00",
    "EndTime": "2024-03-04T11:40:00",
    "WeekType": "Обе недели",
    "Classroom": "А 450",
    "Group": "1216",
    "Subject": "Корабельное электрооборудование",
    "InstructorName": "Гришаков Евгений Сергеевич",
    "InstructorLink": "https://www.smtu.ru/ru/viewperson/100304/"
  },
  {
    "DayOfWeek": "Среда",
    "StartTime": "2024-03-04T10:10:00",
    "EndTime": "2024-03-04T11:40:00",
    "WeekType": "Обе недели",
    "Classroom": "У 105",
    "Group": "1216",
    "Subject": "Материаловедение. Технология конструкционных материалов",
    "InstructorName": "Панова Галина Александровна",
    "InstructorLink": ""
  },
  {
    "DayOfWeek": "Среда",
    "StartTime": "2024-03-04T11:50:00",
    "EndTime": "2024-03-04T13:20:00",
    "WeekType": "Верхняя неделя",
    "Classroom": "У 101",
    "Group": "1216",
    "Subject": "Сопротивление материалов",
    "InstructorName": "Терентьев Александр Владимирович",
    "InstructorLink": ""
  },
  {
    "DayOfWeek": "Среда",
    "StartTime": "2024-03-04T11:50:00",
    "EndTime": "2024-03-04T13:20:00",
    "WeekType": "Нижняя неделя",
    "Classroom": "У 115",
    "Group": "1216",
    "Subject": "Сопротивление материалов",
    "InstructorName": "Терентьев Александр Владимирович",
    "InstructorLink": ""
  },
  {
    "DayOfWeek": "Среда",
    "StartTime": "2024-03-04T14:00:00",
    "EndTime": "2024-03-04T15:30:00",
    "WeekType": "Верхняя неделя",
    "Classroom": "У 311",
    "Group": "1216",
    "Subject": "Детали машин",
    "InstructorName": "Лебедев Константин Борисович",
    "InstructorLink": ""
  },
  {
    "DayOfWeek": "Среда",
    "StartTime": "2024-03-04T14:00:00",
    "EndTime": "2024-03-04T15:30:00",
    "WeekType": "Нижняя неделя",
    "Classroom": "У 311",
    "Group": "1216",
    "Subject": "Детали машин",
    "InstructorName": "Лебедев Константин Борисович",
    "InstructorLink": ""
  },
  {
    "DayOfWeek": "Среда",
    "StartTime": "2024-03-04T15:40:00",
    "EndTime": "2024-03-04T17:10:00",
    "WeekType": "Обе недели",
    "Classroom": "У каф.ФВ",
    "Group": "1216",
    "Subject": "Физическая культура и спорт (элективная)",
    "InstructorName": "",
    "InstructorLink": ""
  },
  {
    "DayOfWeek": "Четверг",
    "StartTime": "2024-03-04T08:30:00",
    "EndTime": "2024-03-04T10:00:00",
    "WeekType": "Верхняя неделя",
    "Classroom": "У 504",
    "Group": "1216",
    "Subject": "Теоретическая механика",
    "InstructorName": "Мелконян Армен Левонович",
    "InstructorLink": "https://www.smtu.ru/ru/viewperson/100749/"
  },
  {
    "DayOfWeek": "Четверг",
    "StartTime": "2024-03-04T08:30:00",
    "EndTime": "2024-03-04T10:00:00",
    "WeekType": "Нижняя неделя",
    "Classroom": "У каф.ФВ",
    "Group": "1216",
    "Subject": "Физическая культура и спорт (элективная)",
    "InstructorName": "",
    "InstructorLink": ""
  },
  {
    "DayOfWeek": "Четверг",
    "StartTime": "2024-03-04T10:10:00",
    "EndTime": "2024-03-04T11:40:00",
    "WeekType": "Верхняя неделя",
    "Classroom": "У 103",
    "Group": "1216",
    "Subject": "Теоретическая механика",
    "InstructorName": "Мелконян Армен Левонович",
    "InstructorLink": "https://www.smtu.ru/ru/viewperson/100749/"
  },
  {
    "DayOfWeek": "Четверг",
    "StartTime": "2024-03-04T10:10:00",
    "EndTime": "2024-03-04T11:40:00",
    "WeekType": "Нижняя неделя",
    "Classroom": "У 504",
    "Group": "1216",
    "Subject": "Теоретическая механика",
    "InstructorName": "Мелконян Армен Левонович",
    "InstructorLink": "https://www.smtu.ru/ru/viewperson/100749/"
  },
  {
    "DayOfWeek": "Четверг",
    "StartTime": "2024-03-04T11:50:00",
    "EndTime": "2024-03-04T13:20:00",
    "WeekType": "Обе недели",
    "Classroom": "У 209",
    "Group": "1216",
    "Subject": "Высшая математика",
    "InstructorName": "Кадыров Сергей Газимурович",
    "InstructorLink": "https://www.smtu.ru/ru/viewperson/100484/"
  },
  {
    "DayOfWeek": "Пятница",
    "StartTime": "2024-03-04T10:10:00",
    "EndTime": "2024-03-04T11:40:00",
    "WeekType": "Верхняя неделя",
    "Classroom": "У 103",
    "Group": "1216",
    "Subject": "Физика",
    "InstructorName": "Монозон Борис Семенович",
    "InstructorLink": ""
  },
  {
    "DayOfWeek": "Пятница",
    "StartTime": "2024-03-04T10:10:00",
    "EndTime": "2024-03-04T11:40:00",
    "WeekType": "Нижняя неделя",
    "Classroom": "У 103",
    "Group": "1216",
    "Subject": "Детали машин",
    "InstructorName": "Стукач Александр Васильевич",
    "InstructorLink": ""
  },
  {
    "DayOfWeek": "Пятница",
    "StartTime": "2024-03-04T11:50:00",
    "EndTime": "2024-03-04T13:20:00",
    "WeekType": "Верхняя неделя",
    "Classroom": "У 191",
    "Group": "1216",
    "Subject": "Материаловедение. Технология конструкционных материалов",
    "InstructorName": "Семиколенов Антон Александрович",
    "InstructorLink": ""
  },
  {
    "DayOfWeek": "Пятница",
    "StartTime": "2024-03-04T11:50:00",
    "EndTime": "2024-03-04T13:20:00",
    "WeekType": "Нижняя неделя",
    "Classroom": "У 314",
    "Group": "1216",
    "Subject": "Физика",
    "InstructorName": "Игнатьева Любовь Анатольевна",
    "InstructorLink": ""
  },
  {
    "DayOfWeek": "Пятница",
    "StartTime": "2024-03-04T14:00:00",
    "EndTime": "2024-03-04T15:30:00",
    "WeekType": "Верхняя неделя",
    "Classroom": "У каф.ФВ",
    "Group": "1216",
    "Subject": "Физическая культура и спорт (элективная)",
    "InstructorName": "",
    "InstructorLink": ""
  },
  {
    "DayOfWeek": "Пятница",
    "StartTime": "2024-03-04T14:00:00",
    "EndTime": "2024-03-04T15:30:00",
    "WeekType": "Нижняя неделя",
    "Classroom": "У 154",
    "Group": "1216",
    "Subject": "Сопротивление материалов",
    "InstructorName": "Терентьев Александр Владимирович",
    "InstructorLink": ""
  },
  {
    "DayOfWeek": "Пятница",
    "StartTime": "2024-03-04T15:40:00",
    "EndTime": "2024-03-04T17:10:00",
    "WeekType": "Нижняя неделя",
    "Classroom": "У 103",
    "Group": "1216",
    "Subject": "Физика",
    "InstructorName": "Монозон Борис Семенович",
    "InstructorLink": ""
  },
  {
    "DayOfWeek": "Суббота",
    "StartTime": "2024-03-04T11:50:00",
    "EndTime": "2024-03-04T13:20:00",
    "WeekType": "Обе недели",
    "Classroom": "У 103",
    "Group": "1216",
    "Subject": "Высшая математика",
    "InstructorName": "Певзнер Виталий Владимирович",
    "InstructorLink": "https://www.smtu.ru/ru/viewperson/100878/"
  },
  {
    "DayOfWeek": "Суббота",
    "StartTime": "2024-03-04T14:00:00",
    "EndTime": "2024-03-04T15:30:00",
    "WeekType": "Верхняя неделя",
    "Classroom": "У 154",
    "Group": "1216",
    "Subject": "Сопротивление материалов",
    "InstructorName": "Терентьев Александр Владимирович",
    "InstructorLink": ""
  },
  {
    "DayOfWeek": "Суббота",
    "StartTime": "2024-03-04T14:00:00",
    "EndTime": "2024-03-04T15:30:00",
    "WeekType": "Нижняя неделя",
    "Classroom": "У 103",
    "Group": "1216",
    "Subject": "Детали машин",
    "InstructorName": "Стукач Александр Васильевич",
    "InstructorLink": ""
  },
  {
    "DayOfWeek": "Суббота",
    "StartTime": "2024-03-04T15:40:00",
    "EndTime": "2024-03-04T17:10:00",
    "WeekType": "Верхняя неделя",
    "Classroom": "У 144",
    "Group": "1216",
    "Subject": "Сопротивление материалов",
    "InstructorName": "Терентьев Александр Владимирович",
    "InstructorLink": ""
  }
]