[
  {
    "DayOfWeek": "Понедельник",
    "StartTime": "2024-03-04T08:30:00",
    "EndTime": "2024-03-04T10:00:00",
    "WeekType": "Обе недели",
    "Classroom": "А ВУЦ",
    "Group": "1218",
    "Subject": "Военная подготовка (офицеры запаса)",
    "InstructorName": "",
    "InstructorLink": ""
  },
  {
    "DayOfWeek": "Понедельник",
    "StartTime": "2024-03-04T10:10:00",
    "EndTime": "2024-03-04T11:40:00",
    "WeekType": "Обе недели",
    "Classroom": "А ВУЦ",
    "Group": "1218",
    "Subject": "Военная подготовка (офицеры запаса)",
    "InstructorName": "",
    "InstructorLink": ""
  },
  {
    "DayOfWeek": "Понедельник",
    "StartTime": "2024-03-04T11:50:00",
    "EndTime": "2024-03-04T13:20:00",
    "WeekType": "Обе недели",
    "Classroom": "А ВУЦ",
    "Group": "1218",
    "Subject": "Военная подготовка (офицеры запаса)",
    "InstructorName": "",
    "InstructorLink": ""
  },
  {
    "DayOfWeek": "Вторник",
    "StartTime": "2024-03-04T14:00:00",
    "EndTime": "2024-03-04T15:30:00",
    "WeekType": "Обе недели",
    "Classroom": "Б 410",
    "Group": "1218",
    "Subject": "Механика жидкости и газа",
    "InstructorName": "Али Рами Мамдух",
    "InstructorLink": "https://www.smtu.ru/ru/viewperson/106092/"
  },
  {
    "DayOfWeek": "Вторник",
    "StartTime": "2024-03-04T15:40:00",
    "EndTime": "2024-03-04T17:10:00",
    "WeekType": "Верхняя неделя",
    "Classroom": "Б 318",
    "Group": "1218",
    "Subject": "Механика жидкости и газа",
    "InstructorName": "Требух Фаина Ивановна",
    "InstructorLink": ""
  },
  {
    "DayOfWeek": "Вторник",
    "StartTime": "2024-03-04T15:40:00",
    "EndTime": "2024-03-04T17:10:00",
    "WeekType": "Нижняя неделя",
    "Classroom": "Б 318",
    "Group": "1218",
    "Subject": "Механика жидкости и газа",
    "InstructorName": "Али Рами Мамдух",
    "InstructorLink": "https://www.smtu.ru/ru/viewperson/106092/"
  },
  {
    "DayOfWeek": "Вторник",
    "StartTime": "2024-03-04T17:20:00",
    "EndTime": "2024-03-04T18:50:00",
    "WeekType": "Обе недели",
    "Classroom": "Б 415",
    "Group": "1218",
    "Subject": "Механика жидкости и газа",
    "InstructorName": "Белая Алена Борисовна",
    "InstructorLink": ""
  },
  {
    "DayOfWeek": "Среда",
    "StartTime": "2024-03-04T08:30:00",
    "EndTime": "2024-03-04T10:00:00",
    "WeekType": "Обе недели",
    "Classroom": "У 105",
    "Group": "1218",
    "Subject": "Дополнительные главы математического анализа",
    "InstructorName": "Кротов Евгений Алексеевич",
    "InstructorLink": "https://www.smtu.ru/ru/viewperson/100590/"
  },
  {
    "DayOfWeek": "Среда",
    "StartTime": "2024-03-04T10:10:00",
    "EndTime": "2024-03-04T11:40:00",
    "WeekType": "Обе недели",
    "Classroom": "У 115",
    "Group": "1218",
    "Subject": "Теория конструкционных материалов",
    "InstructorName": "Греков Андрей Анатольевич",
    "InstructorLink": ""
  },
  {
    "DayOfWeek": "Среда",
    "StartTime": "2024-03-04T11:50:00",
    "EndTime": "2024-03-04T13:20:00",
    "WeekType": "Обе недели",
    "Classroom": "У 443",
    "Group": "1218",
    "Subject": "Дополнительные главы математического анализа",
    "InstructorName": "Кротов Евгений Алексеевич",
    "InstructorLink": "https://www.smtu.ru/ru/viewperson/100590/"
  },
  {
    "DayOfWeek": "Среда",
    "StartTime": "2024-03-04T14:00:00",
    "EndTime": "2024-03-04T15:30:00",
    "WeekType": "Обе недели",
    "Classroom": "У 161",
    "Group": "1218",
    "Subject": "Дополнительные главы сопротивления материалов",
    "InstructorName": "Сиверс Михаил Николаевич",
    "InstructorLink": "https://www.smtu.ru/ru/viewperson/101071/"
  },
  {
    "DayOfWeek": "Четверг",
    "StartTime": "2024-03-04T11:50:00",
    "EndTime": "2024-03-04T13:20:00",
    "WeekType": "Нижняя неделя",
    "Classroom": "У каф.ФВ",
    "Group": "1218",
    "Subject": "Физическая культура и спорт (элективная)",
    "InstructorName": "",
    "InstructorLink": ""
  },
  {
    "DayOfWeek": "Четверг",
    "StartTime": "2024-03-04T14:00:00",
    "EndTime": "2024-03-04T15:30:00",
    "WeekType": "Верхняя неделя",
    "Classroom": "У каф.ФВ",
    "Group": "1218",
    "Subject": "Физическая культура и спорт (элективная)",
    "InstructorName": "",
    "InstructorLink": ""
  },
  {
    "DayOfWeek": "Четверг",
    "StartTime": "2024-03-04T14:00:00",
    "EndTime": "2024-03-04T15:30:00",
    "WeekType": "Нижняя неделя",
    "Classroom": "У 311",
    "Group": "1218",
    "Subject": "Детали машин",
    "InstructorName": "Голиков Владимир Анатольевич",
    "InstructorLink": ""
  },
  {
    "DayOfWeek": "Четверг",
    "StartTime": "2024-03-04T15:40:00",
    "EndTime": "2024-03-04T17:10:00",
    "WeekType": "Обе недели",
    "Classroom": "У 144",
    "Group": "1218",
    "Subject": "Дополнительные главы сопротивления материалов",
    "InstructorName": "Сиверс Михаил Николаевич",
    "InstructorLink": "https://www.smtu.ru/ru/viewperson/101071/"
  },
  {
    "DayOfWeek": "Четверг",
    "StartTime": "2024-03-04T17:20:00",
    "EndTime": "2024-03-04T18:50:00",
    "WeekType": "Верхняя неделя",
    "Classroom": "У 103",
    "Group": "1218",
    "Subject": "Детали машин",
    "InstructorName": "Голиков Владимир Анатольевич",
    "InstructorLink": ""
  },
  {
    "DayOfWeek": "Четверг",
    "StartTime": "2024-03-04T17:20:00",
    "EndTime": "2024-03-04T18:50:00",
    "WeekType": "Нижняя неделя",
    "Classroom": "У 245",
    "Group": "1218",
    "Subject": "Теория конструкционных материалов",
    "InstructorName": "Щепелина Дарья Дмитриевна",
    "InstructorLink": ""
  },
  {
    "DayOfWeek": "Пятница",
    "StartTime": "2024-03-04T10:10:00",
    "EndTime": "2024-03-04T11:40:00",
    "WeekType": "Верхняя неделя",
    "Classroom": "У 161",
    "Group": "1218",
    "Subject": "Сопротивление материалов",
    "InstructorName": "Сиверс Михаил Николаевич",
    "InstructorLink": "https://www.smtu.ru/ru/viewperson/101071/"
  },
  {
    "DayOfWeek": "Пятница",
    "StartTime": "2024-03-04T10:10:00",
    "EndTime": "2024-03-04T11:40:00",
    "WeekType": "Нижняя неделя",
    "Classroom": "У 144",
    "Group": "1218",
    "Subject": "Сопротивление материалов",
    "InstructorName": "Сиверс Михаил Николаевич",
    "InstructorLink": "https://www.smtu.ru/ru/viewperson/101071/"
  },
  {
    "DayOfWeek": "Пятница",
    "StartTime": "2024-03-04T11:50:00",
    "EndTime": "2024-03-04T13:20:00",
    "WeekType": "Обе недели",
    "Classroom": "У 245",
    "Group": "1218",
    "Subject": "Основы формообразования неметаллов",
    "InstructorName": "Толочко Олег Викторович",
    "InstructorLink": ""
  },
  {
    "DayOfWeek": "Пятница",
    "StartTime": "2024-03-04T14:00:00",
    "EndTime": "2024-03-04T15:30:00",
    "WeekType": "Обе недели",
    "Classroom": "У 245",
    "Group": "1218",
    "Subject": "Основы формообразования неметаллов",
    "InstructorName": "Толочко Олег Викторович",
    "InstructorLink": ""
  },
  {
    "DayOfWeek": "Пятница",
    "StartTime": "2024-03-04T15:40:00",
    "EndTime": "2024-03-04T17:10:00",
    "WeekType": "Обе недели",
    "Classroom": "У каф.ФВ",
    "Group": "1218",
    "Subject": "Физическая культура и спорт (элективная)",
    "InstructorName": "",
    "InstructorLink": ""
  },
  {
    "DayOfWeek": "Суббота",
    "StartTime": "2024-03-04T10:10:00",
    "EndTime": "2024-03-04T11:40:00",
    "WeekType": "Нижняя неделя",
    "Classroom": "У 154",
    "Group": "1218",
    "Subject": "Правоведение",
    "InstructorName": "Алексеев Георгий Валерьевич",
    "InstructorLink": ""
  },
  {
    "DayOfWeek": "Суббота",
    "StartTime": "2024-03-04T11:50:00",
    "EndTime": "2024-03-04T13:20:00",
    "WeekType": "Нижняя неделя",
    "Classroom": "У 115",
    "Group": "1218",
    "Subject": "Правоведение",
    "InstructorName": "Алексеев Георгий Валерьевич",
    "InstructorLink": ""
  }
]