[
  {
    "DayOfWeek": "Понедельник",
    "StartTime": "2024-03-04T08:30:00",
    "EndTime": "2024-03-04T10:00:00",
    "WeekType": "Обе недели",
    "Classroom": "А ВУЦ",
    "Group": "1270",
    "Subject": "Военная подготовка (офицеры запаса)",
    "InstructorName": "",
    "InstructorLink": ""
  },
  {
    "DayOfWeek": "Понедельник",
    "StartTime": "2024-03-04T10:10:00",
    "EndTime": "2024-03-04T11:40:00",
    "WeekType": "Обе недели",
    "Classroom": "А ВУЦ",
    "Group": "1270",
    "Subject": "Военная подготовка (офицеры запаса)",
    "InstructorName": "",
    "InstructorLink": ""
  },
  {
    "DayOfWeek": "Понедельник",
    "StartTime": "2024-03-04T11:50:00",
    "EndTime": "2024-03-04T13:20:00",
    "WeekType": "Обе недели",
    "Classroom": "А ВУЦ",
    "Group": "1270",
    "Subject": "Военная подготовка (офицеры запаса)",
    "InstructorName": "",
    "InstructorLink": ""
  },
  {
    "DayOfWeek": "Вторник",
    "StartTime": "2024-03-04T11:50:00",
    "EndTime": "2024-03-04T13:20:00",
    "WeekType": "Нижняя неделя",
    "Classroom": "А 319",
    "Group": "1270",
    "Subject": "Электротехника",
    "InstructorName": "Федоров Олег Михайлович",
    "InstructorLink": ""
  },
  {
    "DayOfWeek": "Вторник",
    "StartTime": "2024-03-04T14:00:00",
    "EndTime": "2024-03-04T15:30:00",
    "WeekType": "Верхняя неделя",
    "Classroom": "А 319",
    "Group": "1270",
    "Subject": "Электротехника",
    "InstructorName": "Федоров Олег Михайлович",
    "InstructorLink": ""
  },
  {
    "DayOfWeek": "Вторник",
    "StartTime": "2024-03-04T14:00:00",
    "EndTime": "2024-03-04T15:30:00",
    "WeekType": "Нижняя неделя",
    "Classroom": "А 318",
    "Group": "1270",
    "Subject": "Электротехника",
    "InstructorName": "Федоров Олег Михайлович",
    "InstructorLink": ""
  },
  {
    "DayOfWeek": "Вторник",
    "StartTime": "2024-03-04T15:40:00",
    "EndTime": "2024-03-04T17:10:00",
    "WeekType": "Верхняя неделя",
    "Classroom": "А 319",
    "Group": "1270",
    "Subject": "Электротехника",
    "InstructorName": "Федоров Олег Михайлович",
    "InstructorLink": ""
  },
  {
    "DayOfWeek": "Вторник",
    "StartTime": "2024-03-04T15:40:00",
    "EndTime": "2024-03-04T17:10:00",
    "WeekType": "Нижняя неделя",
    "Classroom": "Б 520",
    "Group": "1270",
    "Subject": "Физика электрической дуги",
    "InstructorName": "Карпов Вячеслав Михайлович",
    "InstructorLink": ""
  },
  {
    "DayOfWeek": "Вторник",
    "StartTime": "2024-03-04T17:20:00",
    "EndTime": "2024-03-04T18:50:00",
    "WeekType": "Верхняя неделя",
    "Classroom": "Б 520",
    "Group": "1270",
    "Subject": "Физика электрической дуги",
    "InstructorName": "Карпов Вячеслав Михайлович",
    "InstructorLink": ""
  },
  {
    "DayOfWeek": "Вторник",
    "StartTime": "2024-03-04T17:20:00",
    "EndTime": "2024-03-04T18:50:00",
    "WeekType": "Нижняя неделя",
    "Classroom": "Б 520",
    "Group": "1270",
    "Subject": "Физика электрической дуги",
    "InstructorName": "Карпов Вячеслав Михайлович",
    "InstructorLink": ""
  },
  {
    "DayOfWeek": "Среда",
    "StartTime": "2024-03-04T10:10:00",
    "EndTime": "2024-03-04T11:40:00",
    "WeekType": "Нижняя неделя",
    "Classroom": "У 144",
    "Group": "1270",
    "Subject": "Дополнительные главы сопротивления материалов",
    "InstructorName": "Сиверс Михаил Николаевич",
    "InstructorLink": "https://www.smtu.ru/ru/viewperson/101071/"
  },
  {
    "DayOfWeek": "Среда",
    "StartTime": "2024-03-04T11:50:00",
    "EndTime": "2024-03-04T13:20:00",
    "WeekType": "Верхняя неделя",
    "Classroom": "У 107",
    "Group": "1270",
    "Subject": "Сопротивление материалов",
    "InstructorName": "Сиверс Михаил Николаевич",
    "InstructorLink": "https://www.smtu.ru/ru/viewperson/101071/"
  },
  {
    "DayOfWeek": "Среда",
    "StartTime": "2024-03-04T11:50:00",
    "EndTime": "2024-03-04T13:20:00",
    "WeekType": "Нижняя неделя",
    "Classroom": "У 107",
    "Group": "1270",
    "Subject": "Дополнительные главы сопротивления материалов",
    "InstructorName": "Сиверс Михаил Николаевич",
    "InstructorLink": "https://www.smtu.ru/ru/viewperson/101071/"
  },
  {
    "DayOfWeek": "Среда",
    "StartTime": "2024-03-04T14:00:00",
    "EndTime": "2024-03-04T15:30:00",
    "WeekType": "Верхняя неделя",
    "Classroom": "У 103",
    "Group": "1270",
    "Subject": "Коррозия металлов",
    "InstructorName": "Трусов Валерий Иванович",
    "InstructorLink": "https://www.smtu.ru/ru/viewperson/101208/"
  },
  {
    "DayOfWeek": "Среда",
    "StartTime": "2024-03-04T15:40:00",
    "EndTime": "2024-03-04T17:10:00",
    "WeekType": "Верхняя неделя",
    "Classroom": "У 144",
    "Group": "1270",
    "Subject": "Сопротивление материалов",
    "InstructorName": "Сиверс Михаил Николаевич",
    "InstructorLink": "https://www.smtu.ru/ru/viewperson/101071/"
  },
  {
    "DayOfWeek": "Четверг",
    "StartTime": "2024-03-04T10:10:00",
    "EndTime": "2024-03-04T11:40:00",
    "WeekType": "Обе недели",
    "Classroom": "У каф.ФВ",
    "Group": "1270",
    "Subject": "Физическая культура и спорт (элективная)",
    "InstructorName": "",
    "InstructorLink": ""
  },
  {
    "DayOfWeek": "Четверг",
    "StartTime": "2024-03-04T11:50:00",
    "EndTime": "2024-03-04T13:20:00",
    "WeekType": "Обе недели",
    "Classroom": "У 161",
    "Group": "1270",
    "Subject": "Теория механизмов и машин",
    "InstructorName": "Черенкова Светлана Валентиновна",
    "InstructorLink": ""
  },
  {
    "DayOfWeek": "Четверг",
    "StartTime": "2024-03-04T14:00:00",
    "EndTime": "2024-03-04T15:30:00",
    "WeekType": "Обе недели",
    "Classroom": "У 245",
    "Group": "1270",
    "Subject": "Технология конструкционных материалов",
    "InstructorName": "Максименко Валентин Павлович",
    "InstructorLink": ""
  },
  {
    "DayOfWeek": "Четверг",
    "StartTime": "2024-03-04T14:00:00",
    "EndTime": "2024-03-04T15:30:00",
    "WeekType": "Обе недели",
    "Classroom": "У 245а",
    "Group": "1270",
    "Subject": "Технология конструкционных материалов",
    "InstructorName": "Юнусов Фируз Абдукадимович",
    "InstructorLink": ""
  },
  {
    "DayOfWeek": "Пятница",
    "StartTime": "2024-03-04T10:10:00",
    "EndTime": "2024-03-04T11:40:00",
    "WeekType": "Верхняя неделя",
    "Classroom": "У 312",
    "Group": "1270",
    "Subject": "Детали машин",
    "InstructorName": "Стукач Александр Васильевич",
    "InstructorLink": ""
  },
  {
    "DayOfWeek": "Пятница",
    "StartTime": "2024-03-04T11:50:00",
    "EndTime": "2024-03-04T13:20:00",
    "WeekType": "Обе недели",
    "Classroom": "У 311",
    "Group": "1270",
    "Subject": "Теория механизмов и машин",
    "InstructorName": "Черенкова Светлана Валентиновна",
    "InstructorLink": ""
  },
  {
    "DayOfWeek": "Пятница",
    "StartTime": "2024-03-04T14:00:00",
    "EndTime": "2024-03-04T15:30:00",
    "WeekType": "Обе недели",
    "Classroom": "У 536",
    "Group": "1270",
    "Subject": "Коррозия металлов",
    "InstructorName": "Ходжаев Рустам Саломович",
    "InstructorLink": "https://www.smtu.ru/ru/viewperson/105760/"
  },
  {
    "DayOfWeek": "Пятница",
    "StartTime": "2024-03-04T15:40:00",
    "EndTime": "2024-03-04T17:10:00",
    "WeekType": "Обе недели",
    "Classroom": "У каф.ФВ",
    "Group": "1270",
    "Subject": "Физическая культура и спорт (элективная)",
    "InstructorName": "",
    "InstructorLink": ""
  },
  {
    "DayOfWeek": "Суббота",
    "StartTime": "2024-03-04T08:30:00",
    "EndTime": "2024-03-04T10:00:00",
    "WeekType": "Обе недели",
    "Classroom": "У 103",
    "Group": "1270",
    "Subject": "Дополнительные главы математического анализа",
    "InstructorName": "Ловягин Юрий Никитич",
    "InstructorLink": "https://www.smtu.ru/ru/viewperson/104352/"
  },
  {
    "DayOfWeek": "Суббота",
    "StartTime": "2024-03-04T10:10:00",
    "EndTime": "2024-03-04T11:40:00",
    "WeekType": "Обе недели",
    "Classroom": "У 103",
    "Group": "1270",
    "Subject": "Технология конструкционных материалов",
    "InstructorName": "Максименко Валентин Павлович",
    "InstructorLink": ""
  },
  {
    "DayOfWeek": "Суббота",
    "StartTime": "2024-03-04T11:50:00",
    "EndTime": "2024-03-04T13:20:00",
    "WeekType": "Обе недели",
    "Classroom": "У 340(1)",
    "Group": "1270",
    "Subject": "Дополнительные главы математического анализа",
    "InstructorName": "Ипатова Лариса Петровна",
    "InstructorLink": ""
  },
  {
    "DayOfWeek": "Суббота",
    "StartTime": "2024-03-04T14:00:00",
    "EndTime": "2024-03-04T15:30:00",
    "WeekType": "Верхняя неделя",
    "Classroom": "У 103",
    "Group": "1270",
    "Subject": "Детали машин",
    "InstructorName": "Стукач Александр Васильевич",
    "InstructorLink": ""
  }
]