[
  {
    "DayOfWeek": "Понедельник",
    "StartTime": "2024-03-04T08:30:00",
    "EndTime": "2024-03-04T10:00:00",
    "WeekType": "Обе недели",
    "Classroom": "А ВУЦ",
    "Group": "1277",
    "Subject": "Военная подготовка (матросы/солдаты запаса)",
    "InstructorName": "",
    "InstructorLink": ""
  },
  {
    "DayOfWeek": "Понедельник",
    "StartTime": "2024-03-04T08:30:00",
    "EndTime": "2024-03-04T10:00:00",
    "WeekType": "Обе недели",
    "Classroom": "А ВУЦ",
    "Group": "1277",
    "Subject": "Военная подготовка (офицеры запаса)",
    "InstructorName": "",
    "InstructorLink": ""
  },
  {
    "DayOfWeek": "Вторник",
    "StartTime": "2024-03-04T10:10:00",
    "EndTime": "2024-03-04T11:40:00",
    "WeekType": "Верхняя неделя",
    "Classroom": "У 228",
    "Group": "1277",
    "Subject": "Композиция",
    "InstructorName": "Лиленкова Елена Павловна",
    "InstructorLink": "https://www.smtu.ru/ru/viewperson/100675/"
  },
  {
    "DayOfWeek": "Вторник",
    "StartTime": "2024-03-04T10:10:00",
    "EndTime": "2024-03-04T11:40:00",
    "WeekType": "Верхняя неделя",
    "Classroom": "У 225",
    "Group": "1277",
    "Subject": "Рисунок",
    "InstructorName": "Вьюношев Андрей Иванович",
    "InstructorLink": "https://www.smtu.ru/ru/viewperson/100245/"
  },
  {
    "DayOfWeek": "Вторник",
    "StartTime": "2024-03-04T10:10:00",
    "EndTime": "2024-03-04T11:40:00",
    "WeekType": "Нижняя неделя",
    "Classroom": "У 228",
    "Group": "1277",
    "Subject": "Композиция",
    "InstructorName": "Лиленкова Елена Павловна",
    "InstructorLink": "https://www.smtu.ru/ru/viewperson/100675/"
  },
  {
    "DayOfWeek": "Вторник",
    "StartTime": "2024-03-04T10:10:00",
    "EndTime": "2024-03-04T11:40:00",
    "WeekType": "Нижняя неделя",
    "Classroom": "У 225",
    "Group": "1277",
    "Subject": "Рисунок",
    "InstructorName": "Вьюношев Андрей Иванович",
    "InstructorLink": "https://www.smtu.ru/ru/viewperson/100245/"
  },
  {
    "DayOfWeek": "Вторник",
    "StartTime": "2024-03-04T11:50:00",
    "EndTime": "2024-03-04T13:20:00",
    "WeekType": "Верхняя неделя",
    "Classroom": "У 225",
    "Group": "1277",
    "Subject": "Рисунок",
    "InstructorName": "Вьюношев Андрей Иванович",
    "InstructorLink": "https://www.smtu.ru/ru/viewperson/100245/"
  },
  {
    "DayOfWeek": "Вторник",
    "StartTime": "2024-03-04T11:50:00",
    "EndTime": "2024-03-04T13:20:00",
    "WeekType": "Верхняя неделя",
    "Classroom": "У 228",
    "Group": "1277",
    "Subject": "Композиция",
    "InstructorName": "Лиленкова Елена Павловна",
    "InstructorLink": "https://www.smtu.ru/ru/viewperson/100675/"
  },
  {
    "DayOfWeek": "Вторник",
    "StartTime": "2024-03-04T11:50:00",
    "EndTime": "2024-03-04T13:20:00",
    "WeekType": "Нижняя неделя",
    "Classroom": "У 228",
    "Group": "1277",
    "Subject": "Композиция",
    "InstructorName": "Лиленкова Елена Павловна",
    "InstructorLink": "https://www.smtu.ru/ru/viewperson/100675/"
  },
  {
    "DayOfWeek": "Вторник",
    "StartTime": "2024-03-04T11:50:00",
    "EndTime": "2024-03-04T13:20:00",
    "WeekType": "Нижняя неделя",
    "Classroom": "У 225",
    "Group": "1277",
    "Subject": "Рисунок",
    "InstructorName": "Вьюношев Андрей Иванович",
    "InstructorLink": "https://www.smtu.ru/ru/viewperson/100245/"
  },
  {
    "DayOfWeek": "Вторник",
    "StartTime": "2024-03-04T14:00:00",
    "EndTime": "2024-03-04T15:30:00",
    "WeekType": "Верхняя неделя",
    "Classroom": "У 225",
    "Group": "1277",
    "Subject": "Рисунок",
    "InstructorName": "Вьюношев Андрей Иванович",
    "InstructorLink": "https://www.smtu.ru/ru/viewperson/100245/"
  },
  {
    "DayOfWeek": "Вторник",
    "StartTime": "2024-03-04T14:00:00",
    "EndTime": "2024-03-04T15:30:00",
    "WeekType": "Верхняя неделя",
    "Classroom": "У 228",
    "Group": "1277",
    "Subject": "Композиция",
    "InstructorName": "Лиленкова Елена Павловна",
    "InstructorLink": "https://www.smtu.ru/ru/viewperson/100675/"
  },
  {
    "DayOfWeek": "Вторник",
    "StartTime": "2024-03-04T14:00:00",
    "EndTime": "2024-03-04T15:30:00",
    "WeekType": "Нижняя неделя",
    "Classroom": "У 228",
    "Group": "1277",
    "Subject": "Композиция",
    "InstructorName": "Лиленкова Елена Павловна",
    "InstructorLink": "https://www.smtu.ru/ru/viewperson/100675/"
  },
  {
    "DayOfWeek": "Вторник",
    "StartTime": "2024-03-04T14:00:00",
    "EndTime": "2024-03-04T15:30:00",
    "WeekType": "Нижняя неделя",
    "Classroom": "У 225",
    "Group": "1277",
    "Subject": "Рисунок",
    "InstructorName": "Вьюношев Андрей Иванович",
    "InstructorLink": "https://www.smtu.ru/ru/viewperson/100245/"
  },
  {
    "DayOfWeek": "Вторник",
    "StartTime": "2024-03-04T15:40:00",
    "EndTime": "2024-03-04T17:10:00",
    "WeekType": "Верхняя неделя",
    "Classroom": "У лаб. мозаики",
    "Group": "1277",
    "Subject": "Технология художественного литья",
    "InstructorName": "Петрова Светлана Георгиевна",
    "InstructorLink": "https://www.smtu.ru/ru/viewperson/100891/"
  },
  {
    "DayOfWeek": "Вторник",
    "StartTime": "2024-03-04T15:40:00",
    "EndTime": "2024-03-04T17:10:00",
    "WeekType": "Верхняя неделя",
    "Classroom": "У 197",
    "Group": "1277",
    "Subject": "Технология художественного литья",
    "InstructorName": "Петрова Светлана Георгиевна",
    "InstructorLink": "https://www.smtu.ru/ru/viewperson/100891/"
  },
  {
    "DayOfWeek": "Среда",
    "StartTime": "2024-03-04T10:10:00",
    "EndTime": "2024-03-04T11:40:00",
    "WeekType": "Верхняя неделя",
    "Classroom": "У лаб. мозаики",
    "Group": "1277",
    "Subject": "Технология художественного литья",
    "InstructorName": "Петрова Светлана Георгиевна",
    "InstructorLink": "https://www.smtu.ru/ru/viewperson/100891/"
  },
  {
    "DayOfWeek": "Среда",
    "StartTime": "2024-03-04T10:10:00",
    "EndTime": "2024-03-04T11:40:00",
    "WeekType": "Верхняя неделя",
    "Classroom": "У 197",
    "Group": "1277",
    "Subject": "Технология художественного литья",
    "InstructorName": "Петрова Светлана Георгиевна",
    "InstructorLink": "https://www.smtu.ru/ru/viewperson/100891/"
  },
  {
    "DayOfWeek": "Среда",
    "StartTime": "2024-03-04T11:50:00",
    "EndTime": "2024-03-04T13:20:00",
    "WeekType": "Обе недели",
    "Classroom": "У лаб. мозаики",
    "Group": "1277",
    "Subject": "Технология художественного литья",
    "InstructorName": "Петрова Светлана Георгиевна",
    "InstructorLink": "https://www.smtu.ru/ru/viewperson/100891/"
  },
  {
    "DayOfWeek": "Среда",
    "StartTime": "2024-03-04T11:50:00",
    "EndTime": "2024-03-04T13:20:00",
    "WeekType": "Обе недели",
    "Classroom": "У 197",
    "Group": "1277",
    "Subject": "Технология художественного литья",
    "InstructorName": "Петрова Светлана Георгиевна",
    "InstructorLink": "https://www.smtu.ru/ru/viewperson/100891/"
  },
  {
    "DayOfWeek": "Среда",
    "StartTime": "2024-03-04T14:00:00",
    "EndTime": "2024-03-04T15:30:00",
    "WeekType": "Верхняя неделя",
    "Classroom": "У 228",
    "Group": "1277",
    "Subject": "Эскизно-проектная графика",
    "InstructorName": "Лиленкова Елена Павловна",
    "InstructorLink": "https://www.smtu.ru/ru/viewperson/100675/"
  },
  {
    "DayOfWeek": "Среда",
    "StartTime": "2024-03-04T14:00:00",
    "EndTime": "2024-03-04T15:30:00",
    "WeekType": "Нижняя неделя",
    "Classroom": "У 197",
    "Group": "1277",
    "Subject": "Технология художественного литья",
    "InstructorName": "Петрова Светлана Георгиевна",
    "InstructorLink": "https://www.smtu.ru/ru/viewperson/100891/"
  },
  {
    "DayOfWeek": "Среда",
    "StartTime": "2024-03-04T14:00:00",
    "EndTime": "2024-03-04T15:30:00",
    "WeekType": "Нижняя неделя",
    "Classroom": "У лаб. мозаики",
    "Group": "1277",
    "Subject": "Технология художественного литья",
    "InstructorName": "Петрова Светлана Георгиевна",
    "InstructorLink": "https://www.smtu.ru/ru/viewperson/100891/"
  },
  {
    "DayOfWeek": "Среда",
    "StartTime": "2024-03-04T15:40:00",
    "EndTime": "2024-03-04T17:10:00",
    "WeekType": "Верхняя неделя",
    "Classroom": "У 228",
    "Group": "1277",
    "Subject": "Эскизно-проектная графика",
    "InstructorName": "Лиленкова Елена Павловна",
    "InstructorLink": "https://www.smtu.ru/ru/viewperson/100675/"
  },
  {
    "DayOfWeek": "Среда",
    "StartTime": "2024-03-04T15:40:00",
    "EndTime": "2024-03-04T17:10:00",
    "WeekType": "Нижняя неделя",
    "Classroom": "У 228",
    "Group": "1277",
    "Subject": "Эскизно-проектная графика",
    "InstructorName": "Лиленкова Елена Павловна",
    "InstructorLink": "https://www.smtu.ru/ru/viewperson/100675/"
  },
  {
    "DayOfWeek": "Четверг",
    "StartTime": "2024-03-04T08:30:00",
    "EndTime": "2024-03-04T10:00:00",
    "WeekType": "Обе недели",
    "Classroom": "У каф.ФВ",
    "Group": "1277",
    "Subject": "Физическая культура и спорт (элективная)",
    "InstructorName": "",
    "InstructorLink": ""
  },
  {
    "DayOfWeek": "Четверг",
    "StartTime": "2024-03-04T10:10:00",
    "EndTime": "2024-03-04T11:40:00",
    "WeekType": "Верхняя неделя",
    "Classroom": "У 225",
    "Group": "1277",
    "Subject": "Живопись и цветоведение",
    "InstructorName": "Мунтиев Павел Алексеевич",
    "InstructorLink": ""
  },
  {
    "DayOfWeek": "Четверг",
    "StartTime": "2024-03-04T10:10:00",
    "EndTime": "2024-03-04T11:40:00",
    "WeekType": "Нижняя неделя",
    "Classroom": "У 314в",
    "Group": "1277",
    "Subject": "Графические программы для дизайна",
    "InstructorName": "Вьюношева Юлия Викторовна",
    "InstructorLink": ""
  },
  {
    "DayOfWeek": "Четверг",
    "StartTime": "2024-03-04T11:50:00",
    "EndTime": "2024-03-04T13:20:00",
    "WeekType": "Верхняя неделя",
    "Classroom": "У 225",
    "Group": "1277",
    "Subject": "Живопись и цветоведение",
    "InstructorName": "Мунтиев Павел Алексеевич",
    "InstructorLink": ""
  },
  {
    "DayOfWeek": "Четверг",
    "StartTime": "2024-03-04T11:50:00",
    "EndTime": "2024-03-04T13:20:00",
    "WeekType": "Верхняя неделя",
    "Classroom": "У 314в",
    "Group": "1277",
    "Subject": "Графические программы для дизайна",
    "InstructorName": "Вьюношева Юлия Викторовна",
    "InstructorLink": ""
  },
  {
    "DayOfWeek": "Четверг",
    "StartTime": "2024-03-04T11:50:00",
    "EndTime": "2024-03-04T13:20:00",
    "WeekType": "Нижняя неделя",
    "Classroom": "У 314в",
    "Group": "1277",
    "Subject": "Графические программы для дизайна",
    "InstructorName": "Вьюношева Юлия Викторовна",
    "InstructorLink": ""
  },
  {
    "DayOfWeek": "Четверг",
    "StartTime": "2024-03-04T11:50:00",
    "EndTime": "2024-03-04T13:20:00",
    "WeekType": "Нижняя неделя",
    "Classroom": "У 225",
    "Group": "1277",
    "Subject": "Живопись и цветоведение",
    "InstructorName": "Мунтиев Павел Алексеевич",
    "InstructorLink": ""
  },
  {
    "DayOfWeek": "Четверг",
    "StartTime": "2024-03-04T14:00:00",
    "EndTime": "2024-03-04T15:30:00",
    "WeekType": "Верхняя неделя",
    "Classroom": "У 314в",
    "Group": "1277",
    "Subject": "Графические программы для дизайна",
    "InstructorName": "Вьюношева Юлия Викторовна",
    "InstructorLink": ""
  },
  {
    "DayOfWeek": "Четверг",
    "StartTime": "2024-03-04T14:00:00",
    "EndTime": "2024-03-04T15:30:00",
    "WeekType": "Верхняя неделя",
    "Classroom": "У 225",
    "Group": "1277",
    "Subject": "Живопись и цветоведение",
    "InstructorName": "Мунтиев Павел Алексеевич",
    "InstructorLink": ""
  },
  {
    "DayOfWeek": "Четверг",
    "StartTime": "2024-03-04T14:00:00",
    "EndTime": "2024-03-04T15:30:00",
    "WeekType": "Нижняя неделя",
    "Classroom": "У 314в",
    "Group": "1277",
    "Subject": "Графические программы для дизайна",
    "InstructorName": "Вьюношева Юлия Викторовна",
    "InstructorLink": ""
  },
  {
    "DayOfWeek": "Четверг",
    "StartTime": "2024-03-04T14:00:00",
    "EndTime": "2024-03-04T15:30:00",
    "WeekType": "Нижняя неделя",
    "Classroom": "У 225",
    "Group": "1277",
    "Subject": "Живопись и цветоведение",
    "InstructorName": "Мунтиев Павел Алексеевич",
    "InstructorLink": ""
  },
  {
    "DayOfWeek": "Пятница",
    "StartTime": "2024-03-04T08:30:00",
    "EndTime": "2024-03-04T10:00:00",
    "WeekType": "Обе недели",
    "Classroom": "У каф.ФВ",
    "Group": "1277",
    "Subject": "Физическая культура и спорт (элективная)",
    "InstructorName": "",
    "InstructorLink": ""
  },
  {
    "DayOfWeek": "Пятница",
    "StartTime": "2024-03-04T10:10:00",
    "EndTime": "2024-03-04T11:40:00",
    "WeekType": "Верхняя неделя",
    "Classroom": "У лаб. керамики",
    "Group": "1277",
    "Subject": "Скульптура и лепка",
    "InstructorName": "Мазитова Гузаль Рафшановна",
    "InstructorLink": ""
  },
  {
    "DayOfWeek": "Пятница",
    "StartTime": "2024-03-04T10:10:00",
    "EndTime": "2024-03-04T11:40:00",
    "WeekType": "Нижняя неделя",
    "Classroom": "У лаб. керамики",
    "Group": "1277",
    "Subject": "Скульптура и лепка",
    "InstructorName": "Мазитова Гузаль Рафшановна",
    "InstructorLink": ""
  },
  {
    "DayOfWeek": "Пятница",
    "StartTime": "2024-03-04T11:50:00",
    "EndTime": "2024-03-04T13:20:00",
    "WeekType": "Обе недели",
    "Classroom": "У лаб. керамики",
    "Group": "1277",
    "Subject": "Скульптура и лепка",
    "InstructorName": "Мазитова Гузаль Рафшановна",
    "InstructorLink": ""
  },
  {
    "DayOfWeek": "Пятница",
    "StartTime": "2024-03-04T14:00:00",
    "EndTime": "2024-03-04T15:30:00",
    "WeekType": "Верхняя неделя",
    "Classroom": "У 212",
    "Group": "1277",
    "Subject": "Авторское право",
    "InstructorName": "Радько Анастасия Сергеевна",
    "InstructorLink": "https://www.smtu.ru/ru/viewperson/100966/"
  },
  {
    "DayOfWeek": "Пятница",
    "StartTime": "2024-03-04T14:00:00",
    "EndTime": "2024-03-04T15:30:00",
    "WeekType": "Нижняя неделя",
    "Classroom": "У 212",
    "Group": "1277",
    "Subject": "Авторское право",
    "InstructorName": "Радько Анастасия Сергеевна",
    "InstructorLink": "https://www.smtu.ru/ru/viewperson/100966/"
  }
]