[
  {
    "DayOfWeek": "Понедельник",
    "StartTime": "2024-03-04T08:30:00",
    "EndTime": "2024-03-04T10:00:00",
    "WeekType": "Обе недели",
    "Classroom": "А ВУЦ",
    "Group": "1284",
    "Subject": "Военная подготовка (офицеры запаса)",
    "InstructorName": "",
    "InstructorLink": ""
  },
  {
    "DayOfWeek": "Понедельник",
    "StartTime": "2024-03-04T10:10:00",
    "EndTime": "2024-03-04T11:40:00",
    "WeekType": "Обе недели",
    "Classroom": "А ВУЦ",
    "Group": "1284",
    "Subject": "Военная подготовка (офицеры запаса)",
    "InstructorName": "",
    "InstructorLink": ""
  },
  {
    "DayOfWeek": "Понедельник",
    "StartTime": "2024-03-04T11:50:00",
    "EndTime": "2024-03-04T13:20:00",
    "WeekType": "Обе недели",
    "Classroom": "А ВУЦ",
    "Group": "1284",
    "Subject": "Военная подготовка (офицеры запаса)",
    "InstructorName": "",
    "InstructorLink": ""
  },
  {
    "DayOfWeek": "Вторник",
    "StartTime": "2024-03-04T10:10:00",
    "EndTime": "2024-03-04T11:40:00",
    "WeekType": "Обе недели",
    "Classroom": "А 404",
    "Group": "1284",
    "Subject": "Термодинамика и теплопередача",
    "InstructorName": "Таранцева Нина Олеговна",
    "InstructorLink": ""
  },
  {
    "DayOfWeek": "Вторник",
    "StartTime": "2024-03-04T11:50:00",
    "EndTime": "2024-03-04T13:20:00",
    "WeekType": "Верхняя неделя",
    "Classroom": "Б 510",
    "Group": "1284",
    "Subject": "Уравнения математической физики",
    "InstructorName": "Рыжов Владимир Александрович",
    "InstructorLink": "https://www.smtu.ru/ru/viewperson/101012/"
  },
  {
    "DayOfWeek": "Вторник",
    "StartTime": "2024-03-04T11:50:00",
    "EndTime": "2024-03-04T13:20:00",
    "WeekType": "Нижняя неделя",
    "Classroom": "А 404",
    "Group": "1284",
    "Subject": "Термодинамика и теплопередача",
    "InstructorName": "Таранцева Нина Олеговна",
    "InstructorLink": ""
  },
  {
    "DayOfWeek": "Вторник",
    "StartTime": "2024-03-04T14:00:00",
    "EndTime": "2024-03-04T15:30:00",
    "WeekType": "Верхняя неделя",
    "Classroom": "Б 510",
    "Group": "1284",
    "Subject": "Уравнения математической физики",
    "InstructorName": "Рыжов Владимир Александрович",
    "InstructorLink": "https://www.smtu.ru/ru/viewperson/101012/"
  },
  {
    "DayOfWeek": "Вторник",
    "StartTime": "2024-03-04T14:00:00",
    "EndTime": "2024-03-04T15:30:00",
    "WeekType": "Нижняя неделя",
    "Classroom": "Б 511",
    "Group": "1284",
    "Subject": "Уравнения математической физики",
    "InstructorName": "Рыжов Владимир Александрович",
    "InstructorLink": "https://www.smtu.ru/ru/viewperson/101012/"
  },
  {
    "DayOfWeek": "Вторник",
    "StartTime": "2024-03-04T15:40:00",
    "EndTime": "2024-03-04T17:10:00",
    "WeekType": "Обе недели",
    "Classroom": "Б 401",
    "Group": "1284",
    "Subject": "Механика жидкости и газа",
    "InstructorName": "Чепурко Сергей Иванович",
    "InstructorLink": ""
  },
  {
    "DayOfWeek": "Среда",
    "StartTime": "2024-03-04T10:10:00",
    "EndTime": "2024-03-04T11:40:00",
    "WeekType": "Обе недели",
    "Classroom": "У каф.ФВ",
    "Group": "1284",
    "Subject": "Физическая культура и спорт (элективная)",
    "InstructorName": "",
    "InstructorLink": ""
  },
  {
    "DayOfWeek": "Среда",
    "StartTime": "2024-03-04T11:50:00",
    "EndTime": "2024-03-04T13:20:00",
    "WeekType": "Верхняя неделя",
    "Classroom": "У 506",
    "Group": "1284",
    "Subject": "Аналитическая механика",
    "InstructorName": "Мелконян Армен Левонович",
    "InstructorLink": "https://www.smtu.ru/ru/viewperson/100749/"
  },
  {
    "DayOfWeek": "Среда",
    "StartTime": "2024-03-04T11:50:00",
    "EndTime": "2024-03-04T13:20:00",
    "WeekType": "Нижняя неделя",
    "Classroom": "У 506",
    "Group": "1284",
    "Subject": "Аналитическая механика",
    "InstructorName": "Мелконян Армен Левонович",
    "InstructorLink": "https://www.smtu.ru/ru/viewperson/100749/"
  },
  {
    "DayOfWeek": "Среда",
    "StartTime": "2024-03-04T14:00:00",
    "EndTime": "2024-03-04T15:30:00",
    "WeekType": "Обе недели",
    "Classroom": "У 161",
    "Group": "1284",
    "Subject": "Дополнительные главы сопротивления материалов",
    "InstructorName": "Сиверс Михаил Николаевич",
    "InstructorLink": "https://www.smtu.ru/ru/viewperson/101071/"
  },
  {
    "DayOfWeek": "Четверг",
    "StartTime": "2024-03-04T11:50:00",
    "EndTime": "2024-03-04T13:20:00",
    "WeekType": "Обе недели",
    "Classroom": "У каф.ФВ",
    "Group": "1284",
    "Subject": "Физическая культура и спорт (элективная)",
    "InstructorName": "",
    "InstructorLink": ""
  },
  {
    "DayOfWeek": "Четверг",
    "StartTime": "2024-03-04T14:00:00",
    "EndTime": "2024-03-04T15:30:00",
    "WeekType": "Обе недели",
    "Classroom": "У 440",
    "Group": "1284",
    "Subject": "Теория функций комплексной переменной",
    "InstructorName": "Кадыров Сергей Газимурович",
    "InstructorLink": "https://www.smtu.ru/ru/viewperson/100484/"
  },
  {
    "DayOfWeek": "Четверг",
    "StartTime": "2024-03-04T15:40:00",
    "EndTime": "2024-03-04T17:10:00",
    "WeekType": "Верхняя неделя",
    "Classroom": "У 440",
    "Group": "1284",
    "Subject": "Теория функций комплексной переменной",
    "InstructorName": "Кадыров Сергей Газимурович",
    "InstructorLink": "https://www.smtu.ru/ru/viewperson/100484/"
  },
  {
    "DayOfWeek": "Четверг",
    "StartTime": "2024-03-04T15:40:00",
    "EndTime": "2024-03-04T17:10:00",
    "WeekType": "Нижняя неделя",
    "Classroom": "У 311",
    "Group": "1284",
    "Subject": "Детали машин",
    "InstructorName": "Голиков Владимир Анатольевич",
    "InstructorLink": ""
  },
  {
    "DayOfWeek": "Четверг",
    "StartTime": "2024-03-04T17:20:00",
    "EndTime": "2024-03-04T18:50:00",
    "WeekType": "Верхняя неделя",
    "Classroom": "У 103",
    "Group": "1284",
    "Subject": "Детали машин",
    "InstructorName": "Голиков Владимир Анатольевич",
    "InstructorLink": ""
  },
  {
    "DayOfWeek": "Пятница",
    "StartTime": "2024-03-04T10:10:00",
    "EndTime": "2024-03-04T11:40:00",
    "WeekType": "Верхняя неделя",
    "Classroom": "У 161",
    "Group": "1284",
    "Subject": "Сопротивление материалов",
    "InstructorName": "Сиверс Михаил Николаевич",
    "InstructorLink": "https://www.smtu.ru/ru/viewperson/101071/"
  },
  {
    "DayOfWeek": "Пятница",
    "StartTime": "2024-03-04T11:50:00",
    "EndTime": "2024-03-04T13:20:00",
    "WeekType": "Обе недели",
    "Classroom": "У 144",
    "Group": "1284",
    "Subject": "Дополнительные главы сопротивления материалов",
    "InstructorName": "Сиверс Михаил Николаевич",
    "InstructorLink": "https://www.smtu.ru/ru/viewperson/101071/"
  },
  {
    "DayOfWeek": "Пятница",
    "StartTime": "2024-03-04T14:00:00",
    "EndTime": "2024-03-04T15:30:00",
    "WeekType": "Нижняя неделя",
    "Classroom": "У 144",
    "Group": "1284",
    "Subject": "Сопротивление материалов",
    "InstructorName": "Сиверс Михаил Николаевич",
    "InstructorLink": "https://www.smtu.ru/ru/viewperson/101071/"
  },
  {
    "DayOfWeek": "Суббота",
    "StartTime": "2024-03-04T08:30:00",
    "EndTime": "2024-03-04T10:00:00",
    "WeekType": "Верхняя неделя",
    "Classroom": "Б 318",
    "Group": "1284",
    "Subject": "Механика жидкости и газа",
    "InstructorName": "Али Рами Мамдух",
    "InstructorLink": "https://www.smtu.ru/ru/viewperson/106092/"
  },
  {
    "DayOfWeek": "Суббота",
    "StartTime": "2024-03-04T10:10:00",
    "EndTime": "2024-03-04T11:40:00",
    "WeekType": "Верхняя неделя",
    "Classroom": "Б 316",
    "Group": "1284",
    "Subject": "Механика жидкости и газа",
    "InstructorName": "Али Рами Мамдух",
    "InstructorLink": "https://www.smtu.ru/ru/viewperson/106092/"
  },
  {
    "DayOfWeek": "Суббота",
    "StartTime": "2024-03-04T11:50:00",
    "EndTime": "2024-03-04T13:20:00",
    "WeekType": "Нижняя неделя",
    "Classroom": "У 115",
    "Group": "1284",
    "Subject": "Правоведение",
    "InstructorName": "Алексеев Георгий Валерьевич",
    "InstructorLink": ""
  },
  {
    "DayOfWeek": "Суббота",
    "StartTime": "2024-03-04T14:00:00",
    "EndTime": "2024-03-04T15:30:00",
    "WeekType": "Нижняя неделя",
    "Classroom": "У 154",
    "Group": "1284",
    "Subject": "Правоведение",
    "InstructorName": "Алексеев Георгий Валерьевич",
    "InstructorLink": ""
  }
]