[
  {
    "DayOfWeek": "Понедельник",
    "StartTime": "2024-03-04T08:30:00",
    "EndTime": "2024-03-04T10:00:00",
    "WeekType": "Верхняя неделя",
    "Classroom": "У 514",
    "Group": "1310",
    "Subject": "Деловые коммуникации",
    "InstructorName": "Бабаева Наталья Михайловна",
    "InstructorLink": "https://www.smtu.ru/ru/viewperson/100060/"
  },
  {
    "DayOfWeek": "Понедельник",
    "StartTime": "2024-03-04T08:30:00",
    "EndTime": "2024-03-04T10:00:00",
    "WeekType": "Нижняя неделя",
    "Classroom": "У 514",
    "Group": "1310",
    "Subject": "Деловые коммуникации",
    "InstructorName": "Бабаева Наталья Михайловна",
    "InstructorLink": "https://www.smtu.ru/ru/viewperson/100060/"
  },
  {
    "DayOfWeek": "Понедельник",
    "StartTime": "2024-03-04T10:10:00",
    "EndTime": "2024-03-04T11:40:00",
    "WeekType": "Обе недели",
    "Classroom": "У 514",
    "Group": "1310",
    "Subject": "Экономика",
    "InstructorName": "Полухина Софья Алексеевна",
    "InstructorLink": "https://www.smtu.ru/ru/viewperson/100922/"
  },
  {
    "DayOfWeek": "Понедельник",
    "StartTime": "2024-03-04T11:50:00",
    "EndTime": "2024-03-04T13:20:00",
    "WeekType": "Обе недели",
    "Classroom": "У 103",
    "Group": "1310",
    "Subject": "Экономика",
    "InstructorName": "Полухина Софья Алексеевна",
    "InstructorLink": "https://www.smtu.ru/ru/viewperson/100922/"
  },
  {
    "DayOfWeek": "Понедельник",
    "StartTime": "2024-03-04T14:00:00",
    "EndTime": "2024-03-04T15:30:00",
    "WeekType": "Обе недели",
    "Classroom": "У каф.ФВ",
    "Group": "1310",
    "Subject": "Физическая культура и спорт (элективная)",
    "InstructorName": "",
    "InstructorLink": ""
  },
  {
    "DayOfWeek": "Вторник",
    "StartTime": "2024-03-04T11:50:00",
    "EndTime": "2024-03-04T13:20:00",
    "WeekType": "Нижняя неделя",
    "Classroom": "Б 207",
    "Group": "1310",
    "Subject": "Судовые устройства",
    "InstructorName": "Долгов Дмитрий Сергеевич",
    "InstructorLink": "https://www.smtu.ru/ru/viewperson/102536/"
  },
  {
    "DayOfWeek": "Вторник",
    "StartTime": "2024-03-04T14:00:00",
    "EndTime": "2024-03-04T15:30:00",
    "WeekType": "Обе недели",
    "Classroom": "Б 610",
    "Group": "1310",
    "Subject": "Судовые устройства",
    "InstructorName": "Долгов Дмитрий Сергеевич",
    "InstructorLink": "https://www.smtu.ru/ru/viewperson/102536/"
  },
  {
    "DayOfWeek": "Вторник",
    "StartTime": "2024-03-04T15:40:00",
    "EndTime": "2024-03-04T17:10:00",
    "WeekType": "Обе недели",
    "Classroom": "Б 608",
    "Group": "1310",
    "Subject": "Проектирование судов",
    "InstructorName": "Овчинников Кирилл Дмитриевич",
    "InstructorLink": "https://www.smtu.ru/ru/viewperson/100836/"
  },
  {
    "DayOfWeek": "Среда",
    "StartTime": "2024-03-04T10:10:00",
    "EndTime": "2024-03-04T11:40:00",
    "WeekType": "Обе недели",
    "Classroom": "Б 101",
    "Group": "1310",
    "Subject": "Проектирование судов",
    "InstructorName": "Демешко Геннадий Федорович",
    "InstructorLink": "https://www.smtu.ru/ru/viewperson/100328/"
  },
  {
    "DayOfWeek": "Среда",
    "StartTime": "2024-03-04T11:50:00",
    "EndTime": "2024-03-04T13:20:00",
    "WeekType": "Обе недели",
    "Classroom": "Б 101",
    "Group": "1310",
    "Subject": "Прочность корабля",
    "InstructorName": "Манухин Вадим Анатольевич",
    "InstructorLink": "https://www.smtu.ru/ru/viewperson/100726/"
  },
  {
    "DayOfWeek": "Среда",
    "StartTime": "2024-03-04T15:40:00",
    "EndTime": "2024-03-04T17:10:00",
    "WeekType": "Обе недели",
    "Classroom": "У каф.ФВ",
    "Group": "1310",
    "Subject": "Физическая культура и спорт (элективная)",
    "InstructorName": "",
    "InstructorLink": ""
  },
  {
    "DayOfWeek": "Четверг",
    "StartTime": "2024-03-04T08:30:00",
    "EndTime": "2024-03-04T10:00:00",
    "WeekType": "Обе недели",
    "Classroom": "Б 508",
    "Group": "1310",
    "Subject": "Конструкция корпуса судов",
    "InstructorName": "Смирнов Юрий Александрович",
    "InstructorLink": "https://www.smtu.ru/ru/viewperson/101106/"
  },
  {
    "DayOfWeek": "Четверг",
    "StartTime": "2024-03-04T10:10:00",
    "EndTime": "2024-03-04T11:40:00",
    "WeekType": "Обе недели",
    "Classroom": "Б 508",
    "Group": "1310",
    "Subject": "Технология судостроения",
    "InstructorName": "Догадин Александр Владимирович",
    "InstructorLink": ""
  },
  {
    "DayOfWeek": "Четверг",
    "StartTime": "2024-03-04T11:50:00",
    "EndTime": "2024-03-04T13:20:00",
    "WeekType": "Верхняя неделя",
    "Classroom": "Б 419",
    "Group": "1310",
    "Subject": "Теория корабля",
    "InstructorName": "Макарова Валентина Вячеславовна",
    "InstructorLink": "https://www.smtu.ru/ru/viewperson/103860/"
  },
  {
    "DayOfWeek": "Четверг",
    "StartTime": "2024-03-04T11:50:00",
    "EndTime": "2024-03-04T13:20:00",
    "WeekType": "Нижняя неделя",
    "Classroom": "Б 330",
    "Group": "1310",
    "Subject": "Теория корабля",
    "InstructorName": "Макарова Валентина Вячеславовна",
    "InstructorLink": "https://www.smtu.ru/ru/viewperson/103860/"
  },
  {
    "DayOfWeek": "Четверг",
    "StartTime": "2024-03-04T14:00:00",
    "EndTime": "2024-03-04T15:30:00",
    "WeekType": "Обе недели",
    "Classroom": "Б 218",
    "Group": "1310",
    "Subject": "Прочность корабля",
    "InstructorName": "Пономарев Дмитрий Александрович",
    "InstructorLink": "https://www.smtu.ru/ru/viewperson/100929/"
  },
  {
    "DayOfWeek": "Пятница",
    "StartTime": "2024-03-04T08:30:00",
    "EndTime": "2024-03-04T10:00:00",
    "WeekType": "Обе недели",
    "Classroom": "А ВУЦ",
    "Group": "1310",
    "Subject": "Военная подготовка (офицеры запаса)",
    "InstructorName": "",
    "InstructorLink": ""
  },
  {
    "DayOfWeek": "Пятница",
    "StartTime": "2024-03-04T10:10:00",
    "EndTime": "2024-03-04T11:40:00",
    "WeekType": "Обе недели",
    "Classroom": "А ВУЦ",
    "Group": "1310",
    "Subject": "Военная подготовка (офицеры запаса)",
    "InstructorName": "",
    "InstructorLink": ""
  },
  {
    "DayOfWeek": "Пятница",
    "StartTime": "2024-03-04T11:50:00",
    "EndTime": "2024-03-04T13:20:00",
    "WeekType": "Обе недели",
    "Classroom": "А ВУЦ",
    "Group": "1310",
    "Subject": "Военная подготовка (офицеры запаса)",
    "InstructorName": "",
    "InstructorLink": ""
  },
  {
    "DayOfWeek": "Суббота",
    "StartTime": "2024-03-04T08:30:00",
    "EndTime": "2024-03-04T10:00:00",
    "WeekType": "Обе недели",
    "Classroom": "Б 414",
    "Group": "1310",
    "Subject": "Технология судостроения",
    "InstructorName": "Пащенко Ольга Сергеевна",
    "InstructorLink": ""
  },
  {
    "DayOfWeek": "Суббота",
    "StartTime": "2024-03-04T10:10:00",
    "EndTime": "2024-03-04T11:40:00",
    "WeekType": "Обе недели",
    "Classroom": "Б 207",
    "Group": "1310",
    "Subject": "Конструкция корпуса судов",
    "InstructorName": "Смирнов Юрий Александрович",
    "InstructorLink": "https://www.smtu.ru/ru/viewperson/101106/"
  },
  {
    "DayOfWeek": "Суббота",
    "StartTime": "2024-03-04T11:50:00",
    "EndTime": "2024-03-04T13:20:00",
    "WeekType": "Обе недели",
    "Classroom": "Б 101",
    "Group": "1310",
    "Subject": "Теория корабля",
    "InstructorName": "Макарова Валентина Вячеславовна",
    "InstructorLink": "https://www.smtu.ru/ru/viewperson/103860/"
  }
]