[
  {
    "DayOfWeek": "Понедельник",
    "StartTime": "2024-03-04T10:10:00",
    "EndTime": "2024-03-04T11:40:00",
    "WeekType": "Обе недели",
    "Classroom": "У каф.ФВ",
    "Group": "1314",
    "Subject": "Физическая культура и спорт (элективная)",
    "InstructorName": "",
    "InstructorLink": ""
  },
  {
    "DayOfWeek": "Вторник",
    "StartTime": "2024-03-04T10:10:00",
    "EndTime": "2024-03-04T11:40:00",
    "WeekType": "Обе недели",
    "Classroom": "Б 101",
    "Group": "1314",
    "Subject": "Конструкция корпуса судов",
    "InstructorName": "Тряскин Владимир Николаевич",
    "InstructorLink": "https://www.smtu.ru/ru/viewperson/101209/"
  },
  {
    "DayOfWeek": "Вторник",
    "StartTime": "2024-03-04T11:50:00",
    "EndTime": "2024-03-04T13:20:00",
    "WeekType": "Обе недели",
    "Classroom": "Б 101",
    "Group": "1314",
    "Subject": "Теория корабля",
    "InstructorName": "Макарова Валентина Вячеславовна",
    "InstructorLink": "https://www.smtu.ru/ru/viewperson/103860/"
  },
  {
    "DayOfWeek": "Вторник",
    "StartTime": "2024-03-04T14:00:00",
    "EndTime": "2024-03-04T15:30:00",
    "WeekType": "Обе недели",
    "Classroom": "Б 218",
    "Group": "1314",
    "Subject": "Прочность корабля",
    "InstructorName": "Коршунов Владимир Александрович",
    "InstructorLink": "https://www.smtu.ru/ru/viewperson/100566/"
  },
  {
    "DayOfWeek": "Вторник",
    "StartTime": "2024-03-04T15:40:00",
    "EndTime": "2024-03-04T17:10:00",
    "WeekType": "Верхняя неделя",
    "Classroom": "Б 330",
    "Group": "1314",
    "Subject": "Теория корабля",
    "InstructorName": "Макарова Валентина Вячеславовна",
    "InstructorLink": "https://www.smtu.ru/ru/viewperson/103860/"
  },
  {
    "DayOfWeek": "Среда",
    "StartTime": "2024-03-04T10:10:00",
    "EndTime": "2024-03-04T11:40:00",
    "WeekType": "Нижняя неделя",
    "Classroom": "У каф.ФВ",
    "Group": "1314",
    "Subject": "Физическая культура и спорт (элективная)",
    "InstructorName": "",
    "InstructorLink": ""
  },
  {
    "DayOfWeek": "Среда",
    "StartTime": "2024-03-04T11:50:00",
    "EndTime": "2024-03-04T13:20:00",
    "WeekType": "Верхняя неделя",
    "Classroom": "У каф.ФВ",
    "Group": "1314",
    "Subject": "Физическая культура и спорт (элективная)",
    "InstructorName": "",
    "InstructorLink": ""
  },
  {
    "DayOfWeek": "Среда",
    "StartTime": "2024-03-04T11:50:00",
    "EndTime": "2024-03-04T13:20:00",
    "WeekType": "Нижняя неделя",
    "Classroom": "У 534",
    "Group": "1314",
    "Subject": "Безопасность жизнедеятельности",
    "InstructorName": "Романов Александр Иванович",
    "InstructorLink": "https://www.smtu.ru/ru/viewperson/122500/"
  },
  {
    "DayOfWeek": "Среда",
    "StartTime": "2024-03-04T14:00:00",
    "EndTime": "2024-03-04T15:30:00",
    "WeekType": "Верхняя неделя",
    "Classroom": "У 504",
    "Group": "1314",
    "Subject": "Экономика",
    "InstructorName": "Васильева Светлана Альбертовна",
    "InstructorLink": "https://www.smtu.ru/ru/viewperson/122788/"
  },
  {
    "DayOfWeek": "Среда",
    "StartTime": "2024-03-04T14:00:00",
    "EndTime": "2024-03-04T15:30:00",
    "WeekType": "Нижняя неделя",
    "Classroom": "У 534",
    "Group": "1314",
    "Subject": "Безопасность жизнедеятельности",
    "InstructorName": "Романов Александр Иванович",
    "InstructorLink": "https://www.smtu.ru/ru/viewperson/122500/"
  },
  {
    "DayOfWeek": "Среда",
    "StartTime": "2024-03-04T15:40:00",
    "EndTime": "2024-03-04T17:10:00",
    "WeekType": "Верхняя неделя",
    "Classroom": "У 504",
    "Group": "1314",
    "Subject": "Экономика",
    "InstructorName": "Васильева Светлана Альбертовна",
    "InstructorLink": "https://www.smtu.ru/ru/viewperson/122788/"
  },
  {
    "DayOfWeek": "Среда",
    "StartTime": "2024-03-04T15:40:00",
    "EndTime": "2024-03-04T17:10:00",
    "WeekType": "Нижняя неделя",
    "Classroom": "У 103",
    "Group": "1314",
    "Subject": "Безопасность жизнедеятельности",
    "InstructorName": "Романов Александр Иванович",
    "InstructorLink": "https://www.smtu.ru/ru/viewperson/122500/"
  },
  {
    "DayOfWeek": "Четверг",
    "StartTime": "2024-03-04T08:30:00",
    "EndTime": "2024-03-04T10:00:00",
    "WeekType": "Обе недели",
    "Classroom": "Б 101",
    "Group": "1314",
    "Subject": "Прочность корабля",
    "InstructorName": "Миронов Михаил Юрьевич",
    "InstructorLink": "https://www.smtu.ru/ru/viewperson/100756/"
  },
  {
    "DayOfWeek": "Четверг",
    "StartTime": "2024-03-04T10:10:00",
    "EndTime": "2024-03-04T11:40:00",
    "WeekType": "Обе недели",
    "Classroom": "Б 101",
    "Group": "1314",
    "Subject": "Экономика",
    "InstructorName": "Малышева Татьяна Евгеньевна",
    "InstructorLink": "https://www.smtu.ru/ru/viewperson/127515/"
  },
  {
    "DayOfWeek": "Четверг",
    "StartTime": "2024-03-04T11:50:00",
    "EndTime": "2024-03-04T13:20:00",
    "WeekType": "Обе недели",
    "Classroom": "Б 101",
    "Group": "1314",
    "Subject": "Управление качеством, стандартизация, сертификация",
    "InstructorName": "Мальцева Юлия Евгеньевна",
    "InstructorLink": ""
  },
  {
    "DayOfWeek": "Четверг",
    "StartTime": "2024-03-04T14:00:00",
    "EndTime": "2024-03-04T15:30:00",
    "WeekType": "Верхняя неделя",
    "Classroom": "Б 316",
    "Group": "1314",
    "Subject": "Управление качеством, стандартизация, сертификация",
    "InstructorName": "Мальцева Юлия Евгеньевна",
    "InstructorLink": ""
  },
  {
    "DayOfWeek": "Четверг",
    "StartTime": "2024-03-04T14:00:00",
    "EndTime": "2024-03-04T15:30:00",
    "WeekType": "Нижняя неделя",
    "Classroom": "Б 101",
    "Group": "1314",
    "Subject": "Проектирование и постройка морской техники",
    "InstructorName": "Рюмин Сергей Николаевич",
    "InstructorLink": "https://www.smtu.ru/ru/viewperson/101017/"
  },
  {
    "DayOfWeek": "Пятница",
    "StartTime": "2024-03-04T08:30:00",
    "EndTime": "2024-03-04T10:00:00",
    "WeekType": "Обе недели",
    "Classroom": "А ВУЦ",
    "Group": "1314",
    "Subject": "Особенности конструкции корпуса и теории подводной лодки (С)",
    "InstructorName": "",
    "InstructorLink": ""
  },
  {
    "DayOfWeek": "Пятница",
    "StartTime": "2024-03-04T10:10:00",
    "EndTime": "2024-03-04T11:40:00",
    "WeekType": "Обе недели",
    "Classroom": "А ВУЦ",
    "Group": "1314",
    "Subject": "Особенности конструкции корпуса и теории подводной лодки (С)",
    "InstructorName": "",
    "InstructorLink": ""
  },
  {
    "DayOfWeek": "Пятница",
    "StartTime": "2024-03-04T11:50:00",
    "EndTime": "2024-03-04T13:20:00",
    "WeekType": "Обе недели",
    "Classroom": "А ВУЦ",
    "Group": "1314",
    "Subject": "Военная подготовка (кадровые офицеры)",
    "InstructorName": "",
    "InstructorLink": ""
  },
  {
    "DayOfWeek": "Пятница",
    "StartTime": "2024-03-04T14:00:00",
    "EndTime": "2024-03-04T15:30:00",
    "WeekType": "Обе недели",
    "Classroom": "А ВУЦ",
    "Group": "1314",
    "Subject": "Военная подготовка (кадровые офицеры)",
    "InstructorName": "",
    "InstructorLink": ""
  },
  {
    "DayOfWeek": "Суббота",
    "StartTime": "2024-03-04T08:30:00",
    "EndTime": "2024-03-04T10:00:00",
    "WeekType": "Обе недели",
    "Classroom": "Б 101",
    "Group": "1314",
    "Subject": "Конструкция корпуса судов",
    "InstructorName": "Мороз Вера Сергеевна",
    "InstructorLink": "https://www.smtu.ru/ru/viewperson/127943/"
  },
  {
    "DayOfWeek": "Суббота",
    "StartTime": "2024-03-04T10:10:00",
    "EndTime": "2024-03-04T11:40:00",
    "WeekType": "Обе недели",
    "Classroom": "Б 610",
    "Group": "1314",
    "Subject": "Проектирование и постройка морской техники",
    "InstructorName": "Дедкова Ольга Валентиновна",
    "InstructorLink": "https://www.smtu.ru/ru/viewperson/100327/"
  }
]