[
  {
    "DayOfWeek": "Понедельник",
    "StartTime": "2024-03-04T08:30:00",
    "EndTime": "2024-03-04T10:00:00",
    "WeekType": "Верхняя неделя",
    "Classroom": "У каф.ФВ",
    "Group": "1316",
    "Subject": "Физическая культура и спорт (элективная)",
    "InstructorName": "",
    "InstructorLink": ""
  },
  {
    "DayOfWeek": "Понедельник",
    "StartTime": "2024-03-04T11:50:00",
    "EndTime": "2024-03-04T13:20:00",
    "WeekType": "Обе недели",
    "Classroom": "Б 330",
    "Group": "1316",
    "Subject": "Теория подводных лодок",
    "InstructorName": "Шульц Вячеслав Юрьевич",
    "InstructorLink": "https://www.smtu.ru/ru/viewperson/102897/"
  },
  {
    "DayOfWeek": "Понедельник",
    "StartTime": "2024-03-04T14:00:00",
    "EndTime": "2024-03-04T15:30:00",
    "WeekType": "Обе недели",
    "Classroom": "А 318",
    "Group": "1316",
    "Subject": "Электрооборудование подводных лодок и подводных аппаратов",
    "InstructorName": "Михлин Валерий Григорьевич",
    "InstructorLink": ""
  },
  {
    "DayOfWeek": "Понедельник",
    "StartTime": "2024-03-04T15:40:00",
    "EndTime": "2024-03-04T17:10:00",
    "WeekType": "Обе недели",
    "Classroom": "А 318",
    "Group": "1316",
    "Subject": "Электрооборудование подводных лодок и подводных аппаратов",
    "InstructorName": "Михлин Валерий Григорьевич",
    "InstructorLink": ""
  },
  {
    "DayOfWeek": "Вторник",
    "StartTime": "2024-03-04T10:10:00",
    "EndTime": "2024-03-04T11:40:00",
    "WeekType": "Обе недели",
    "Classroom": "Б 316",
    "Group": "1316",
    "Subject": "Конструкция корпуса судов",
    "InstructorName": "Дехтярь Ирина Владимировна",
    "InstructorLink": "https://www.smtu.ru/ru/viewperson/100333/"
  },
  {
    "DayOfWeek": "Вторник",
    "StartTime": "2024-03-04T11:50:00",
    "EndTime": "2024-03-04T13:20:00",
    "WeekType": "Обе недели",
    "Classroom": "Б 316",
    "Group": "1316",
    "Subject": "Конструкция корпуса судов",
    "InstructorName": "Дехтярь Ирина Владимировна",
    "InstructorLink": "https://www.smtu.ru/ru/viewperson/100333/"
  },
  {
    "DayOfWeek": "Вторник",
    "StartTime": "2024-03-04T14:00:00",
    "EndTime": "2024-03-04T15:30:00",
    "WeekType": "Обе недели",
    "Classroom": "Б 218",
    "Group": "1316",
    "Subject": "Прочность корабля",
    "InstructorName": "Коршунов Владимир Александрович",
    "InstructorLink": "https://www.smtu.ru/ru/viewperson/100566/"
  },
  {
    "DayOfWeek": "Вторник",
    "StartTime": "2024-03-04T15:40:00",
    "EndTime": "2024-03-04T17:10:00",
    "WeekType": "Нижняя неделя",
    "Classroom": "Б 330",
    "Group": "1316",
    "Subject": "Теория подводных лодок",
    "InstructorName": "Шульц Вячеслав Юрьевич",
    "InstructorLink": "https://www.smtu.ru/ru/viewperson/102897/"
  },
  {
    "DayOfWeek": "Среда",
    "StartTime": "2024-03-04T11:50:00",
    "EndTime": "2024-03-04T13:20:00",
    "WeekType": "Обе недели",
    "Classroom": "У каф.ФВ",
    "Group": "1316",
    "Subject": "Физическая культура и спорт (элективная)",
    "InstructorName": "",
    "InstructorLink": ""
  },
  {
    "DayOfWeek": "Среда",
    "StartTime": "2024-03-04T14:00:00",
    "EndTime": "2024-03-04T15:30:00",
    "WeekType": "Верхняя неделя",
    "Classroom": "У 504",
    "Group": "1316",
    "Subject": "Экономика",
    "InstructorName": "Васильева Светлана Альбертовна",
    "InstructorLink": "https://www.smtu.ru/ru/viewperson/122788/"
  },
  {
    "DayOfWeek": "Среда",
    "StartTime": "2024-03-04T14:00:00",
    "EndTime": "2024-03-04T15:30:00",
    "WeekType": "Нижняя неделя",
    "Classroom": "У 534",
    "Group": "1316",
    "Subject": "Безопасность жизнедеятельности",
    "InstructorName": "Романов Александр Иванович",
    "InstructorLink": "https://www.smtu.ru/ru/viewperson/122500/"
  },
  {
    "DayOfWeek": "Среда",
    "StartTime": "2024-03-04T15:40:00",
    "EndTime": "2024-03-04T17:10:00",
    "WeekType": "Верхняя неделя",
    "Classroom": "У 504",
    "Group": "1316",
    "Subject": "Экономика",
    "InstructorName": "Васильева Светлана Альбертовна",
    "InstructorLink": "https://www.smtu.ru/ru/viewperson/122788/"
  },
  {
    "DayOfWeek": "Среда",
    "StartTime": "2024-03-04T15:40:00",
    "EndTime": "2024-03-04T17:10:00",
    "WeekType": "Нижняя неделя",
    "Classroom": "У 103",
    "Group": "1316",
    "Subject": "Безопасность жизнедеятельности",
    "InstructorName": "Романов Александр Иванович",
    "InstructorLink": "https://www.smtu.ru/ru/viewperson/122500/"
  },
  {
    "DayOfWeek": "Среда",
    "StartTime": "2024-03-04T17:20:00",
    "EndTime": "2024-03-04T18:50:00",
    "WeekType": "Верхняя неделя",
    "Classroom": "У 534",
    "Group": "1316",
    "Subject": "Безопасность жизнедеятельности",
    "InstructorName": "Романов Александр Иванович",
    "InstructorLink": "https://www.smtu.ru/ru/viewperson/122500/"
  },
  {
    "DayOfWeek": "Четверг",
    "StartTime": "2024-03-04T08:30:00",
    "EndTime": "2024-03-04T10:00:00",
    "WeekType": "Обе недели",
    "Classroom": "Б 101",
    "Group": "1316",
    "Subject": "Прочность корабля",
    "InstructorName": "Миронов Михаил Юрьевич",
    "InstructorLink": "https://www.smtu.ru/ru/viewperson/100756/"
  },
  {
    "DayOfWeek": "Четверг",
    "StartTime": "2024-03-04T10:10:00",
    "EndTime": "2024-03-04T11:40:00",
    "WeekType": "Обе недели",
    "Classroom": "Б 101",
    "Group": "1316",
    "Subject": "Экономика",
    "InstructorName": "Малышева Татьяна Евгеньевна",
    "InstructorLink": "https://www.smtu.ru/ru/viewperson/127515/"
  },
  {
    "DayOfWeek": "Четверг",
    "StartTime": "2024-03-04T11:50:00",
    "EndTime": "2024-03-04T13:20:00",
    "WeekType": "Обе недели",
    "Classroom": "Б 101",
    "Group": "1316",
    "Subject": "Управление качеством, стандартизация, сертификация",
    "InstructorName": "Мальцева Юлия Евгеньевна",
    "InstructorLink": ""
  },
  {
    "DayOfWeek": "Четверг",
    "StartTime": "2024-03-04T14:00:00",
    "EndTime": "2024-03-04T15:30:00",
    "WeekType": "Верхняя неделя",
    "Classroom": "Б 316",
    "Group": "1316",
    "Subject": "Управление качеством, стандартизация, сертификация",
    "InstructorName": "Мальцева Юлия Евгеньевна",
    "InstructorLink": ""
  },
  {
    "DayOfWeek": "Четверг",
    "StartTime": "2024-03-04T15:40:00",
    "EndTime": "2024-03-04T17:10:00",
    "WeekType": "Нижняя неделя",
    "Classroom": "У каф.ФВ",
    "Group": "1316",
    "Subject": "Физическая культура и спорт (элективная)",
    "InstructorName": "",
    "InstructorLink": ""
  },
  {
    "DayOfWeek": "Пятница",
    "StartTime": "2024-03-04T08:30:00",
    "EndTime": "2024-03-04T10:00:00",
    "WeekType": "Обе недели",
    "Classroom": "А ВУЦ",
    "Group": "1316",
    "Subject": "Военная подготовка (офицеры запаса)",
    "InstructorName": "",
    "InstructorLink": ""
  },
  {
    "DayOfWeek": "Пятница",
    "StartTime": "2024-03-04T11:50:00",
    "EndTime": "2024-03-04T13:20:00",
    "WeekType": "Обе недели",
    "Classroom": "А ВУЦ",
    "Group": "1316",
    "Subject": "Военная подготовка (офицеры запаса)",
    "InstructorName": "",
    "InstructorLink": ""
  },
  {
    "DayOfWeek": "Пятница",
    "StartTime": "2024-03-04T14:00:00",
    "EndTime": "2024-03-04T15:30:00",
    "WeekType": "Обе недели",
    "Classroom": "А ВУЦ",
    "Group": "1316",
    "Subject": "Военная подготовка (офицеры запаса)",
    "InstructorName": "",
    "InstructorLink": ""
  },
  {
    "DayOfWeek": "Суббота",
    "StartTime": "2024-03-04T08:30:00",
    "EndTime": "2024-03-04T10:00:00",
    "WeekType": "Обе недели",
    "Classroom": "Б 609",
    "Group": "1316",
    "Subject": "Вооружение подводных лодок",
    "InstructorName": "Калиничев Алексей Евгеньевич",
    "InstructorLink": ""
  },
  {
    "DayOfWeek": "Суббота",
    "StartTime": "2024-03-04T10:10:00",
    "EndTime": "2024-03-04T11:40:00",
    "WeekType": "Обе недели",
    "Classroom": "Б 609",
    "Group": "1316",
    "Subject": "Вооружение подводных лодок",
    "InstructorName": "Калиничев Алексей Евгеньевич",
    "InstructorLink": ""
  }
]