[
  {
    "DayOfWeek": "Понедельник",
    "StartTime": "2024-03-04T08:30:00",
    "EndTime": "2024-03-04T10:00:00",
    "WeekType": "Нижняя неделя",
    "Classroom": "У 514",
    "Group": "1318",
    "Subject": "Деловые коммуникации",
    "InstructorName": "Бабаева Наталья Михайловна",
    "InstructorLink": "https://www.smtu.ru/ru/viewperson/100060/"
  },
  {
    "DayOfWeek": "Понедельник",
    "StartTime": "2024-03-04T10:10:00",
    "EndTime": "2024-03-04T11:40:00",
    "WeekType": "Нижняя неделя",
    "Classroom": "У 511",
    "Group": "1318",
    "Subject": "Деловые коммуникации",
    "InstructorName": "Бабаева Наталья Михайловна",
    "InstructorLink": "https://www.smtu.ru/ru/viewperson/100060/"
  },
  {
    "DayOfWeek": "Понедельник",
    "StartTime": "2024-03-04T11:50:00",
    "EndTime": "2024-03-04T13:20:00",
    "WeekType": "Обе недели",
    "Classroom": "У 103",
    "Group": "1318",
    "Subject": "Экономика",
    "InstructorName": "Полухина Софья Алексеевна",
    "InstructorLink": "https://www.smtu.ru/ru/viewperson/100922/"
  },
  {
    "DayOfWeek": "Понедельник",
    "StartTime": "2024-03-04T14:00:00",
    "EndTime": "2024-03-04T15:30:00",
    "WeekType": "Обе недели",
    "Classroom": "У 514",
    "Group": "1318",
    "Subject": "Экономика",
    "InstructorName": "Полухина Софья Алексеевна",
    "InstructorLink": "https://www.smtu.ru/ru/viewperson/100922/"
  },
  {
    "DayOfWeek": "Понедельник",
    "StartTime": "2024-03-04T15:40:00",
    "EndTime": "2024-03-04T17:10:00",
    "WeekType": "Обе недели",
    "Classroom": "У каф.ФВ",
    "Group": "1318",
    "Subject": "Физическая культура и спорт (элективная)",
    "InstructorName": "",
    "InstructorLink": ""
  },
  {
    "DayOfWeek": "Вторник",
    "StartTime": "2024-03-04T11:50:00",
    "EndTime": "2024-03-04T13:20:00",
    "WeekType": "Верхняя неделя",
    "Classroom": "Б 415",
    "Group": "1318",
    "Subject": "Судовые устройства",
    "InstructorName": "Долгов Дмитрий Сергеевич",
    "InstructorLink": "https://www.smtu.ru/ru/viewperson/102536/"
  },
  {
    "DayOfWeek": "Вторник",
    "StartTime": "2024-03-04T14:00:00",
    "EndTime": "2024-03-04T15:30:00",
    "WeekType": "Верхняя неделя",
    "Classroom": "Б 608",
    "Group": "1318",
    "Subject": "Проектирование судов",
    "InstructorName": "Овчинников Кирилл Дмитриевич",
    "InstructorLink": "https://www.smtu.ru/ru/viewperson/100836/"
  },
  {
    "DayOfWeek": "Вторник",
    "StartTime": "2024-03-04T14:00:00",
    "EndTime": "2024-03-04T15:30:00",
    "WeekType": "Нижняя неделя",
    "Classroom": "Б 414",
    "Group": "1318",
    "Subject": "Технология судостроения",
    "InstructorName": "Антонов Владимир Михайлович",
    "InstructorLink": "https://www.smtu.ru/ru/viewperson/100043/"
  },
  {
    "DayOfWeek": "Вторник",
    "StartTime": "2024-03-04T15:40:00",
    "EndTime": "2024-03-04T17:10:00",
    "WeekType": "Обе недели",
    "Classroom": "Б 414",
    "Group": "1318",
    "Subject": "Технология судостроения",
    "InstructorName": "Антонов Владимир Михайлович",
    "InstructorLink": "https://www.smtu.ru/ru/viewperson/100043/"
  },
  {
    "DayOfWeek": "Среда",
    "StartTime": "2024-03-04T10:10:00",
    "EndTime": "2024-03-04T11:40:00",
    "WeekType": "Обе недели",
    "Classroom": "Б 101",
    "Group": "1318",
    "Subject": "Проектирование судов",
    "InstructorName": "Демешко Геннадий Федорович",
    "InstructorLink": "https://www.smtu.ru/ru/viewperson/100328/"
  },
  {
    "DayOfWeek": "Среда",
    "StartTime": "2024-03-04T11:50:00",
    "EndTime": "2024-03-04T13:20:00",
    "WeekType": "Обе недели",
    "Classroom": "Б 101",
    "Group": "1318",
    "Subject": "Прочность корабля",
    "InstructorName": "Манухин Вадим Анатольевич",
    "InstructorLink": "https://www.smtu.ru/ru/viewperson/100726/"
  },
  {
    "DayOfWeek": "Среда",
    "StartTime": "2024-03-04T14:00:00",
    "EndTime": "2024-03-04T15:30:00",
    "WeekType": "Обе недели",
    "Classroom": "Б 316",
    "Group": "1318",
    "Subject": "Судовые устройства",
    "InstructorName": "Долгов Дмитрий Сергеевич",
    "InstructorLink": "https://www.smtu.ru/ru/viewperson/102536/"
  },
  {
    "DayOfWeek": "Среда",
    "StartTime": "2024-03-04T15:40:00",
    "EndTime": "2024-03-04T17:10:00",
    "WeekType": "Обе недели",
    "Classroom": "Б 218",
    "Group": "1318",
    "Subject": "Прочность корабля",
    "InstructorName": "Манухин Вадим Анатольевич",
    "InstructorLink": "https://www.smtu.ru/ru/viewperson/100726/"
  },
  {
    "DayOfWeek": "Четверг",
    "StartTime": "2024-03-04T10:10:00",
    "EndTime": "2024-03-04T11:40:00",
    "WeekType": "Верхняя неделя",
    "Classroom": "Б 505(1)",
    "Group": "1318",
    "Subject": "Механика композитов",
    "InstructorName": "Миронов Михаил Юрьевич",
    "InstructorLink": "https://www.smtu.ru/ru/viewperson/100756/"
  },
  {
    "DayOfWeek": "Четверг",
    "StartTime": "2024-03-04T10:10:00",
    "EndTime": "2024-03-04T11:40:00",
    "WeekType": "Нижняя неделя",
    "Classroom": "Б 215",
    "Group": "1318",
    "Subject": "Механика композитов",
    "InstructorName": "Миронов Михаил Юрьевич",
    "InstructorLink": "https://www.smtu.ru/ru/viewperson/100756/"
  },
  {
    "DayOfWeek": "Четверг",
    "StartTime": "2024-03-04T11:50:00",
    "EndTime": "2024-03-04T13:20:00",
    "WeekType": "Обе недели",
    "Classroom": "Б 508",
    "Group": "1318",
    "Subject": "Конструкция корпуса судов",
    "InstructorName": "Дехтярь Ирина Владимировна",
    "InstructorLink": "https://www.smtu.ru/ru/viewperson/100333/"
  },
  {
    "DayOfWeek": "Четверг",
    "StartTime": "2024-03-04T14:00:00",
    "EndTime": "2024-03-04T15:30:00",
    "WeekType": "Обе недели",
    "Classroom": "Б 207",
    "Group": "1318",
    "Subject": "Конструкция корпуса судов",
    "InstructorName": "Дехтярь Ирина Владимировна",
    "InstructorLink": "https://www.smtu.ru/ru/viewperson/100333/"
  },
  {
    "DayOfWeek": "Пятница",
    "StartTime": "2024-03-04T08:30:00",
    "EndTime": "2024-03-04T10:00:00",
    "WeekType": "Обе недели",
    "Classroom": "А ВУЦ",
    "Group": "1318",
    "Subject": "Военная подготовка (офицеры запаса)",
    "InstructorName": "",
    "InstructorLink": ""
  },
  {
    "DayOfWeek": "Пятница",
    "StartTime": "2024-03-04T10:10:00",
    "EndTime": "2024-03-04T11:40:00",
    "WeekType": "Обе недели",
    "Classroom": "А ВУЦ",
    "Group": "1318",
    "Subject": "Военная подготовка (офицеры запаса)",
    "InstructorName": "",
    "InstructorLink": ""
  },
  {
    "DayOfWeek": "Пятница",
    "StartTime": "2024-03-04T11:50:00",
    "EndTime": "2024-03-04T13:20:00",
    "WeekType": "Обе недели",
    "Classroom": "А ВУЦ",
    "Group": "1318",
    "Subject": "Военная подготовка (офицеры запаса)",
    "InstructorName": "",
    "InstructorLink": ""
  },
  {
    "DayOfWeek": "Суббота",
    "StartTime": "2024-03-04T08:30:00",
    "EndTime": "2024-03-04T10:00:00",
    "WeekType": "Обе недели",
    "Classroom": "У каф.ФВ",
    "Group": "1318",
    "Subject": "Физическая культура и спорт (элективная)",
    "InstructorName": "",
    "InstructorLink": ""
  },
  {
    "DayOfWeek": "Суббота",
    "StartTime": "2024-03-04T11:50:00",
    "EndTime": "2024-03-04T13:20:00",
    "WeekType": "Обе недели",
    "Classroom": "Б 101",
    "Group": "1318",
    "Subject": "Теория корабля",
    "InstructorName": "Макарова Валентина Вячеславовна",
    "InstructorLink": "https://www.smtu.ru/ru/viewperson/103860/"
  },
  {
    "DayOfWeek": "Суббота",
    "StartTime": "2024-03-04T14:00:00",
    "EndTime": "2024-03-04T15:30:00",
    "WeekType": "Верхняя неделя",
    "Classroom": "Б 419",
    "Group": "1318",
    "Subject": "Теория корабля",
    "InstructorName": "Макарова Валентина Вячеславовна",
    "InstructorLink": "https://www.smtu.ru/ru/viewperson/103860/"
  },
  {
    "DayOfWeek": "Суббота",
    "StartTime": "2024-03-04T14:00:00",
    "EndTime": "2024-03-04T15:30:00",
    "WeekType": "Нижняя неделя",
    "Classroom": "Б 330",
    "Group": "1318",
    "Subject": "Теория корабля",
    "InstructorName": "Макарова Валентина Вячеславовна",
    "InstructorLink": "https://www.smtu.ru/ru/viewperson/103860/"
  }
]