[
  {
    "DayOfWeek": "Понедельник",
    "StartTime": "2024-03-04T10:10:00",
    "EndTime": "2024-03-04T11:40:00",
    "WeekType": "Обе недели",
    "Classroom": "У 504",
    "Group": "1320",
    "Subject": "Экономика",
    "InstructorName": "Кожина Елена Владимировна",
    "InstructorLink": "https://www.smtu.ru/ru/viewperson/123129/"
  },
  {
    "DayOfWeek": "Понедельник",
    "StartTime": "2024-03-04T11:50:00",
    "EndTime": "2024-03-04T13:20:00",
    "WeekType": "Обе недели",
    "Classroom": "У 504",
    "Group": "1320",
    "Subject": "Экономика",
    "InstructorName": "Кожина Елена Владимировна",
    "InstructorLink": "https://www.smtu.ru/ru/viewperson/123129/"
  },
  {
    "DayOfWeek": "Понедельник",
    "StartTime": "2024-03-04T14:00:00",
    "EndTime": "2024-03-04T15:30:00",
    "WeekType": "Обе недели",
    "Classroom": "У каф.ФВ",
    "Group": "1320",
    "Subject": "Физическая культура и спорт (элективная)",
    "InstructorName": "",
    "InstructorLink": ""
  },
  {
    "DayOfWeek": "Вторник",
    "StartTime": "2024-03-04T08:30:00",
    "EndTime": "2024-03-04T10:00:00",
    "WeekType": "Нижняя неделя",
    "Classroom": "У 161",
    "Group": "1320",
    "Subject": "Деловые коммуникации",
    "InstructorName": "Бабаева Наталья Михайловна",
    "InstructorLink": "https://www.smtu.ru/ru/viewperson/100060/"
  },
  {
    "DayOfWeek": "Вторник",
    "StartTime": "2024-03-04T10:10:00",
    "EndTime": "2024-03-04T11:40:00",
    "WeekType": "Верхняя неделя",
    "Classroom": "Б 419",
    "Group": "1320",
    "Subject": "Математическое моделирование мореходности и позиционирования объектов морской нефтегазовой индустрии",
    "InstructorName": "Шульц Вячеслав Юрьевич",
    "InstructorLink": "https://www.smtu.ru/ru/viewperson/102897/"
  },
  {
    "DayOfWeek": "Вторник",
    "StartTime": "2024-03-04T10:10:00",
    "EndTime": "2024-03-04T11:40:00",
    "WeekType": "Нижняя неделя",
    "Classroom": "У 154",
    "Group": "1320",
    "Subject": "Деловые коммуникации",
    "InstructorName": "Бабаева Наталья Михайловна",
    "InstructorLink": "https://www.smtu.ru/ru/viewperson/100060/"
  },
  {
    "DayOfWeek": "Вторник",
    "StartTime": "2024-03-04T11:50:00",
    "EndTime": "2024-03-04T13:20:00",
    "WeekType": "Верхняя неделя",
    "Classroom": "Б 419",
    "Group": "1320",
    "Subject": "Математическое моделирование мореходности и позиционирования объектов морской нефтегазовой индустрии",
    "InstructorName": "Устинова Забава Сергеевна",
    "InstructorLink": ""
  },
  {
    "DayOfWeek": "Вторник",
    "StartTime": "2024-03-04T11:50:00",
    "EndTime": "2024-03-04T13:20:00",
    "WeekType": "Нижняя неделя",
    "Classroom": "У каф.ФВ",
    "Group": "1320",
    "Subject": "Физическая культура и спорт (элективная)",
    "InstructorName": "",
    "InstructorLink": ""
  },
  {
    "DayOfWeek": "Вторник",
    "StartTime": "2024-03-04T14:00:00",
    "EndTime": "2024-03-04T15:30:00",
    "WeekType": "Верхняя неделя",
    "Classroom": "Б 206",
    "Group": "1320",
    "Subject": "Основы морского бурения",
    "InstructorName": "Чеснокова Ирина Геннадьевна",
    "InstructorLink": "https://www.smtu.ru/ru/viewperson/101318/"
  },
  {
    "DayOfWeek": "Вторник",
    "StartTime": "2024-03-04T15:40:00",
    "EndTime": "2024-03-04T17:10:00",
    "WeekType": "Верхняя неделя",
    "Classroom": "Б 206",
    "Group": "1320",
    "Subject": "Основы морского бурения",
    "InstructorName": "Чеснокова Ирина Геннадьевна",
    "InstructorLink": "https://www.smtu.ru/ru/viewperson/101318/"
  },
  {
    "DayOfWeek": "Среда",
    "StartTime": "2024-03-04T08:30:00",
    "EndTime": "2024-03-04T10:00:00",
    "WeekType": "Нижняя неделя",
    "Classroom": "У каф.ФВ",
    "Group": "1320",
    "Subject": "Физическая культура и спорт (элективная)",
    "InstructorName": "",
    "InstructorLink": ""
  },
  {
    "DayOfWeek": "Среда",
    "StartTime": "2024-03-04T10:10:00",
    "EndTime": "2024-03-04T11:40:00",
    "WeekType": "Верхняя неделя",
    "Classroom": "Б 206",
    "Group": "1320",
    "Subject": "Концептуальное проектирование морских нефтегазовых сооружений",
    "InstructorName": "Карлинский Сергей Львович",
    "InstructorLink": "https://www.smtu.ru/ru/viewperson/100500/"
  },
  {
    "DayOfWeek": "Среда",
    "StartTime": "2024-03-04T11:50:00",
    "EndTime": "2024-03-04T13:20:00",
    "WeekType": "Обе недели",
    "Classroom": "Б 206",
    "Group": "1320",
    "Subject": "Концептуальное проектирование морских нефтегазовых сооружений",
    "InstructorName": "Карлинский Сергей Львович",
    "InstructorLink": "https://www.smtu.ru/ru/viewperson/100500/"
  },
  {
    "DayOfWeek": "Среда",
    "StartTime": "2024-03-04T14:00:00",
    "EndTime": "2024-03-04T15:30:00",
    "WeekType": "Верхняя неделя",
    "Classroom": "Б 501(1)",
    "Group": "1320",
    "Subject": "Нормативное обеспечение создания морских нефтегазовых сооружений",
    "InstructorName": "Любимов Ярослав Евгеньевич",
    "InstructorLink": ""
  },
  {
    "DayOfWeek": "Среда",
    "StartTime": "2024-03-04T14:00:00",
    "EndTime": "2024-03-04T15:30:00",
    "WeekType": "Нижняя неделя",
    "Classroom": "Б 501(1)",
    "Group": "1320",
    "Subject": "Нормативное обеспечение создания морских нефтегазовых сооружений",
    "InstructorName": "Любимов Ярослав Евгеньевич",
    "InstructorLink": ""
  },
  {
    "DayOfWeek": "Среда",
    "StartTime": "2024-03-04T15:40:00",
    "EndTime": "2024-03-04T17:10:00",
    "WeekType": "Верхняя неделя",
    "Classroom": "Б 501(1)",
    "Group": "1320",
    "Subject": "Экологический мониторинг морских месторождений",
    "InstructorName": "Любимов Ярослав Евгеньевич",
    "InstructorLink": ""
  },
  {
    "DayOfWeek": "Среда",
    "StartTime": "2024-03-04T15:40:00",
    "EndTime": "2024-03-04T17:10:00",
    "WeekType": "Нижняя неделя",
    "Classroom": "Б 501(1)",
    "Group": "1320",
    "Subject": "Экологический мониторинг морских месторождений",
    "InstructorName": "Любимов Ярослав Евгеньевич",
    "InstructorLink": ""
  },
  {
    "DayOfWeek": "Четверг",
    "StartTime": "2024-03-04T10:10:00",
    "EndTime": "2024-03-04T11:40:00",
    "WeekType": "Верхняя неделя",
    "Classroom": "Б 206",
    "Group": "1320",
    "Subject": "Процессы и агрегаты нефтегазовых технологий",
    "InstructorName": "Чеснокова Ирина Геннадьевна",
    "InstructorLink": "https://www.smtu.ru/ru/viewperson/101318/"
  },
  {
    "DayOfWeek": "Четверг",
    "StartTime": "2024-03-04T10:10:00",
    "EndTime": "2024-03-04T11:40:00",
    "WeekType": "Нижняя неделя",
    "Classroom": "Б 206",
    "Group": "1320",
    "Subject": "Процессы и агрегаты нефтегазовых технологий",
    "InstructorName": "Чеснокова Ирина Геннадьевна",
    "InstructorLink": "https://www.smtu.ru/ru/viewperson/101318/"
  },
  {
    "DayOfWeek": "Четверг",
    "StartTime": "2024-03-04T11:50:00",
    "EndTime": "2024-03-04T13:20:00",
    "WeekType": "Верхняя неделя",
    "Classroom": "Б 206",
    "Group": "1320",
    "Subject": "Подводная техника освоения моря",
    "InstructorName": "Чеснокова Ирина Геннадьевна",
    "InstructorLink": "https://www.smtu.ru/ru/viewperson/101318/"
  },
  {
    "DayOfWeek": "Четверг",
    "StartTime": "2024-03-04T11:50:00",
    "EndTime": "2024-03-04T13:20:00",
    "WeekType": "Нижняя неделя",
    "Classroom": "Б 206",
    "Group": "1320",
    "Subject": "Подводная техника освоения моря",
    "InstructorName": "Чеснокова Ирина Геннадьевна",
    "InstructorLink": "https://www.smtu.ru/ru/viewperson/101318/"
  },
  {
    "DayOfWeek": "Четверг",
    "StartTime": "2024-03-04T14:00:00",
    "EndTime": "2024-03-04T15:30:00",
    "WeekType": "Верхняя неделя",
    "Classroom": "Б 414",
    "Group": "1320",
    "Subject": "Технология постройки и ремонта морских нефтегазовых сооружений",
    "InstructorName": "Чулкин Сергей Георгиевич",
    "InstructorLink": "https://www.smtu.ru/ru/viewperson/101331/"
  },
  {
    "DayOfWeek": "Четверг",
    "StartTime": "2024-03-04T14:00:00",
    "EndTime": "2024-03-04T15:30:00",
    "WeekType": "Нижняя неделя",
    "Classroom": "Б 414",
    "Group": "1320",
    "Subject": "Технология постройки и ремонта морских нефтегазовых сооружений",
    "InstructorName": "Чулкин Сергей Георгиевич",
    "InstructorLink": "https://www.smtu.ru/ru/viewperson/101331/"
  },
  {
    "DayOfWeek": "Четверг",
    "StartTime": "2024-03-04T15:40:00",
    "EndTime": "2024-03-04T17:10:00",
    "WeekType": "Нижняя неделя",
    "Classroom": "Б 414",
    "Group": "1320",
    "Subject": "Технология постройки и ремонта морских нефтегазовых сооружений",
    "InstructorName": "Чулкин Сергей Георгиевич",
    "InstructorLink": "https://www.smtu.ru/ru/viewperson/101331/"
  },
  {
    "DayOfWeek": "Пятница",
    "StartTime": "2024-03-04T08:30:00",
    "EndTime": "2024-03-04T10:00:00",
    "WeekType": "Обе недели",
    "Classroom": "А ВУЦ",
    "Group": "1320",
    "Subject": "Военная подготовка (офицеры запаса)",
    "InstructorName": "",
    "InstructorLink": ""
  },
  {
    "DayOfWeek": "Пятница",
    "StartTime": "2024-03-04T10:10:00",
    "EndTime": "2024-03-04T11:40:00",
    "WeekType": "Обе недели",
    "Classroom": "А ВУЦ",
    "Group": "1320",
    "Subject": "Военная подготовка (офицеры запаса)",
    "InstructorName": "",
    "InstructorLink": ""
  },
  {
    "DayOfWeek": "Пятница",
    "StartTime": "2024-03-04T11:50:00",
    "EndTime": "2024-03-04T13:20:00",
    "WeekType": "Обе недели",
    "Classroom": "А ВУЦ",
    "Group": "1320",
    "Subject": "Военная подготовка (офицеры запаса)",
    "InstructorName": "",
    "InstructorLink": ""
  },
  {
    "DayOfWeek": "Суббота",
    "StartTime": "2024-03-04T08:30:00",
    "EndTime": "2024-03-04T10:00:00",
    "WeekType": "Верхняя неделя",
    "Classroom": "Б 309а",
    "Group": "1320",
    "Subject": "Устройства и системы морских нефтегазовых сооружений",
    "InstructorName": "Любимов Евгений Васильевич",
    "InstructorLink": "https://www.smtu.ru/ru/viewperson/107912/"
  },
  {
    "DayOfWeek": "Суббота",
    "StartTime": "2024-03-04T08:30:00",
    "EndTime": "2024-03-04T10:00:00",
    "WeekType": "Нижняя неделя",
    "Classroom": "Б 309а",
    "Group": "1320",
    "Subject": "Устройства и системы морских нефтегазовых сооружений",
    "InstructorName": "Любимов Евгений Васильевич",
    "InstructorLink": "https://www.smtu.ru/ru/viewperson/107912/"
  },
  {
    "DayOfWeek": "Суббота",
    "StartTime": "2024-03-04T10:10:00",
    "EndTime": "2024-03-04T11:40:00",
    "WeekType": "Обе недели",
    "Classroom": "Б 206",
    "Group": "1320",
    "Subject": "Проектирование морских нефтегазовых сооружений",
    "InstructorName": "Бережной Константин Геннадьевич",
    "InstructorLink": "https://www.smtu.ru/ru/viewperson/100102/"
  },
  {
    "DayOfWeek": "Суббота",
    "StartTime": "2024-03-04T11:50:00",
    "EndTime": "2024-03-04T13:20:00",
    "WeekType": "Обе недели",
    "Classroom": "Б 309а",
    "Group": "1320",
    "Subject": "Проектирование морских нефтегазовых сооружений",
    "InstructorName": "Вербицкий Сергей Владимирович",
    "InstructorLink": "https://www.smtu.ru/ru/viewperson/100204/"
  }
]