[
  {
    "DayOfWeek": "Понедельник",
    "StartTime": "2024-03-04T10:10:00",
    "EndTime": "2024-03-04T11:40:00",
    "WeekType": "Обе недели",
    "Classroom": "Б 422",
    "Group": "1333",
    "Subject": "Динамика подводных аппаратов",
    "InstructorName": "Шульц Вячеслав Юрьевич",
    "InstructorLink": "https://www.smtu.ru/ru/viewperson/102897/"
  },
  {
    "DayOfWeek": "Понедельник",
    "StartTime": "2024-03-04T11:50:00",
    "EndTime": "2024-03-04T13:20:00",
    "WeekType": "Обе недели",
    "Classroom": "Б 508",
    "Group": "1333",
    "Subject": "Вычислительная механика жидкости и газа",
    "InstructorName": "Бесядовский Александр Романович",
    "InstructorLink": "https://www.smtu.ru/ru/viewperson/100105/"
  },
  {
    "DayOfWeek": "Понедельник",
    "StartTime": "2024-03-04T14:00:00",
    "EndTime": "2024-03-04T15:30:00",
    "WeekType": "Верхняя неделя",
    "Classroom": "Б 318",
    "Group": "1333",
    "Subject": "Вычислительная механика жидкости и газа",
    "InstructorName": "Бесядовский Александр Романович",
    "InstructorLink": "https://www.smtu.ru/ru/viewperson/100105/"
  },
  {
    "DayOfWeek": "Понедельник",
    "StartTime": "2024-03-04T14:00:00",
    "EndTime": "2024-03-04T15:30:00",
    "WeekType": "Нижняя неделя",
    "Classroom": "Б 318",
    "Group": "1333",
    "Subject": "Гидромеханика",
    "InstructorName": "Али Рами Мамдух",
    "InstructorLink": "https://www.smtu.ru/ru/viewperson/106092/"
  },
  {
    "DayOfWeek": "Понедельник",
    "StartTime": "2024-03-04T15:40:00",
    "EndTime": "2024-03-04T17:10:00",
    "WeekType": "Нижняя неделя",
    "Classroom": "Б 318",
    "Group": "1333",
    "Subject": "Механика сплошных сред",
    "InstructorName": "Али Рами Мамдух",
    "InstructorLink": "https://www.smtu.ru/ru/viewperson/106092/"
  },
  {
    "DayOfWeek": "Вторник",
    "StartTime": "2024-03-04T11:50:00",
    "EndTime": "2024-03-04T13:20:00",
    "WeekType": "Верхняя неделя",
    "Classroom": "Б 422",
    "Group": "1333",
    "Subject": "Безопасность мореплавания",
    "InstructorName": "Вирцев Дмитрий Александрович",
    "InstructorLink": ""
  },
  {
    "DayOfWeek": "Вторник",
    "StartTime": "2024-03-04T11:50:00",
    "EndTime": "2024-03-04T13:20:00",
    "WeekType": "Нижняя неделя",
    "Classroom": "Б 422",
    "Group": "1333",
    "Subject": "Безопасность мореплавания",
    "InstructorName": "Никущенко Елена Александровна",
    "InstructorLink": ""
  },
  {
    "DayOfWeek": "Вторник",
    "StartTime": "2024-03-04T14:00:00",
    "EndTime": "2024-03-04T15:30:00",
    "WeekType": "Верхняя неделя",
    "Classroom": "Б 422",
    "Group": "1333",
    "Subject": "Динамика подводных аппаратов",
    "InstructorName": "Шульц Вячеслав Юрьевич",
    "InstructorLink": "https://www.smtu.ru/ru/viewperson/102897/"
  },
  {
    "DayOfWeek": "Вторник",
    "StartTime": "2024-03-04T14:00:00",
    "EndTime": "2024-03-04T15:30:00",
    "WeekType": "Нижняя неделя",
    "Classroom": "Б 419",
    "Group": "1333",
    "Subject": "Ходкость корабля",
    "InstructorName": "Шульц Вячеслав Юрьевич",
    "InstructorLink": "https://www.smtu.ru/ru/viewperson/102897/"
  },
  {
    "DayOfWeek": "Вторник",
    "StartTime": "2024-03-04T15:40:00",
    "EndTime": "2024-03-04T17:10:00",
    "WeekType": "Верхняя неделя",
    "Classroom": "Б 422",
    "Group": "1333",
    "Subject": "Динамика корабля",
    "InstructorName": "Семенова Виктория Юрьевна",
    "InstructorLink": "https://www.smtu.ru/ru/viewperson/101054/"
  },
  {
    "DayOfWeek": "Вторник",
    "StartTime": "2024-03-04T15:40:00",
    "EndTime": "2024-03-04T17:10:00",
    "WeekType": "Нижняя неделя",
    "Classroom": "Б 419",
    "Group": "1333",
    "Subject": "Динамика корабля",
    "InstructorName": "Семенова Виктория Юрьевна",
    "InstructorLink": "https://www.smtu.ru/ru/viewperson/101054/"
  },
  {
    "DayOfWeek": "Вторник",
    "StartTime": "2024-03-04T17:20:00",
    "EndTime": "2024-03-04T18:50:00",
    "WeekType": "Обе недели",
    "Classroom": "Б 505(2)",
    "Group": "1333",
    "Subject": "Гидромеханика",
    "InstructorName": "Тряскин Никита Владимирович",
    "InstructorLink": ""
  },
  {
    "DayOfWeek": "Среда",
    "StartTime": "2024-03-04T10:10:00",
    "EndTime": "2024-03-04T11:40:00",
    "WeekType": "Обе недели",
    "Classroom": "Б 422",
    "Group": "1333",
    "Subject": "Ходкость корабля",
    "InstructorName": "Шульц Вячеслав Юрьевич",
    "InstructorLink": "https://www.smtu.ru/ru/viewperson/102897/"
  },
  {
    "DayOfWeek": "Среда",
    "StartTime": "2024-03-04T11:50:00",
    "EndTime": "2024-03-04T13:20:00",
    "WeekType": "Обе недели",
    "Classroom": "Б 316",
    "Group": "1333",
    "Subject": "Механика сплошных сред",
    "InstructorName": "Яковлев Алексей Юрьевич",
    "InstructorLink": "https://www.smtu.ru/ru/viewperson/101392/"
  },
  {
    "DayOfWeek": "Среда",
    "StartTime": "2024-03-04T15:40:00",
    "EndTime": "2024-03-04T17:10:00",
    "WeekType": "Обе недели",
    "Classroom": "У каф.ФВ",
    "Group": "1333",
    "Subject": "Физическая культура и спорт (элективная)",
    "InstructorName": "",
    "InstructorLink": ""
  },
  {
    "DayOfWeek": "Четверг",
    "StartTime": "2024-03-04T08:30:00",
    "EndTime": "2024-03-04T10:00:00",
    "WeekType": "Обе недели",
    "Classroom": "У 511",
    "Group": "1333",
    "Subject": "Экономика",
    "InstructorName": "Полухина Софья Алексеевна",
    "InstructorLink": "https://www.smtu.ru/ru/viewperson/100922/"
  },
  {
    "DayOfWeek": "Четверг",
    "StartTime": "2024-03-04T10:10:00",
    "EndTime": "2024-03-04T11:40:00",
    "WeekType": "Обе недели",
    "Classroom": "У 511",
    "Group": "1333",
    "Subject": "Экономика",
    "InstructorName": "Полухина Софья Алексеевна",
    "InstructorLink": "https://www.smtu.ru/ru/viewperson/100922/"
  },
  {
    "DayOfWeek": "Четверг",
    "StartTime": "2024-03-04T11:50:00",
    "EndTime": "2024-03-04T13:20:00",
    "WeekType": "Верхняя неделя",
    "Classroom": "У 543",
    "Group": "1333",
    "Subject": "Деловые коммуникации",
    "InstructorName": "Белова Наталья Георгиевна",
    "InstructorLink": "https://www.smtu.ru/ru/viewperson/100092/"
  },
  {
    "DayOfWeek": "Четверг",
    "StartTime": "2024-03-04T11:50:00",
    "EndTime": "2024-03-04T13:20:00",
    "WeekType": "Нижняя неделя",
    "Classroom": "У 543",
    "Group": "1333",
    "Subject": "Деловые коммуникации",
    "InstructorName": "Белова Наталья Георгиевна",
    "InstructorLink": "https://www.smtu.ru/ru/viewperson/100092/"
  },
  {
    "DayOfWeek": "Четверг",
    "StartTime": "2024-03-04T14:00:00",
    "EndTime": "2024-03-04T15:30:00",
    "WeekType": "Обе недели",
    "Classroom": "У каф.ФВ",
    "Group": "1333",
    "Subject": "Физическая культура и спорт (элективная)",
    "InstructorName": "",
    "InstructorLink": ""
  },
  {
    "DayOfWeek": "Пятница",
    "StartTime": "2024-03-04T11:50:00",
    "EndTime": "2024-03-04T13:20:00",
    "WeekType": "Верхняя неделя",
    "Classroom": "Б 330",
    "Group": "1333",
    "Subject": "Дополнительные разделы динамики вязкой жидкости",
    "InstructorName": "Альбаев Данил Айдарович",
    "InstructorLink": "https://www.smtu.ru/ru/viewperson/101505/"
  },
  {
    "DayOfWeek": "Пятница",
    "StartTime": "2024-03-04T11:50:00",
    "EndTime": "2024-03-04T13:20:00",
    "WeekType": "Нижняя неделя",
    "Classroom": "Б 330",
    "Group": "1333",
    "Subject": "Дополнительные разделы динамики вязкой жидкости",
    "InstructorName": "Альбаев Данил Айдарович",
    "InstructorLink": "https://www.smtu.ru/ru/viewperson/101505/"
  },
  {
    "DayOfWeek": "Пятница",
    "StartTime": "2024-03-04T14:00:00",
    "EndTime": "2024-03-04T15:30:00",
    "WeekType": "Верхняя неделя",
    "Classroom": "Б 419",
    "Group": "1333",
    "Subject": "Динамика корабля",
    "InstructorName": "Семенова Виктория Юрьевна",
    "InstructorLink": "https://www.smtu.ru/ru/viewperson/101054/"
  },
  {
    "DayOfWeek": "Пятница",
    "StartTime": "2024-03-04T14:00:00",
    "EndTime": "2024-03-04T15:30:00",
    "WeekType": "Нижняя неделя",
    "Classroom": "Б 419",
    "Group": "1333",
    "Subject": "Динамика корабля",
    "InstructorName": "Семенова Виктория Юрьевна",
    "InstructorLink": "https://www.smtu.ru/ru/viewperson/101054/"
  }
]