[
  {
    "DayOfWeek": "Понедельник",
    "StartTime": "2024-03-04T10:10:00",
    "EndTime": "2024-03-04T11:40:00",
    "WeekType": "Верхняя неделя",
    "Classroom": "Б 206",
    "Group": "1350",
    "Subject": "Подводно-технические работы на море",
    "InstructorName": "Чеснокова Ирина Геннадьевна",
    "InstructorLink": "https://www.smtu.ru/ru/viewperson/101318/"
  },
  {
    "DayOfWeek": "Понедельник",
    "StartTime": "2024-03-04T10:10:00",
    "EndTime": "2024-03-04T11:40:00",
    "WeekType": "Нижняя неделя",
    "Classroom": "Б 206",
    "Group": "1350",
    "Subject": "Подводно-технические работы на море",
    "InstructorName": "Чеснокова Ирина Геннадьевна",
    "InstructorLink": "https://www.smtu.ru/ru/viewperson/101318/"
  },
  {
    "DayOfWeek": "Понедельник",
    "StartTime": "2024-03-04T11:50:00",
    "EndTime": "2024-03-04T13:20:00",
    "WeekType": "Верхняя неделя",
    "Classroom": "Б 206",
    "Group": "1350",
    "Subject": "Технология буровых работ на море",
    "InstructorName": "Чеснокова Ирина Геннадьевна",
    "InstructorLink": "https://www.smtu.ru/ru/viewperson/101318/"
  },
  {
    "DayOfWeek": "Понедельник",
    "StartTime": "2024-03-04T11:50:00",
    "EndTime": "2024-03-04T13:20:00",
    "WeekType": "Нижняя неделя",
    "Classroom": "Б 206",
    "Group": "1350",
    "Subject": "Технология буровых работ на море",
    "InstructorName": "Чеснокова Ирина Геннадьевна",
    "InstructorLink": "https://www.smtu.ru/ru/viewperson/101318/"
  },
  {
    "DayOfWeek": "Понедельник",
    "StartTime": "2024-03-04T15:40:00",
    "EndTime": "2024-03-04T17:10:00",
    "WeekType": "Обе недели",
    "Classroom": "У каф.ФВ",
    "Group": "1350",
    "Subject": "Физическая культура и спорт (элективная)",
    "InstructorName": "",
    "InstructorLink": ""
  },
  {
    "DayOfWeek": "Вторник",
    "StartTime": "2024-03-04T08:30:00",
    "EndTime": "2024-03-04T10:00:00",
    "WeekType": "Нижняя неделя",
    "Classroom": "У 161",
    "Group": "1350",
    "Subject": "Деловые коммуникации",
    "InstructorName": "Бабаева Наталья Михайловна",
    "InstructorLink": "https://www.smtu.ru/ru/viewperson/100060/"
  },
  {
    "DayOfWeek": "Вторник",
    "StartTime": "2024-03-04T10:10:00",
    "EndTime": "2024-03-04T11:40:00",
    "WeekType": "Обе недели",
    "Classroom": "У 161",
    "Group": "1350",
    "Subject": "Экономика",
    "InstructorName": "Полухина Софья Алексеевна",
    "InstructorLink": "https://www.smtu.ru/ru/viewperson/100922/"
  },
  {
    "DayOfWeek": "Вторник",
    "StartTime": "2024-03-04T11:50:00",
    "EndTime": "2024-03-04T13:20:00",
    "WeekType": "Верхняя неделя",
    "Classroom": "У 504",
    "Group": "1350",
    "Subject": "Экономика",
    "InstructorName": "Полухина Софья Алексеевна",
    "InstructorLink": "https://www.smtu.ru/ru/viewperson/100922/"
  },
  {
    "DayOfWeek": "Вторник",
    "StartTime": "2024-03-04T11:50:00",
    "EndTime": "2024-03-04T13:20:00",
    "WeekType": "Нижняя неделя",
    "Classroom": "У 154",
    "Group": "1350",
    "Subject": "Деловые коммуникации",
    "InstructorName": "Бабаева Наталья Михайловна",
    "InstructorLink": "https://www.smtu.ru/ru/viewperson/100060/"
  },
  {
    "DayOfWeek": "Вторник",
    "StartTime": "2024-03-04T14:00:00",
    "EndTime": "2024-03-04T15:30:00",
    "WeekType": "Верхняя неделя",
    "Classroom": "У каф.ФВ",
    "Group": "1350",
    "Subject": "Физическая культура и спорт (элективная)",
    "InstructorName": "",
    "InstructorLink": ""
  },
  {
    "DayOfWeek": "Вторник",
    "StartTime": "2024-03-04T14:00:00",
    "EndTime": "2024-03-04T15:30:00",
    "WeekType": "Нижняя неделя",
    "Classroom": "У 511",
    "Group": "1350",
    "Subject": "Экономика",
    "InstructorName": "Полухина Софья Алексеевна",
    "InstructorLink": "https://www.smtu.ru/ru/viewperson/100922/"
  },
  {
    "DayOfWeek": "Вторник",
    "StartTime": "2024-03-04T15:40:00",
    "EndTime": "2024-03-04T17:10:00",
    "WeekType": "Верхняя неделя",
    "Classroom": "У каф.ФВ",
    "Group": "1350",
    "Subject": "Физическая культура и спорт (элективная)",
    "InstructorName": "",
    "InstructorLink": ""
  },
  {
    "DayOfWeek": "Среда",
    "StartTime": "2024-03-04T11:50:00",
    "EndTime": "2024-03-04T13:20:00",
    "WeekType": "Верхняя неделя",
    "Classroom": "Б 309а",
    "Group": "1350",
    "Subject": "Специальные системы и устройства средств океанотехники",
    "InstructorName": "Любимов Евгений Васильевич",
    "InstructorLink": "https://www.smtu.ru/ru/viewperson/107912/"
  },
  {
    "DayOfWeek": "Среда",
    "StartTime": "2024-03-04T11:50:00",
    "EndTime": "2024-03-04T13:20:00",
    "WeekType": "Нижняя неделя",
    "Classroom": "Б 309а",
    "Group": "1350",
    "Subject": "Специальные системы и устройства средств океанотехники",
    "InstructorName": "Любимов Евгений Васильевич",
    "InstructorLink": "https://www.smtu.ru/ru/viewperson/107912/"
  },
  {
    "DayOfWeek": "Среда",
    "StartTime": "2024-03-04T14:00:00",
    "EndTime": "2024-03-04T15:30:00",
    "WeekType": "Верхняя неделя",
    "Classroom": "Б 419",
    "Group": "1350",
    "Subject": "Мореходность и позиционирование средств океанотехники",
    "InstructorName": "Шульц Вячеслав Юрьевич",
    "InstructorLink": "https://www.smtu.ru/ru/viewperson/102897/"
  },
  {
    "DayOfWeek": "Среда",
    "StartTime": "2024-03-04T14:00:00",
    "EndTime": "2024-03-04T15:30:00",
    "WeekType": "Нижняя неделя",
    "Classroom": "Б 309а",
    "Group": "1350",
    "Subject": "Специальные системы и устройства средств океанотехники",
    "InstructorName": "Любимов Евгений Васильевич",
    "InstructorLink": "https://www.smtu.ru/ru/viewperson/107912/"
  },
  {
    "DayOfWeek": "Среда",
    "StartTime": "2024-03-04T15:40:00",
    "EndTime": "2024-03-04T17:10:00",
    "WeekType": "Верхняя неделя",
    "Classroom": "Б 419",
    "Group": "1350",
    "Subject": "Мореходность и позиционирование средств океанотехники",
    "InstructorName": "Устинова Забава Сергеевна",
    "InstructorLink": ""
  },
  {
    "DayOfWeek": "Среда",
    "StartTime": "2024-03-04T15:40:00",
    "EndTime": "2024-03-04T17:10:00",
    "WeekType": "Нижняя неделя",
    "Classroom": "Б 422",
    "Group": "1350",
    "Subject": "Мореходность и позиционирование средств океанотехники",
    "InstructorName": "Устинова Забава Сергеевна",
    "InstructorLink": ""
  },
  {
    "DayOfWeek": "Четверг",
    "StartTime": "2024-03-04T10:10:00",
    "EndTime": "2024-03-04T11:40:00",
    "WeekType": "Обе недели",
    "Classroom": "Б 207",
    "Group": "1350",
    "Subject": "Проектирование средств океанотехники",
    "InstructorName": "Смирнов Юрий Александрович",
    "InstructorLink": "https://www.smtu.ru/ru/viewperson/101106/"
  },
  {
    "DayOfWeek": "Четверг",
    "StartTime": "2024-03-04T11:50:00",
    "EndTime": "2024-03-04T13:20:00",
    "WeekType": "Обе недели",
    "Classroom": "Б 207",
    "Group": "1350",
    "Subject": "Проектирование средств океанотехники",
    "InstructorName": "Смирнов Юрий Александрович",
    "InstructorLink": "https://www.smtu.ru/ru/viewperson/101106/"
  },
  {
    "DayOfWeek": "Четверг",
    "StartTime": "2024-03-04T14:00:00",
    "EndTime": "2024-03-04T15:30:00",
    "WeekType": "Обе недели",
    "Classroom": "Б 206",
    "Group": "1350",
    "Subject": "Концептуальное проектирование средств океанотехники",
    "InstructorName": "Карлинский Сергей Львович",
    "InstructorLink": "https://www.smtu.ru/ru/viewperson/100500/"
  },
  {
    "DayOfWeek": "Четверг",
    "StartTime": "2024-03-04T15:40:00",
    "EndTime": "2024-03-04T17:10:00",
    "WeekType": "Обе недели",
    "Classroom": "Б 206",
    "Group": "1350",
    "Subject": "Концептуальное проектирование средств океанотехники",
    "InstructorName": "Карлинский Сергей Львович",
    "InstructorLink": "https://www.smtu.ru/ru/viewperson/100500/"
  },
  {
    "DayOfWeek": "Пятница",
    "StartTime": "2024-03-04T08:30:00",
    "EndTime": "2024-03-04T10:00:00",
    "WeekType": "Обе недели",
    "Classroom": "А ВУЦ",
    "Group": "1350",
    "Subject": "Военная подготовка (офицеры запаса)",
    "InstructorName": "",
    "InstructorLink": ""
  },
  {
    "DayOfWeek": "Пятница",
    "StartTime": "2024-03-04T10:10:00",
    "EndTime": "2024-03-04T11:40:00",
    "WeekType": "Обе недели",
    "Classroom": "А ВУЦ",
    "Group": "1350",
    "Subject": "Военная подготовка (офицеры запаса)",
    "InstructorName": "",
    "InstructorLink": ""
  },
  {
    "DayOfWeek": "Пятница",
    "StartTime": "2024-03-04T11:50:00",
    "EndTime": "2024-03-04T13:20:00",
    "WeekType": "Обе недели",
    "Classroom": "А ВУЦ",
    "Group": "1350",
    "Subject": "Военная подготовка (офицеры запаса)",
    "InstructorName": "",
    "InstructorLink": ""
  },
  {
    "DayOfWeek": "Суббота",
    "StartTime": "2024-03-04T10:10:00",
    "EndTime": "2024-03-04T11:40:00",
    "WeekType": "Обе недели",
    "Classroom": "Б 309а",
    "Group": "1350",
    "Subject": "Проектирование средств океанотехники",
    "InstructorName": "Вербицкий Сергей Владимирович",
    "InstructorLink": "https://www.smtu.ru/ru/viewperson/100204/"
  },
  {
    "DayOfWeek": "Суббота",
    "StartTime": "2024-03-04T11:50:00",
    "EndTime": "2024-03-04T13:20:00",
    "WeekType": "Обе недели",
    "Classroom": "Б 206",
    "Group": "1350",
    "Subject": "Проектирование средств океанотехники",
    "InstructorName": "Бережной Константин Геннадьевич",
    "InstructorLink": "https://www.smtu.ru/ru/viewperson/100102/"
  }
]