[
  {
    "DayOfWeek": "Понедельник",
    "StartTime": "2024-03-04T10:10:00",
    "EndTime": "2024-03-04T11:40:00",
    "WeekType": "Обе недели",
    "Classroom": "У 504",
    "Group": "1384",
    "Subject": "Экономика",
    "InstructorName": "Кожина Елена Владимировна",
    "InstructorLink": "https://www.smtu.ru/ru/viewperson/123129/"
  },
  {
    "DayOfWeek": "Понедельник",
    "StartTime": "2024-03-04T11:50:00",
    "EndTime": "2024-03-04T13:20:00",
    "WeekType": "Обе недели",
    "Classroom": "У 504",
    "Group": "1384",
    "Subject": "Экономика",
    "InstructorName": "Кожина Елена Владимировна",
    "InstructorLink": "https://www.smtu.ru/ru/viewperson/123129/"
  },
  {
    "DayOfWeek": "Понедельник",
    "StartTime": "2024-03-04T14:00:00",
    "EndTime": "2024-03-04T15:30:00",
    "WeekType": "Обе недели",
    "Classroom": "У каф.ФВ",
    "Group": "1384",
    "Subject": "Физическая культура и спорт (элективная)",
    "InstructorName": "",
    "InstructorLink": ""
  },
  {
    "DayOfWeek": "Вторник",
    "StartTime": "2024-03-04T08:30:00",
    "EndTime": "2024-03-04T10:00:00",
    "WeekType": "Нижняя неделя",
    "Classroom": "У 161",
    "Group": "1384",
    "Subject": "Деловые коммуникации",
    "InstructorName": "Бабаева Наталья Михайловна",
    "InstructorLink": "https://www.smtu.ru/ru/viewperson/100060/"
  },
  {
    "DayOfWeek": "Вторник",
    "StartTime": "2024-03-04T10:10:00",
    "EndTime": "2024-03-04T11:40:00",
    "WeekType": "Нижняя неделя",
    "Classroom": "У 154",
    "Group": "1384",
    "Subject": "Деловые коммуникации",
    "InstructorName": "Бабаева Наталья Михайловна",
    "InstructorLink": "https://www.smtu.ru/ru/viewperson/100060/"
  },
  {
    "DayOfWeek": "Вторник",
    "StartTime": "2024-03-04T11:50:00",
    "EndTime": "2024-03-04T13:20:00",
    "WeekType": "Обе недели",
    "Classroom": "У 507",
    "Group": "1384",
    "Subject": "Динамика твердого тела",
    "InstructorName": "Мелконян Армен Левонович",
    "InstructorLink": "https://www.smtu.ru/ru/viewperson/100749/"
  },
  {
    "DayOfWeek": "Вторник",
    "StartTime": "2024-03-04T14:00:00",
    "EndTime": "2024-03-04T15:30:00",
    "WeekType": "Верхняя неделя",
    "Classroom": "У 507",
    "Group": "1384",
    "Subject": "Динамика твердого тела",
    "InstructorName": "Мелконян Армен Левонович",
    "InstructorLink": "https://www.smtu.ru/ru/viewperson/100749/"
  },
  {
    "DayOfWeek": "Вторник",
    "StartTime": "2024-03-04T14:00:00",
    "EndTime": "2024-03-04T15:30:00",
    "WeekType": "Нижняя неделя",
    "Classroom": "У каф.ФВ",
    "Group": "1384",
    "Subject": "Физическая культура и спорт (элективная)",
    "InstructorName": "",
    "InstructorLink": ""
  },
  {
    "DayOfWeek": "Вторник",
    "StartTime": "2024-03-04T15:40:00",
    "EndTime": "2024-03-04T17:10:00",
    "WeekType": "Верхняя неделя",
    "Classroom": "У каф.ФВ",
    "Group": "1384",
    "Subject": "Физическая культура и спорт (элективная)",
    "InstructorName": "",
    "InstructorLink": ""
  },
  {
    "DayOfWeek": "Среда",
    "StartTime": "2024-03-04T08:30:00",
    "EndTime": "2024-03-04T10:00:00",
    "WeekType": "Обе недели",
    "Classroom": "Б 218",
    "Group": "1384",
    "Subject": "Расчётный практикум по строительной механике машин и конструкций",
    "InstructorName": "Миронов Михаил Юрьевич",
    "InstructorLink": "https://www.smtu.ru/ru/viewperson/100756/"
  },
  {
    "DayOfWeek": "Среда",
    "StartTime": "2024-03-04T10:10:00",
    "EndTime": "2024-03-04T11:40:00",
    "WeekType": "Обе недели",
    "Classroom": "Б 218",
    "Group": "1384",
    "Subject": "Расчётный практикум по строительной механике машин и конструкций",
    "InstructorName": "Миронов Михаил Юрьевич",
    "InstructorLink": "https://www.smtu.ru/ru/viewperson/100756/"
  },
  {
    "DayOfWeek": "Среда",
    "StartTime": "2024-03-04T11:50:00",
    "EndTime": "2024-03-04T13:20:00",
    "WeekType": "Обе недели",
    "Classroom": "Б 101",
    "Group": "1384",
    "Subject": "Прочность корабля",
    "InstructorName": "Манухин Вадим Анатольевич",
    "InstructorLink": "https://www.smtu.ru/ru/viewperson/100726/"
  },
  {
    "DayOfWeek": "Среда",
    "StartTime": "2024-03-04T14:00:00",
    "EndTime": "2024-03-04T15:30:00",
    "WeekType": "Обе недели",
    "Classroom": "Б 215",
    "Group": "1384",
    "Subject": "Прочность корабля",
    "InstructorName": "Пономарев Дмитрий Александрович",
    "InstructorLink": "https://www.smtu.ru/ru/viewperson/100929/"
  },
  {
    "DayOfWeek": "Четверг",
    "StartTime": "2024-03-04T10:10:00",
    "EndTime": "2024-03-04T11:40:00",
    "WeekType": "Верхняя неделя",
    "Classroom": "Б 505(1)",
    "Group": "1384",
    "Subject": "Механика композитов",
    "InstructorName": "Миронов Михаил Юрьевич",
    "InstructorLink": "https://www.smtu.ru/ru/viewperson/100756/"
  },
  {
    "DayOfWeek": "Четверг",
    "StartTime": "2024-03-04T11:50:00",
    "EndTime": "2024-03-04T13:20:00",
    "WeekType": "Верхняя неделя",
    "Classroom": "Б 215",
    "Group": "1384",
    "Subject": "Механика композитов",
    "InstructorName": "Миронов Михаил Юрьевич",
    "InstructorLink": "https://www.smtu.ru/ru/viewperson/100756/"
  },
  {
    "DayOfWeek": "Четверг",
    "StartTime": "2024-03-04T11:50:00",
    "EndTime": "2024-03-04T13:20:00",
    "WeekType": "Нижняя неделя",
    "Classroom": "Б 215",
    "Group": "1384",
    "Subject": "Вычислительная механика",
    "InstructorName": "Родионов Александр Александрович",
    "InstructorLink": "https://www.smtu.ru/ru/viewperson/100985/"
  },
  {
    "DayOfWeek": "Четверг",
    "StartTime": "2024-03-04T14:00:00",
    "EndTime": "2024-03-04T15:30:00",
    "WeekType": "Обе недели",
    "Classroom": "Б 215",
    "Group": "1384",
    "Subject": "Вычислительная механика",
    "InstructorName": "Родионов Александр Александрович",
    "InstructorLink": "https://www.smtu.ru/ru/viewperson/100985/"
  },
  {
    "DayOfWeek": "Четверг",
    "StartTime": "2024-03-04T15:40:00",
    "EndTime": "2024-03-04T17:10:00",
    "WeekType": "Обе недели",
    "Classroom": "Б 218",
    "Group": "1384",
    "Subject": "Компьютерное моделирование в строительной механике машин и конструкций",
    "InstructorName": "Пономарев Дмитрий Александрович",
    "InstructorLink": "https://www.smtu.ru/ru/viewperson/100929/"
  },
  {
    "DayOfWeek": "Четверг",
    "StartTime": "2024-03-04T17:20:00",
    "EndTime": "2024-03-04T18:50:00",
    "WeekType": "Нижняя неделя",
    "Classroom": "Б 218",
    "Group": "1384",
    "Subject": "Компьютерное моделирование в строительной механике машин и конструкций",
    "InstructorName": "Пономарев Дмитрий Александрович",
    "InstructorLink": "https://www.smtu.ru/ru/viewperson/100929/"
  },
  {
    "DayOfWeek": "Пятница",
    "StartTime": "2024-03-04T08:30:00",
    "EndTime": "2024-03-04T10:00:00",
    "WeekType": "Обе недели",
    "Classroom": "А ВУЦ",
    "Group": "1384",
    "Subject": "Военная подготовка (офицеры запаса)",
    "InstructorName": "",
    "InstructorLink": ""
  },
  {
    "DayOfWeek": "Пятница",
    "StartTime": "2024-03-04T10:10:00",
    "EndTime": "2024-03-04T11:40:00",
    "WeekType": "Обе недели",
    "Classroom": "А ВУЦ",
    "Group": "1384",
    "Subject": "Военная подготовка (офицеры запаса)",
    "InstructorName": "",
    "InstructorLink": ""
  },
  {
    "DayOfWeek": "Пятница",
    "StartTime": "2024-03-04T11:50:00",
    "EndTime": "2024-03-04T13:20:00",
    "WeekType": "Обе недели",
    "Classroom": "А ВУЦ",
    "Group": "1384",
    "Subject": "Военная подготовка (офицеры запаса)",
    "InstructorName": "",
    "InstructorLink": ""
  },
  {
    "DayOfWeek": "Суббота",
    "StartTime": "2024-03-04T10:10:00",
    "EndTime": "2024-03-04T11:40:00",
    "WeekType": "Обе недели",
    "Classroom": "Б 215",
    "Group": "1384",
    "Subject": "Теория упругости и пластичности",
    "InstructorName": "Фрумен Александр Исаакович",
    "InstructorLink": "https://www.smtu.ru/ru/viewperson/101262/"
  },
  {
    "DayOfWeek": "Суббота",
    "StartTime": "2024-03-04T11:50:00",
    "EndTime": "2024-03-04T13:20:00",
    "WeekType": "Верхняя неделя",
    "Classroom": "Б 218",
    "Group": "1384",
    "Subject": "Теория упругости и пластичности",
    "InstructorName": "Фрумен Александр Исаакович",
    "InstructorLink": "https://www.smtu.ru/ru/viewperson/101262/"
  },
  {
    "DayOfWeek": "Суббота",
    "StartTime": "2024-03-04T11:50:00",
    "EndTime": "2024-03-04T13:20:00",
    "WeekType": "Нижняя неделя",
    "Classroom": "Б 218",
    "Group": "1384",
    "Subject": "Теория упругости и пластичности",
    "InstructorName": "Фрумен Александр Исаакович",
    "InstructorLink": "https://www.smtu.ru/ru/viewperson/101262/"
  }
]