[
  {
    "DayOfWeek": "Понедельник",
    "StartTime": "2024-03-04T10:10:00",
    "EndTime": "2024-03-04T11:40:00",
    "WeekType": "Обе недели",
    "Classroom": "Б 101",
    "Group": "1414",
    "Subject": "Проектирование судов",
    "InstructorName": "Демешко Геннадий Федорович",
    "InstructorLink": "https://www.smtu.ru/ru/viewperson/100328/"
  },
  {
    "DayOfWeek": "Понедельник",
    "StartTime": "2024-03-04T11:50:00",
    "EndTime": "2024-03-04T13:20:00",
    "WeekType": "Обе недели",
    "Classroom": "Б 101",
    "Group": "1414",
    "Subject": "Теория корабля",
    "InstructorName": "Семенова Виктория Юрьевна",
    "InstructorLink": "https://www.smtu.ru/ru/viewperson/101054/"
  },
  {
    "DayOfWeek": "Понедельник",
    "StartTime": "2024-03-04T14:00:00",
    "EndTime": "2024-03-04T15:30:00",
    "WeekType": "Верхняя неделя",
    "Classroom": "Б 101",
    "Group": "1414",
    "Subject": "Технология судостроения",
    "InstructorName": "Щигорцов Михаил Юрьевич",
    "InstructorLink": ""
  },
  {
    "DayOfWeek": "Вторник",
    "StartTime": "2024-03-04T08:30:00",
    "EndTime": "2024-03-04T10:00:00",
    "WeekType": "Обе недели",
    "Classroom": "А ВУЦ",
    "Group": "1414",
    "Subject": "Технология судоремонта (С)",
    "InstructorName": "",
    "InstructorLink": ""
  },
  {
    "DayOfWeek": "Вторник",
    "StartTime": "2024-03-04T10:10:00",
    "EndTime": "2024-03-04T11:40:00",
    "WeekType": "Обе недели",
    "Classroom": "А ВУЦ",
    "Group": "1414",
    "Subject": "Технология судоремонта (С)",
    "InstructorName": "",
    "InstructorLink": ""
  },
  {
    "DayOfWeek": "Вторник",
    "StartTime": "2024-03-04T11:50:00",
    "EndTime": "2024-03-04T13:20:00",
    "WeekType": "Обе недели",
    "Classroom": "А ВУЦ",
    "Group": "1414",
    "Subject": "Военная подготовка (кадровые офицеры)",
    "InstructorName": "",
    "InstructorLink": ""
  },
  {
    "DayOfWeek": "Вторник",
    "StartTime": "2024-03-04T14:00:00",
    "EndTime": "2024-03-04T15:30:00",
    "WeekType": "Нижняя неделя",
    "Classroom": "А ВУЦ",
    "Group": "1414",
    "Subject": "Военная подготовка (кадровые офицеры)",
    "InstructorName": "",
    "InstructorLink": ""
  },
  {
    "DayOfWeek": "Среда",
    "StartTime": "2024-03-04T11:50:00",
    "EndTime": "2024-03-04T13:20:00",
    "WeekType": "Нижняя неделя",
    "Classroom": "Б 608",
    "Group": "1414",
    "Subject": "Проектирование судов",
    "InstructorName": "Рюмин Сергей Николаевич",
    "InstructorLink": "https://www.smtu.ru/ru/viewperson/101017/"
  },
  {
    "DayOfWeek": "Среда",
    "StartTime": "2024-03-04T14:00:00",
    "EndTime": "2024-03-04T15:30:00",
    "WeekType": "Обе недели",
    "Classroom": "Б 520",
    "Group": "1414",
    "Subject": "Сварка судовых конструкций",
    "InstructorName": "Куракин Артур",
    "InstructorLink": ""
  },
  {
    "DayOfWeek": "Среда",
    "StartTime": "2024-03-04T15:40:00",
    "EndTime": "2024-03-04T17:10:00",
    "WeekType": "Верхняя неделя",
    "Classroom": "Б 608",
    "Group": "1414",
    "Subject": "Проектирование судов",
    "InstructorName": "Рюмин Сергей Николаевич",
    "InstructorLink": "https://www.smtu.ru/ru/viewperson/101017/"
  },
  {
    "DayOfWeek": "Среда",
    "StartTime": "2024-03-04T15:40:00",
    "EndTime": "2024-03-04T17:10:00",
    "WeekType": "Нижняя неделя",
    "Classroom": "Б 419",
    "Group": "1414",
    "Subject": "Теория корабля",
    "InstructorName": "Семенова Виктория Юрьевна",
    "InstructorLink": "https://www.smtu.ru/ru/viewperson/101054/"
  },
  {
    "DayOfWeek": "Среда",
    "StartTime": "2024-03-04T17:20:00",
    "EndTime": "2024-03-04T18:50:00",
    "WeekType": "Верхняя неделя",
    "Classroom": "Б 101",
    "Group": "1414",
    "Subject": "Сварка судовых конструкций",
    "InstructorName": "Мурзин Виктор Васильевич",
    "InstructorLink": ""
  },
  {
    "DayOfWeek": "Четверг",
    "StartTime": "2024-03-04T11:50:00",
    "EndTime": "2024-03-04T13:20:00",
    "WeekType": "Верхняя неделя",
    "Classroom": "У 105",
    "Group": "1414",
    "Subject": "Экология",
    "InstructorName": "Чихонадских Елена Александровна",
    "InstructorLink": "https://www.smtu.ru/ru/viewperson/101326/"
  },
  {
    "DayOfWeek": "Четверг",
    "StartTime": "2024-03-04T11:50:00",
    "EndTime": "2024-03-04T13:20:00",
    "WeekType": "Нижняя неделя",
    "Classroom": "У 105",
    "Group": "1414",
    "Subject": "Правоведение",
    "InstructorName": "Ладыка Сергей Иванович",
    "InstructorLink": "https://www.smtu.ru/ru/viewperson/100652/"
  },
  {
    "DayOfWeek": "Четверг",
    "StartTime": "2024-03-04T14:00:00",
    "EndTime": "2024-03-04T15:30:00",
    "WeekType": "Верхняя неделя",
    "Classroom": "У 434",
    "Group": "1414",
    "Subject": "Управление проектами",
    "InstructorName": "Куперштейн Владимир Ильич",
    "InstructorLink": ""
  },
  {
    "DayOfWeek": "Четверг",
    "StartTime": "2024-03-04T14:00:00",
    "EndTime": "2024-03-04T15:30:00",
    "WeekType": "Нижняя неделя",
    "Classroom": "У 154",
    "Group": "1414",
    "Subject": "Правоведение",
    "InstructorName": "Ладыка Сергей Иванович",
    "InstructorLink": "https://www.smtu.ru/ru/viewperson/100652/"
  },
  {
    "DayOfWeek": "Четверг",
    "StartTime": "2024-03-04T15:40:00",
    "EndTime": "2024-03-04T17:10:00",
    "WeekType": "Верхняя неделя",
    "Classroom": "У 103",
    "Group": "1414",
    "Subject": "Управление проектами",
    "InstructorName": "Куперштейн Владимир Ильич",
    "InstructorLink": ""
  },
  {
    "DayOfWeek": "Четверг",
    "StartTime": "2024-03-04T15:40:00",
    "EndTime": "2024-03-04T17:10:00",
    "WeekType": "Нижняя неделя",
    "Classroom": "У 340(1)",
    "Group": "1414",
    "Subject": "Экология",
    "InstructorName": "Чихонадских Елена Александровна",
    "InstructorLink": "https://www.smtu.ru/ru/viewperson/101326/"
  },
  {
    "DayOfWeek": "Пятница",
    "StartTime": "2024-03-04T08:30:00",
    "EndTime": "2024-03-04T10:00:00",
    "WeekType": "Нижняя неделя",
    "Classroom": "Б 505(1)",
    "Group": "1414",
    "Subject": "Конструкция корпуса судов",
    "InstructorName": "Мороз Вера Сергеевна",
    "InstructorLink": "https://www.smtu.ru/ru/viewperson/127943/"
  },
  {
    "DayOfWeek": "Пятница",
    "StartTime": "2024-03-04T10:10:00",
    "EndTime": "2024-03-04T11:40:00",
    "WeekType": "Верхняя неделя",
    "Classroom": "Б 101",
    "Group": "1414",
    "Subject": "Судовые устройства",
    "InstructorName": "Плотников Кирилл Вадимович",
    "InstructorLink": "https://www.smtu.ru/ru/viewperson/100908/"
  },
  {
    "DayOfWeek": "Пятница",
    "StartTime": "2024-03-04T10:10:00",
    "EndTime": "2024-03-04T11:40:00",
    "WeekType": "Нижняя неделя",
    "Classroom": "Б 415",
    "Group": "1414",
    "Subject": "Судовые устройства",
    "InstructorName": "Плотников Кирилл Вадимович",
    "InstructorLink": "https://www.smtu.ru/ru/viewperson/100908/"
  },
  {
    "DayOfWeek": "Пятница",
    "StartTime": "2024-03-04T11:50:00",
    "EndTime": "2024-03-04T13:20:00",
    "WeekType": "Верхняя неделя",
    "Classroom": "Б 101",
    "Group": "1414",
    "Subject": "Конструкция корпуса судов",
    "InstructorName": "Тряскин Владимир Николаевич",
    "InstructorLink": "https://www.smtu.ru/ru/viewperson/101209/"
  },
  {
    "DayOfWeek": "Пятница",
    "StartTime": "2024-03-04T11:50:00",
    "EndTime": "2024-03-04T13:20:00",
    "WeekType": "Нижняя неделя",
    "Classroom": "Б 415",
    "Group": "1414",
    "Subject": "Судовые устройства",
    "InstructorName": "Плотников Кирилл Вадимович",
    "InstructorLink": "https://www.smtu.ru/ru/viewperson/100908/"
  },
  {
    "DayOfWeek": "Суббота",
    "StartTime": "2024-03-04T11:50:00",
    "EndTime": "2024-03-04T13:20:00",
    "WeekType": "Верхняя неделя",
    "Classroom": "Б 414",
    "Group": "1414",
    "Subject": "Технология судостроения",
    "InstructorName": "Пащенко Ольга Сергеевна",
    "InstructorLink": ""
  },
  {
    "DayOfWeek": "Суббота",
    "StartTime": "2024-03-04T14:00:00",
    "EndTime": "2024-03-04T15:30:00",
    "WeekType": "Верхняя неделя",
    "Classroom": "Б 414",
    "Group": "1414",
    "Subject": "Технология судостроения",
    "InstructorName": "Пащенко Ольга Сергеевна",
    "InstructorLink": ""
  }
]