[
  {
    "DayOfWeek": "Понедельник",
    "StartTime": "2024-03-04T08:30:00",
    "EndTime": "2024-03-04T10:00:00",
    "WeekType": "Обе недели",
    "Classroom": "Б 608",
    "Group": "1416",
    "Subject": "Проектирование подводных лодок",
    "InstructorName": "Чуксин Ярослав Николаевич",
    "InstructorLink": "https://www.smtu.ru/ru/viewperson/101330/"
  },
  {
    "DayOfWeek": "Понедельник",
    "StartTime": "2024-03-04T10:10:00",
    "EndTime": "2024-03-04T11:40:00",
    "WeekType": "Верхняя неделя",
    "Classroom": "Б 608",
    "Group": "1416",
    "Subject": "Проектирование подводных лодок",
    "InstructorName": "Чуксин Ярослав Николаевич",
    "InstructorLink": "https://www.smtu.ru/ru/viewperson/101330/"
  },
  {
    "DayOfWeek": "Понедельник",
    "StartTime": "2024-03-04T10:10:00",
    "EndTime": "2024-03-04T11:40:00",
    "WeekType": "Нижняя неделя",
    "Classroom": "Б 608",
    "Group": "1416",
    "Subject": "Проектирование подводных лодок",
    "InstructorName": "Чуксин Ярослав Николаевич",
    "InstructorLink": "https://www.smtu.ru/ru/viewperson/101330/"
  },
  {
    "DayOfWeek": "Понедельник",
    "StartTime": "2024-03-04T11:50:00",
    "EndTime": "2024-03-04T13:20:00",
    "WeekType": "Нижняя неделя",
    "Classroom": "Б 419",
    "Group": "1416",
    "Subject": "Теория подводных лодок",
    "InstructorName": "Гасникова Анастасия Сергеевна",
    "InstructorLink": ""
  },
  {
    "DayOfWeek": "Вторник",
    "StartTime": "2024-03-04T11:50:00",
    "EndTime": "2024-03-04T13:20:00",
    "WeekType": "Обе недели",
    "Classroom": "Б 330",
    "Group": "1416",
    "Subject": "Теория подводных лодок",
    "InstructorName": "Шульц Вячеслав Юрьевич",
    "InstructorLink": "https://www.smtu.ru/ru/viewperson/102897/"
  },
  {
    "DayOfWeek": "Вторник",
    "StartTime": "2024-03-04T14:00:00",
    "EndTime": "2024-03-04T15:30:00",
    "WeekType": "Обе недели",
    "Classroom": "Б 520",
    "Group": "1416",
    "Subject": "Сварка судовых конструкций",
    "InstructorName": "Ефимов Евгений Игоревич",
    "InstructorLink": "https://www.smtu.ru/ru/viewperson/102696/"
  },
  {
    "DayOfWeek": "Вторник",
    "StartTime": "2024-03-04T15:40:00",
    "EndTime": "2024-03-04T17:10:00",
    "WeekType": "Верхняя неделя",
    "Classroom": "Б 610",
    "Group": "1416",
    "Subject": "Проектирование судов",
    "InstructorName": "Рюмин Сергей Николаевич",
    "InstructorLink": "https://www.smtu.ru/ru/viewperson/101017/"
  },
  {
    "DayOfWeek": "Вторник",
    "StartTime": "2024-03-04T15:40:00",
    "EndTime": "2024-03-04T17:10:00",
    "WeekType": "Нижняя неделя",
    "Classroom": "Б 410",
    "Group": "1416",
    "Subject": "Технология постройки подводных лодок",
    "InstructorName": "Фирсова Анна Валентиновна",
    "InstructorLink": "https://www.smtu.ru/ru/viewperson/101258/"
  },
  {
    "DayOfWeek": "Вторник",
    "StartTime": "2024-03-04T17:20:00",
    "EndTime": "2024-03-04T18:50:00",
    "WeekType": "Верхняя неделя",
    "Classroom": "Б 610",
    "Group": "1416",
    "Subject": "Проектирование судов",
    "InstructorName": "Рюмин Сергей Николаевич",
    "InstructorLink": "https://www.smtu.ru/ru/viewperson/101017/"
  },
  {
    "DayOfWeek": "Вторник",
    "StartTime": "2024-03-04T17:20:00",
    "EndTime": "2024-03-04T18:50:00",
    "WeekType": "Нижняя неделя",
    "Classroom": "Б 410",
    "Group": "1416",
    "Subject": "Технология постройки подводных лодок",
    "InstructorName": "Фирсова Анна Валентиновна",
    "InstructorLink": "https://www.smtu.ru/ru/viewperson/101258/"
  },
  {
    "DayOfWeek": "Среда",
    "StartTime": "2024-03-04T14:00:00",
    "EndTime": "2024-03-04T15:30:00",
    "WeekType": "Нижняя неделя",
    "Classroom": "Б 410",
    "Group": "1416",
    "Subject": "Технология постройки подводных лодок",
    "InstructorName": "Фирсова Анна Валентиновна",
    "InstructorLink": "https://www.smtu.ru/ru/viewperson/101258/"
  },
  {
    "DayOfWeek": "Среда",
    "StartTime": "2024-03-04T15:40:00",
    "EndTime": "2024-03-04T17:10:00",
    "WeekType": "Обе недели",
    "Classroom": "Б 410",
    "Group": "1416",
    "Subject": "Технология постройки подводных лодок",
    "InstructorName": "Фирсова Анна Валентиновна",
    "InstructorLink": "https://www.smtu.ru/ru/viewperson/101258/"
  },
  {
    "DayOfWeek": "Среда",
    "StartTime": "2024-03-04T17:20:00",
    "EndTime": "2024-03-04T18:50:00",
    "WeekType": "Верхняя неделя",
    "Classroom": "Б 101",
    "Group": "1416",
    "Subject": "Сварка судовых конструкций",
    "InstructorName": "Мурзин Виктор Васильевич",
    "InstructorLink": ""
  },
  {
    "DayOfWeek": "Четверг",
    "StartTime": "2024-03-04T11:50:00",
    "EndTime": "2024-03-04T13:20:00",
    "WeekType": "Верхняя неделя",
    "Classroom": "У 105",
    "Group": "1416",
    "Subject": "Экология",
    "InstructorName": "Чихонадских Елена Александровна",
    "InstructorLink": "https://www.smtu.ru/ru/viewperson/101326/"
  },
  {
    "DayOfWeek": "Четверг",
    "StartTime": "2024-03-04T11:50:00",
    "EndTime": "2024-03-04T13:20:00",
    "WeekType": "Нижняя неделя",
    "Classroom": "У 105",
    "Group": "1416",
    "Subject": "Правоведение",
    "InstructorName": "Ладыка Сергей Иванович",
    "InstructorLink": "https://www.smtu.ru/ru/viewperson/100652/"
  },
  {
    "DayOfWeek": "Четверг",
    "StartTime": "2024-03-04T14:00:00",
    "EndTime": "2024-03-04T15:30:00",
    "WeekType": "Верхняя неделя",
    "Classroom": "У 434",
    "Group": "1416",
    "Subject": "Управление проектами",
    "InstructorName": "Куперштейн Владимир Ильич",
    "InstructorLink": ""
  },
  {
    "DayOfWeek": "Четверг",
    "StartTime": "2024-03-04T14:00:00",
    "EndTime": "2024-03-04T15:30:00",
    "WeekType": "Нижняя неделя",
    "Classroom": "У 154",
    "Group": "1416",
    "Subject": "Правоведение",
    "InstructorName": "Ладыка Сергей Иванович",
    "InstructorLink": "https://www.smtu.ru/ru/viewperson/100652/"
  },
  {
    "DayOfWeek": "Четверг",
    "StartTime": "2024-03-04T15:40:00",
    "EndTime": "2024-03-04T17:10:00",
    "WeekType": "Верхняя неделя",
    "Classroom": "У 103",
    "Group": "1416",
    "Subject": "Управление проектами",
    "InstructorName": "Куперштейн Владимир Ильич",
    "InstructorLink": ""
  },
  {
    "DayOfWeek": "Четверг",
    "StartTime": "2024-03-04T15:40:00",
    "EndTime": "2024-03-04T17:10:00",
    "WeekType": "Нижняя неделя",
    "Classroom": "У 340(1)",
    "Group": "1416",
    "Subject": "Экология",
    "InstructorName": "Чихонадских Елена Александровна",
    "InstructorLink": "https://www.smtu.ru/ru/viewperson/101326/"
  },
  {
    "DayOfWeek": "Пятница",
    "StartTime": "2024-03-04T15:40:00",
    "EndTime": "2024-03-04T17:10:00",
    "WeekType": "Нижняя неделя",
    "Classroom": "Б 207",
    "Group": "1416",
    "Subject": "Конструкция подводных лодок и подводных аппаратов",
    "InstructorName": "Жестков Кирилл Геннадьевич",
    "InstructorLink": ""
  },
  {
    "DayOfWeek": "Пятница",
    "StartTime": "2024-03-04T17:20:00",
    "EndTime": "2024-03-04T18:50:00",
    "WeekType": "Нижняя неделя",
    "Classroom": "Б 207",
    "Group": "1416",
    "Subject": "Конструкция подводных лодок и подводных аппаратов",
    "InstructorName": "Жестков Кирилл Геннадьевич",
    "InstructorLink": ""
  },
  {
    "DayOfWeek": "Пятница",
    "StartTime": "2024-03-04T19:00:00",
    "EndTime": "2024-03-04T20:30:00",
    "WeekType": "Нижняя неделя",
    "Classroom": "Б 207",
    "Group": "1416",
    "Subject": "Конструкция подводных лодок и подводных аппаратов",
    "InstructorName": "Жестков Кирилл Геннадьевич",
    "InstructorLink": ""
  },
  {
    "DayOfWeek": "Суббота",
    "StartTime": "2024-03-04T11:50:00",
    "EndTime": "2024-03-04T13:20:00",
    "WeekType": "Верхняя неделя",
    "Classroom": "Б 609",
    "Group": "1416",
    "Subject": "Проектирование боевых кораблей",
    "InstructorName": "Калиничев Алексей Евгеньевич",
    "InstructorLink": ""
  },
  {
    "DayOfWeek": "Суббота",
    "StartTime": "2024-03-04T14:00:00",
    "EndTime": "2024-03-04T15:30:00",
    "WeekType": "Верхняя неделя",
    "Classroom": "Б 609",
    "Group": "1416",
    "Subject": "Проектирование боевых кораблей",
    "InstructorName": "Калиничев Алексей Евгеньевич",
    "InstructorLink": ""
  }
]