[
  {
    "DayOfWeek": "Понедельник",
    "StartTime": "2024-03-04T14:00:00",
    "EndTime": "2024-03-04T15:30:00",
    "WeekType": "Обе недели",
    "Classroom": "У 191",
    "Group": "1474",
    "Subject": "Современные методы оптической металлографии",
    "InstructorName": "Лебедева Надежда Валерьевна",
    "InstructorLink": ""
  },
  {
    "DayOfWeek": "Понедельник",
    "StartTime": "2024-03-04T15:40:00",
    "EndTime": "2024-03-04T17:10:00",
    "WeekType": "Обе недели",
    "Classroom": "У 191",
    "Group": "1474",
    "Subject": "Современные методы оптической металлографии",
    "InstructorName": "Лебедева Надежда Валерьевна",
    "InstructorLink": ""
  },
  {
    "DayOfWeek": "Понедельник",
    "StartTime": "2024-03-04T17:20:00",
    "EndTime": "2024-03-04T18:50:00",
    "WeekType": "Верхняя неделя",
    "Classroom": "У 191",
    "Group": "1474",
    "Subject": "Неметаллические и композиционные материалы",
    "InstructorName": "Толочко Олег Викторович",
    "InstructorLink": ""
  },
  {
    "DayOfWeek": "Понедельник",
    "StartTime": "2024-03-04T17:20:00",
    "EndTime": "2024-03-04T18:50:00",
    "WeekType": "Нижняя неделя",
    "Classroom": "У 191",
    "Group": "1474",
    "Subject": "Современные методы оптической металлографии",
    "InstructorName": "Лебедева Надежда Валерьевна",
    "InstructorLink": ""
  },
  {
    "DayOfWeek": "Среда",
    "StartTime": "2024-03-04T15:40:00",
    "EndTime": "2024-03-04T17:10:00",
    "WeekType": "Обе недели",
    "Classroom": "У 191",
    "Group": "1474",
    "Subject": "Неметаллические и композиционные материалы",
    "InstructorName": "Толочко Олег Викторович",
    "InstructorLink": ""
  },
  {
    "DayOfWeek": "Среда",
    "StartTime": "2024-03-04T17:20:00",
    "EndTime": "2024-03-04T18:50:00",
    "WeekType": "Обе недели",
    "Classroom": "У 191",
    "Group": "1474",
    "Subject": "Неметаллические и композиционные материалы",
    "InstructorName": "Толочко Олег Викторович",
    "InstructorLink": ""
  },
  {
    "DayOfWeek": "Четверг",
    "StartTime": "2024-03-04T08:30:00",
    "EndTime": "2024-03-04T10:00:00",
    "WeekType": "Нижняя неделя",
    "Classroom": "У 245а",
    "Group": "1474",
    "Subject": "Неметаллические и композиционные материалы",
    "InstructorName": "Толочко Олег Викторович",
    "InstructorLink": ""
  },
  {
    "DayOfWeek": "Четверг",
    "StartTime": "2024-03-04T10:10:00",
    "EndTime": "2024-03-04T11:40:00",
    "WeekType": "Обе недели",
    "Classroom": "У 245а",
    "Group": "1474",
    "Subject": "Неметаллические и композиционные материалы",
    "InstructorName": "Толочко Олег Викторович",
    "InstructorLink": ""
  },
  {
    "DayOfWeek": "Четверг",
    "StartTime": "2024-03-04T11:50:00",
    "EndTime": "2024-03-04T13:20:00",
    "WeekType": "Обе недели",
    "Classroom": "У 245а",
    "Group": "1474",
    "Subject": "Неметаллические и композиционные материалы",
    "InstructorName": "Толочко Олег Викторович",
    "InstructorLink": ""
  }
]