[{
    "NameContact": "Епифанцев Игнат Романович",
    "Position": ["преподаватель кафедры"],
    "TaughtSubjects": ["Электротехника и электроника","Микропроцессорные системы",
    "Системы на кристалле и реконфигурируемые системы","Программное обеспечение мехатронных и робототехнических систем",
    "Средства связи в системах управления роботами"
    ], 
    "AcademicDegree": null,
    "TeachingExperience": "несколько лет",
    "Telephone": null,
    "Email": null,
    "TgLink": null,
    "ScheduleLink":null,
    "Information": "В 2017 году окончил с отличием БГТУ \"Военмех\" им. Д. Ф. Устинова, а в 2019 году с отличием окончил магистратуру в Университете ИТМО по специальности \"Мехатроника и робототехника\". В 2020 был принят ассистентом на кафедру киберфизических систем, в 2022 получил должность преподавателя кафедры. В 2023 году проходил стажировку в НИИ Механики МГУ. Как инженер лаборатории киберфизических систем и систем интернета вещей является участником программы развития Научного центра мирового уровня (НЦМУ) \"Передовые цифровые технологии\" 2020–2023 гг и программы развития СПбГМТУ в рамках реализации программы стратегического академического лидерства \"Приоритет2030\". Помимо этого, Епифанцев И.Р. регулярно принимает участие в международных конференциях, а его исследования были опубликованы в известных отечественных и зарубежных сборниках."
  }]