[{
  "NameContact": "Царева Полина Евгеньевна",
  "Position": ["ассистент кафедры","инженер"],
  "TaughtSubjects": ["Прикладная информатика","Теория игр","Электроматериаловедение","Техническая механика","Метрология и стандартизация","Метрология и измерительная техника"],
  "AcademicDegree": null,
  "TeachingExperience": "несколько лет",
  "Telephone": null,
  "Email": null,
  "TgLink": null,
  "ScheduleLink":null,
  "Information": "Окончила бакалавриат и магистратуру в СПбГМТУ по направлению \"Информатика и вычислительная техника\". С 2021 работает на кафедре киберфизических систем в качестве инженера и ассистента. В качестве научно-исследовательской деятельности участвует в международных конференциях, публикует статьи в российских и международных сборниках, а также является соисполнителем отчетов в программе развития Научного центра мирового уровня (НЦМУ) \"Передовые цифровые технологии\" и программе развития СПбГМТУ в рамках стратегического академического лидерства \"Приоритет2030\". Основное направление исследований – физически правдоподобное моделирование движения жидкости."
    }]